ISO-10303-21;
HEADER;
FILE_DESCRIPTION(('Open CASCADE Model'),'2;1');
FILE_NAME('Open CASCADE Shape Model','2026-09-22T08:53:03',('Author'),(
    'Open CASCADE'),'Open CASCADE STEP processor 7.9','Open CASCADE 7.9'
  ,'Unknown');
FILE_SCHEMA(('AUTOMOTIVE_DESIGN { 1 0 10303 214 1 1 1 1 }'));
ENDSEC;
DATA;
#1 = APPLICATION_PROTOCOL_DEFINITION('international standard',
  'automotive_design',2000,#2);
#2 = APPLICATION_CONTEXT(
  'core data for automotive mechanical design processes');
#3 = SHAPE_DEFINITION_REPRESENTATION(#4,#10);
#4 = PRODUCT_DEFINITION_SHAPE('','',#5);
#5 = PRODUCT_DEFINITION('design','',#6,#9);
#6 = PRODUCT_DEFINITION_FORMATION('','',#7);
#7 = PRODUCT('explosive_bolt_m20','explosive_bolt_m20','',(#8));
#8 = PRODUCT_CONTEXT('',#2,'mechanical');
#9 = PRODUCT_DEFINITION_CONTEXT('part definition',#2,'design');
#10 = ADVANCED_BREP_SHAPE_REPRESENTATION('',(#11,#15),#2415);
#11 = AXIS2_PLACEMENT_3D('',#12,#13,#14);
#12 = CARTESIAN_POINT('',(0.,0.,0.));
#13 = DIRECTION('',(0.,0.,1.));
#14 = DIRECTION('',(1.,0.,-0.));
#15 = MANIFOLD_SOLID_BREP('',#16);
#16 = CLOSED_SHELL('',(#17,#137,#218,#299,#439,#488,#542,#591,#727,#754,
    #803,#830,#885,#912,#939,#946,#1001,#1036,#1091,#1146,#1181,#1220,
    #1275,#1329,#1364,#1419,#1474,#1509,#1544,#1600,#1655,#1710,#1745,
    #1801,#1856,#1891,#1926,#1981,#2036,#2092,#2120,#2155,#2210,#2266,
    #2301,#2356,#2411));
#17 = ADVANCED_FACE('',(#18),#32,.F.);
#18 = FACE_BOUND('',#19,.F.);
#19 = EDGE_LOOP('',(#20,#55,#83,#111));
#20 = ORIENTED_EDGE('',*,*,#21,.T.);
#21 = EDGE_CURVE('',#22,#24,#26,.T.);
#22 = VERTEX_POINT('',#23);
#23 = CARTESIAN_POINT('',(19.629909152447,0.,20.));
#24 = VERTEX_POINT('',#25);
#25 = CARTESIAN_POINT('',(19.629909152447,-4.996003610813E-16,31.));
#26 = SURFACE_CURVE('',#27,(#31,#43),.PCURVE_S1.);
#27 = LINE('',#28,#29);
#28 = CARTESIAN_POINT('',(19.629909152447,0.,20.));
#29 = VECTOR('',#30,1.);
#30 = DIRECTION('',(0.,0.,1.));
#31 = PCURVE('',#32,#37);
#32 = PLANE('',#33);
#33 = AXIS2_PLACEMENT_3D('',#34,#35,#36);
#34 = CARTESIAN_POINT('',(19.629909152447,0.,20.));
#35 = DIRECTION('',(-0.866025403784,-0.5,0.));
#36 = DIRECTION('',(-0.5,0.866025403784,0.));
#37 = DEFINITIONAL_REPRESENTATION('',(#38),#42);
#38 = LINE('',#39,#40);
#39 = CARTESIAN_POINT('',(0.,0.));
#40 = VECTOR('',#41,1.);
#41 = DIRECTION('',(0.,-1.));
#42 = ( GEOMETRIC_REPRESENTATION_CONTEXT(2) 
PARAMETRIC_REPRESENTATION_CONTEXT() REPRESENTATION_CONTEXT('2D SPACE',''
  ) );
#43 = PCURVE('',#44,#49);
#44 = PLANE('',#45);
#45 = AXIS2_PLACEMENT_3D('',#46,#47,#48);
#46 = CARTESIAN_POINT('',(9.814954576224,-17.,20.));
#47 = DIRECTION('',(-0.866025403784,0.5,0.));
#48 = DIRECTION('',(0.5,0.866025403784,0.));
#49 = DEFINITIONAL_REPRESENTATION('',(#50),#54);
#50 = LINE('',#51,#52);
#51 = CARTESIAN_POINT('',(19.629909152447,0.));
#52 = VECTOR('',#53,1.);
#53 = DIRECTION('',(0.,-1.));
#54 = ( GEOMETRIC_REPRESENTATION_CONTEXT(2) 
PARAMETRIC_REPRESENTATION_CONTEXT() REPRESENTATION_CONTEXT('2D SPACE',''
  ) );
#55 = ORIENTED_EDGE('',*,*,#56,.T.);
#56 = EDGE_CURVE('',#24,#57,#59,.T.);
#57 = VERTEX_POINT('',#58);
#58 = CARTESIAN_POINT('',(9.814954576224,17.,31.));
#59 = SURFACE_CURVE('',#60,(#64,#71),.PCURVE_S1.);
#60 = LINE('',#61,#62);
#61 = CARTESIAN_POINT('',(19.629909152447,-1.132844637119E-15,31.));
#62 = VECTOR('',#63,1.);
#63 = DIRECTION('',(-0.5,0.866025403784,0.));
#64 = PCURVE('',#32,#65);
#65 = DEFINITIONAL_REPRESENTATION('',(#66),#70);
#66 = LINE('',#67,#68);
#67 = CARTESIAN_POINT('',(0.,-11.));
#68 = VECTOR('',#69,1.);
#69 = DIRECTION('',(1.,0.));
#70 = ( GEOMETRIC_REPRESENTATION_CONTEXT(2) 
PARAMETRIC_REPRESENTATION_CONTEXT() REPRESENTATION_CONTEXT('2D SPACE',''
  ) );
#71 = PCURVE('',#72,#77);
#72 = PLANE('',#73);
#73 = AXIS2_PLACEMENT_3D('',#74,#75,#76);
#74 = CARTESIAN_POINT('',(18.980390099609,-0.375,31.75));
#75 = DIRECTION('',(-0.612372435696,-0.353553390593,-0.707106781187));
#76 = DIRECTION('',(0.5,-0.866025403784,1.090844536468E-16));
#77 = DEFINITIONAL_REPRESENTATION('',(#78),#82);
#78 = LINE('',#79,#80);
#79 = CARTESIAN_POINT('',(-0.,-1.06066017178));
#80 = VECTOR('',#81,1.);
#81 = DIRECTION('',(-1.,0.));
#82 = ( GEOMETRIC_REPRESENTATION_CONTEXT(2) 
PARAMETRIC_REPRESENTATION_CONTEXT() REPRESENTATION_CONTEXT('2D SPACE',''
  ) );
#83 = ORIENTED_EDGE('',*,*,#84,.F.);
#84 = EDGE_CURVE('',#85,#57,#87,.T.);
#85 = VERTEX_POINT('',#86);
#86 = CARTESIAN_POINT('',(9.814954576224,17.,20.));
#87 = SURFACE_CURVE('',#88,(#92,#99),.PCURVE_S1.);
#88 = LINE('',#89,#90);
#89 = CARTESIAN_POINT('',(9.814954576224,17.,20.));
#90 = VECTOR('',#91,1.);
#91 = DIRECTION('',(0.,0.,1.));
#92 = PCURVE('',#32,#93);
#93 = DEFINITIONAL_REPRESENTATION('',(#94),#98);
#94 = LINE('',#95,#96);
#95 = CARTESIAN_POINT('',(19.629909152447,0.));
#96 = VECTOR('',#97,1.);
#97 = DIRECTION('',(0.,-1.));
#98 = ( GEOMETRIC_REPRESENTATION_CONTEXT(2) 
PARAMETRIC_REPRESENTATION_CONTEXT() REPRESENTATION_CONTEXT('2D SPACE',''
  ) );
#99 = PCURVE('',#100,#105);
#100 = PLANE('',#101);
#101 = AXIS2_PLACEMENT_3D('',#102,#103,#104);
#102 = CARTESIAN_POINT('',(9.814954576224,17.,20.));
#103 = DIRECTION('',(0.,-1.,0.));
#104 = DIRECTION('',(-1.,0.,0.));
#105 = DEFINITIONAL_REPRESENTATION('',(#106),#110);
#106 = LINE('',#107,#108);
#107 = CARTESIAN_POINT('',(0.,-0.));
#108 = VECTOR('',#109,1.);
#109 = DIRECTION('',(0.,-1.));
#110 = ( GEOMETRIC_REPRESENTATION_CONTEXT(2) 
PARAMETRIC_REPRESENTATION_CONTEXT() REPRESENTATION_CONTEXT('2D SPACE',''
  ) );
#111 = ORIENTED_EDGE('',*,*,#112,.F.);
#112 = EDGE_CURVE('',#22,#85,#113,.T.);
#113 = SURFACE_CURVE('',#114,(#118,#125),.PCURVE_S1.);
#114 = LINE('',#115,#116);
#115 = CARTESIAN_POINT('',(19.629909152447,0.,20.));
#116 = VECTOR('',#117,1.);
#117 = DIRECTION('',(-0.5,0.866025403784,0.));
#118 = PCURVE('',#32,#119);
#119 = DEFINITIONAL_REPRESENTATION('',(#120),#124);
#120 = LINE('',#121,#122);
#121 = CARTESIAN_POINT('',(0.,0.));
#122 = VECTOR('',#123,1.);
#123 = DIRECTION('',(1.,0.));
#124 = ( GEOMETRIC_REPRESENTATION_CONTEXT(2) 
PARAMETRIC_REPRESENTATION_CONTEXT() REPRESENTATION_CONTEXT('2D SPACE',''
  ) );
#125 = PCURVE('',#126,#131);
#126 = PLANE('',#127);
#127 = AXIS2_PLACEMENT_3D('',#128,#129,#130);
#128 = CARTESIAN_POINT('',(0.,3.228683703721E-16,20.));
#129 = DIRECTION('',(0.,0.,1.));
#130 = DIRECTION('',(1.,0.,0.));
#131 = DEFINITIONAL_REPRESENTATION('',(#132),#136);
#132 = LINE('',#133,#134);
#133 = CARTESIAN_POINT('',(19.629909152447,-3.228683703721E-16));
#134 = VECTOR('',#135,1.);
#135 = DIRECTION('',(-0.5,0.866025403784));
#136 = ( GEOMETRIC_REPRESENTATION_CONTEXT(2) 
PARAMETRIC_REPRESENTATION_CONTEXT() REPRESENTATION_CONTEXT('2D SPACE',''
  ) );
#137 = ADVANCED_FACE('',(#138),#44,.F.);
#138 = FACE_BOUND('',#139,.F.);
#139 = EDGE_LOOP('',(#140,#170,#196,#197));
#140 = ORIENTED_EDGE('',*,*,#141,.T.);
#141 = EDGE_CURVE('',#142,#144,#146,.T.);
#142 = VERTEX_POINT('',#143);
#143 = CARTESIAN_POINT('',(9.814954576224,-17.,20.));
#144 = VERTEX_POINT('',#145);
#145 = CARTESIAN_POINT('',(9.814954576224,-17.,31.));
#146 = SURFACE_CURVE('',#147,(#151,#158),.PCURVE_S1.);
#147 = LINE('',#148,#149);
#148 = CARTESIAN_POINT('',(9.814954576224,-17.,20.));
#149 = VECTOR('',#150,1.);
#150 = DIRECTION('',(0.,0.,1.));
#151 = PCURVE('',#44,#152);
#152 = DEFINITIONAL_REPRESENTATION('',(#153),#157);
#153 = LINE('',#154,#155);
#154 = CARTESIAN_POINT('',(0.,0.));
#155 = VECTOR('',#156,1.);
#156 = DIRECTION('',(0.,-1.));
#157 = ( GEOMETRIC_REPRESENTATION_CONTEXT(2) 
PARAMETRIC_REPRESENTATION_CONTEXT() REPRESENTATION_CONTEXT('2D SPACE',''
  ) );
#158 = PCURVE('',#159,#164);
#159 = PLANE('',#160);
#160 = AXIS2_PLACEMENT_3D('',#161,#162,#163);
#161 = CARTESIAN_POINT('',(-9.814954576224,-17.,20.));
#162 = DIRECTION('',(3.619694468487E-16,1.,0.));
#163 = DIRECTION('',(1.,-3.619694468487E-16,0.));
#164 = DEFINITIONAL_REPRESENTATION('',(#165),#169);
#165 = LINE('',#166,#167);
#166 = CARTESIAN_POINT('',(19.629909152447,0.));
#167 = VECTOR('',#168,1.);
#168 = DIRECTION('',(0.,-1.));
#169 = ( GEOMETRIC_REPRESENTATION_CONTEXT(2) 
PARAMETRIC_REPRESENTATION_CONTEXT() REPRESENTATION_CONTEXT('2D SPACE',''
  ) );
#170 = ORIENTED_EDGE('',*,*,#171,.T.);
#171 = EDGE_CURVE('',#144,#24,#172,.T.);
#172 = SURFACE_CURVE('',#173,(#177,#184),.PCURVE_S1.);
#173 = LINE('',#174,#175);
#174 = CARTESIAN_POINT('',(9.814954576224,-17.,31.));
#175 = VECTOR('',#176,1.);
#176 = DIRECTION('',(0.5,0.866025403784,0.));
#177 = PCURVE('',#44,#178);
#178 = DEFINITIONAL_REPRESENTATION('',(#179),#183);
#179 = LINE('',#180,#181);
#180 = CARTESIAN_POINT('',(0.,-11.));
#181 = VECTOR('',#182,1.);
#182 = DIRECTION('',(1.,0.));
#183 = ( GEOMETRIC_REPRESENTATION_CONTEXT(2) 
PARAMETRIC_REPRESENTATION_CONTEXT() REPRESENTATION_CONTEXT('2D SPACE',''
  ) );
#184 = PCURVE('',#185,#190);
#185 = PLANE('',#186);
#186 = AXIS2_PLACEMENT_3D('',#187,#188,#189);
#187 = CARTESIAN_POINT('',(9.165435523385,-16.625,31.75));
#188 = DIRECTION('',(-0.612372435696,0.353553390593,-0.707106781187));
#189 = DIRECTION('',(-0.5,-0.866025403784,1.182189638575E-16));
#190 = DEFINITIONAL_REPRESENTATION('',(#191),#195);
#191 = LINE('',#192,#193);
#192 = CARTESIAN_POINT('',(-0.,-1.06066017178));
#193 = VECTOR('',#194,1.);
#194 = DIRECTION('',(-1.,0.));
#195 = ( GEOMETRIC_REPRESENTATION_CONTEXT(2) 
PARAMETRIC_REPRESENTATION_CONTEXT() REPRESENTATION_CONTEXT('2D SPACE',''
  ) );
#196 = ORIENTED_EDGE('',*,*,#21,.F.);
#197 = ORIENTED_EDGE('',*,*,#198,.F.);
#198 = EDGE_CURVE('',#142,#22,#199,.T.);
#199 = SURFACE_CURVE('',#200,(#204,#211),.PCURVE_S1.);
#200 = LINE('',#201,#202);
#201 = CARTESIAN_POINT('',(9.814954576224,-17.,20.));
#202 = VECTOR('',#203,1.);
#203 = DIRECTION('',(0.5,0.866025403784,0.));
#204 = PCURVE('',#44,#205);
#205 = DEFINITIONAL_REPRESENTATION('',(#206),#210);
#206 = LINE('',#207,#208);
#207 = CARTESIAN_POINT('',(0.,0.));
#208 = VECTOR('',#209,1.);
#209 = DIRECTION('',(1.,0.));
#210 = ( GEOMETRIC_REPRESENTATION_CONTEXT(2) 
PARAMETRIC_REPRESENTATION_CONTEXT() REPRESENTATION_CONTEXT('2D SPACE',''
  ) );
#211 = PCURVE('',#126,#212);
#212 = DEFINITIONAL_REPRESENTATION('',(#213),#217);
#213 = LINE('',#214,#215);
#214 = CARTESIAN_POINT('',(9.814954576224,-17.));
#215 = VECTOR('',#216,1.);
#216 = DIRECTION('',(0.5,0.866025403784));
#217 = ( GEOMETRIC_REPRESENTATION_CONTEXT(2) 
PARAMETRIC_REPRESENTATION_CONTEXT() REPRESENTATION_CONTEXT('2D SPACE',''
  ) );
#218 = ADVANCED_FACE('',(#219),#72,.F.);
#219 = FACE_BOUND('',#220,.T.);
#220 = EDGE_LOOP('',(#221,#244,#245,#273));
#221 = ORIENTED_EDGE('',*,*,#222,.F.);
#222 = EDGE_CURVE('',#24,#223,#225,.T.);
#223 = VERTEX_POINT('',#224);
#224 = CARTESIAN_POINT('',(17.897858344878,-1.110223024625E-15,32.5));
#225 = SURFACE_CURVE('',#226,(#230,#237),.PCURVE_S1.);
#226 = LINE('',#227,#228);
#227 = CARTESIAN_POINT('',(16.083328927425,-3.729284379075E-15,
    34.071428571429));
#228 = VECTOR('',#229,1.);
#229 = DIRECTION('',(-0.755928946018,-2.273340169384E-16,0.654653670708)
  );
#230 = PCURVE('',#72,#231);
#231 = DEFINITIONAL_REPRESENTATION('',(#232),#236);
#232 = LINE('',#233,#234);
#233 = CARTESIAN_POINT('',(-1.773290112511,3.282995769795));
#234 = VECTOR('',#235,1.);
#235 = DIRECTION('',(-0.377964473009,0.925820099773));
#236 = ( GEOMETRIC_REPRESENTATION_CONTEXT(2) 
PARAMETRIC_REPRESENTATION_CONTEXT() REPRESENTATION_CONTEXT('2D SPACE',''
  ) );
#237 = PCURVE('',#185,#238);
#238 = DEFINITIONAL_REPRESENTATION('',(#239),#243);
#239 = LINE('',#240,#241);
#240 = CARTESIAN_POINT('',(-17.85661903993,3.282995769795));
#241 = VECTOR('',#242,1.);
#242 = DIRECTION('',(0.377964473009,0.925820099773));
#243 = ( GEOMETRIC_REPRESENTATION_CONTEXT(2) 
PARAMETRIC_REPRESENTATION_CONTEXT() REPRESENTATION_CONTEXT('2D SPACE',''
  ) );
#244 = ORIENTED_EDGE('',*,*,#56,.T.);
#245 = ORIENTED_EDGE('',*,*,#246,.T.);
#246 = EDGE_CURVE('',#57,#247,#249,.T.);
#247 = VERTEX_POINT('',#248);
#248 = CARTESIAN_POINT('',(8.948929172439,15.5,32.5));
#249 = SURFACE_CURVE('',#250,(#254,#261),.PCURVE_S1.);
#250 = LINE('',#251,#252);
#251 = CARTESIAN_POINT('',(8.041664463713,13.928571428571,
    34.071428571429));
#252 = VECTOR('',#253,1.);
#253 = DIRECTION('',(-0.377964473009,-0.654653670708,0.654653670708));
#254 = PCURVE('',#72,#255);
#255 = DEFINITIONAL_REPRESENTATION('',(#256),#260);
#256 = LINE('',#257,#258);
#257 = CARTESIAN_POINT('',(-17.85661903993,3.282995769795));
#258 = VECTOR('',#259,1.);
#259 = DIRECTION('',(0.377964473009,0.925820099773));
#260 = ( GEOMETRIC_REPRESENTATION_CONTEXT(2) 
PARAMETRIC_REPRESENTATION_CONTEXT() REPRESENTATION_CONTEXT('2D SPACE',''
  ) );
#261 = PCURVE('',#262,#267);
#262 = PLANE('',#263);
#263 = AXIS2_PLACEMENT_3D('',#264,#265,#266);
#264 = CARTESIAN_POINT('',(9.814954576224,16.25,31.75));
#265 = DIRECTION('',(-6.303869705843E-18,-0.707106781187,-0.707106781187
    ));
#266 = DIRECTION('',(1.,-4.457509016718E-18,-4.457509016718E-18));
#267 = DEFINITIONAL_REPRESENTATION('',(#268),#272);
#268 = LINE('',#269,#270);
#269 = CARTESIAN_POINT('',(-1.773290112511,3.282995769795));
#270 = VECTOR('',#271,1.);
#271 = DIRECTION('',(-0.377964473009,0.925820099773));
#272 = ( GEOMETRIC_REPRESENTATION_CONTEXT(2) 
PARAMETRIC_REPRESENTATION_CONTEXT() REPRESENTATION_CONTEXT('2D SPACE',''
  ) );
#273 = ORIENTED_EDGE('',*,*,#274,.F.);
#274 = EDGE_CURVE('',#223,#247,#275,.T.);
#275 = SURFACE_CURVE('',#276,(#280,#287),.PCURVE_S1.);
#276 = LINE('',#277,#278);
#277 = CARTESIAN_POINT('',(18.330871046771,-0.75,32.5));
#278 = VECTOR('',#279,1.);
#279 = DIRECTION('',(-0.5,0.866025403784,0.));
#280 = PCURVE('',#72,#281);
#281 = DEFINITIONAL_REPRESENTATION('',(#282),#286);
#282 = LINE('',#283,#284);
#283 = CARTESIAN_POINT('',(-0.,1.06066017178));
#284 = VECTOR('',#285,1.);
#285 = DIRECTION('',(-1.,0.));
#286 = ( GEOMETRIC_REPRESENTATION_CONTEXT(2) 
PARAMETRIC_REPRESENTATION_CONTEXT() REPRESENTATION_CONTEXT('2D SPACE',''
  ) );
#287 = PCURVE('',#288,#293);
#288 = PLANE('',#289);
#289 = AXIS2_PLACEMENT_3D('',#290,#291,#292);
#290 = CARTESIAN_POINT('',(0.,3.228683703721E-16,32.5));
#291 = DIRECTION('',(0.,0.,1.));
#292 = DIRECTION('',(1.,0.,0.));
#293 = DEFINITIONAL_REPRESENTATION('',(#294),#298);
#294 = LINE('',#295,#296);
#295 = CARTESIAN_POINT('',(18.330871046771,-0.75));
#296 = VECTOR('',#297,1.);
#297 = DIRECTION('',(-0.5,0.866025403784));
#298 = ( GEOMETRIC_REPRESENTATION_CONTEXT(2) 
PARAMETRIC_REPRESENTATION_CONTEXT() REPRESENTATION_CONTEXT('2D SPACE',''
  ) );
#299 = ADVANCED_FACE('',(#300,#404),#126,.F.);
#300 = FACE_BOUND('',#301,.F.);
#301 = EDGE_LOOP('',(#302,#303,#326,#354,#382,#403));
#302 = ORIENTED_EDGE('',*,*,#112,.T.);
#303 = ORIENTED_EDGE('',*,*,#304,.T.);
#304 = EDGE_CURVE('',#85,#305,#307,.T.);
#305 = VERTEX_POINT('',#306);
#306 = CARTESIAN_POINT('',(-9.814954576224,17.,20.));
#307 = SURFACE_CURVE('',#308,(#312,#319),.PCURVE_S1.);
#308 = LINE('',#309,#310);
#309 = CARTESIAN_POINT('',(9.814954576224,17.,20.));
#310 = VECTOR('',#311,1.);
#311 = DIRECTION('',(-1.,0.,0.));
#312 = PCURVE('',#126,#313);
#313 = DEFINITIONAL_REPRESENTATION('',(#314),#318);
#314 = LINE('',#315,#316);
#315 = CARTESIAN_POINT('',(9.814954576224,17.));
#316 = VECTOR('',#317,1.);
#317 = DIRECTION('',(-1.,0.));
#318 = ( GEOMETRIC_REPRESENTATION_CONTEXT(2) 
PARAMETRIC_REPRESENTATION_CONTEXT() REPRESENTATION_CONTEXT('2D SPACE',''
  ) );
#319 = PCURVE('',#100,#320);
#320 = DEFINITIONAL_REPRESENTATION('',(#321),#325);
#321 = LINE('',#322,#323);
#322 = CARTESIAN_POINT('',(0.,-0.));
#323 = VECTOR('',#324,1.);
#324 = DIRECTION('',(1.,0.));
#325 = ( GEOMETRIC_REPRESENTATION_CONTEXT(2) 
PARAMETRIC_REPRESENTATION_CONTEXT() REPRESENTATION_CONTEXT('2D SPACE',''
  ) );
#326 = ORIENTED_EDGE('',*,*,#327,.T.);
#327 = EDGE_CURVE('',#305,#328,#330,.T.);
#328 = VERTEX_POINT('',#329);
#329 = CARTESIAN_POINT('',(-19.62990915244,2.40397054111E-15,20.));
#330 = SURFACE_CURVE('',#331,(#335,#342),.PCURVE_S1.);
#331 = LINE('',#332,#333);
#332 = CARTESIAN_POINT('',(-9.814954576224,17.,20.));
#333 = VECTOR('',#334,1.);
#334 = DIRECTION('',(-0.5,-0.866025403784,0.));
#335 = PCURVE('',#126,#336);
#336 = DEFINITIONAL_REPRESENTATION('',(#337),#341);
#337 = LINE('',#338,#339);
#338 = CARTESIAN_POINT('',(-9.814954576224,17.));
#339 = VECTOR('',#340,1.);
#340 = DIRECTION('',(-0.5,-0.866025403784));
#341 = ( GEOMETRIC_REPRESENTATION_CONTEXT(2) 
PARAMETRIC_REPRESENTATION_CONTEXT() REPRESENTATION_CONTEXT('2D SPACE',''
  ) );
#342 = PCURVE('',#343,#348);
#343 = PLANE('',#344);
#344 = AXIS2_PLACEMENT_3D('',#345,#346,#347);
#345 = CARTESIAN_POINT('',(-9.814954576224,17.,20.));
#346 = DIRECTION('',(0.866025403784,-0.5,0.));
#347 = DIRECTION('',(-0.5,-0.866025403784,0.));
#348 = DEFINITIONAL_REPRESENTATION('',(#349),#353);
#349 = LINE('',#350,#351);
#350 = CARTESIAN_POINT('',(0.,0.));
#351 = VECTOR('',#352,1.);
#352 = DIRECTION('',(1.,0.));
#353 = ( GEOMETRIC_REPRESENTATION_CONTEXT(2) 
PARAMETRIC_REPRESENTATION_CONTEXT() REPRESENTATION_CONTEXT('2D SPACE',''
  ) );
#354 = ORIENTED_EDGE('',*,*,#355,.T.);
#355 = EDGE_CURVE('',#328,#356,#358,.T.);
#356 = VERTEX_POINT('',#357);
#357 = CARTESIAN_POINT('',(-9.814954576224,-17.,20.));
#358 = SURFACE_CURVE('',#359,(#363,#370),.PCURVE_S1.);
#359 = LINE('',#360,#361);
#360 = CARTESIAN_POINT('',(-19.62990915244,2.40397054111E-15,20.));
#361 = VECTOR('',#362,1.);
#362 = DIRECTION('',(0.5,-0.866025403784,0.));
#363 = PCURVE('',#126,#364);
#364 = DEFINITIONAL_REPRESENTATION('',(#365),#369);
#365 = LINE('',#366,#367);
#366 = CARTESIAN_POINT('',(-19.62990915244,2.081102170738E-15));
#367 = VECTOR('',#368,1.);
#368 = DIRECTION('',(0.5,-0.866025403784));
#369 = ( GEOMETRIC_REPRESENTATION_CONTEXT(2) 
PARAMETRIC_REPRESENTATION_CONTEXT() REPRESENTATION_CONTEXT('2D SPACE',''
  ) );
#370 = PCURVE('',#371,#376);
#371 = PLANE('',#372);
#372 = AXIS2_PLACEMENT_3D('',#373,#374,#375);
#373 = CARTESIAN_POINT('',(-19.62990915244,2.40397054111E-15,20.));
#374 = DIRECTION('',(0.866025403784,0.5,0.));
#375 = DIRECTION('',(0.5,-0.866025403784,0.));
#376 = DEFINITIONAL_REPRESENTATION('',(#377),#381);
#377 = LINE('',#378,#379);
#378 = CARTESIAN_POINT('',(0.,0.));
#379 = VECTOR('',#380,1.);
#380 = DIRECTION('',(1.,0.));
#381 = ( GEOMETRIC_REPRESENTATION_CONTEXT(2) 
PARAMETRIC_REPRESENTATION_CONTEXT() REPRESENTATION_CONTEXT('2D SPACE',''
  ) );
#382 = ORIENTED_EDGE('',*,*,#383,.T.);
#383 = EDGE_CURVE('',#356,#142,#384,.T.);
#384 = SURFACE_CURVE('',#385,(#389,#396),.PCURVE_S1.);
#385 = LINE('',#386,#387);
#386 = CARTESIAN_POINT('',(-9.814954576224,-17.,20.));
#387 = VECTOR('',#388,1.);
#388 = DIRECTION('',(1.,-3.619694468487E-16,0.));
#389 = PCURVE('',#126,#390);
#390 = DEFINITIONAL_REPRESENTATION('',(#391),#395);
#391 = LINE('',#392,#393);
#392 = CARTESIAN_POINT('',(-9.814954576224,-17.));
#393 = VECTOR('',#394,1.);
#394 = DIRECTION('',(1.,-3.619694468487E-16));
#395 = ( GEOMETRIC_REPRESENTATION_CONTEXT(2) 
PARAMETRIC_REPRESENTATION_CONTEXT() REPRESENTATION_CONTEXT('2D SPACE',''
  ) );
#396 = PCURVE('',#159,#397);
#397 = DEFINITIONAL_REPRESENTATION('',(#398),#402);
#398 = LINE('',#399,#400);
#399 = CARTESIAN_POINT('',(0.,0.));
#400 = VECTOR('',#401,1.);
#401 = DIRECTION('',(1.,0.));
#402 = ( GEOMETRIC_REPRESENTATION_CONTEXT(2) 
PARAMETRIC_REPRESENTATION_CONTEXT() REPRESENTATION_CONTEXT('2D SPACE',''
  ) );
#403 = ORIENTED_EDGE('',*,*,#198,.T.);
#404 = FACE_BOUND('',#405,.F.);
#405 = EDGE_LOOP('',(#406));
#406 = ORIENTED_EDGE('',*,*,#407,.T.);
#407 = EDGE_CURVE('',#408,#408,#410,.T.);
#408 = VERTEX_POINT('',#409);
#409 = CARTESIAN_POINT('',(14.35,0.,20.));
#410 = SURFACE_CURVE('',#411,(#416,#427),.PCURVE_S1.);
#411 = CIRCLE('',#412,14.35);
#412 = AXIS2_PLACEMENT_3D('',#413,#414,#415);
#413 = CARTESIAN_POINT('',(0.,0.,20.));
#414 = DIRECTION('',(0.,0.,-1.));
#415 = DIRECTION('',(1.,0.,0.));
#416 = PCURVE('',#126,#417);
#417 = DEFINITIONAL_REPRESENTATION('',(#418),#426);
#418 = ( BOUNDED_CURVE() B_SPLINE_CURVE(2,(#419,#420,#421,#422,#423,#424
,#425),.UNSPECIFIED.,.T.,.F.) B_SPLINE_CURVE_WITH_KNOTS((1,2,2,2,2,1),(
    -2.094395102393,0.,2.094395102393,4.188790204786,6.28318530718,
8.377580409573),.UNSPECIFIED.) CURVE() GEOMETRIC_REPRESENTATION_ITEM() 
RATIONAL_B_SPLINE_CURVE((1.,0.5,1.,0.5,1.,0.5,1.)) REPRESENTATION_ITEM(
  '') );
#419 = CARTESIAN_POINT('',(14.35,-3.228683703721E-16));
#420 = CARTESIAN_POINT('',(14.35,-24.85492908861));
#421 = CARTESIAN_POINT('',(-7.175,-12.4274645443));
#422 = CARTESIAN_POINT('',(-28.7,-3.837604683925E-15));
#423 = CARTESIAN_POINT('',(-7.175,12.427464544307));
#424 = CARTESIAN_POINT('',(14.35,24.854929088613));
#425 = CARTESIAN_POINT('',(14.35,-3.228683703721E-16));
#426 = ( GEOMETRIC_REPRESENTATION_CONTEXT(2) 
PARAMETRIC_REPRESENTATION_CONTEXT() REPRESENTATION_CONTEXT('2D SPACE',''
  ) );
#427 = PCURVE('',#428,#433);
#428 = CYLINDRICAL_SURFACE('',#429,14.35);
#429 = AXIS2_PLACEMENT_3D('',#430,#431,#432);
#430 = CARTESIAN_POINT('',(0.,0.,21.45));
#431 = DIRECTION('',(-0.,-0.,-1.));
#432 = DIRECTION('',(1.,0.,0.));
#433 = DEFINITIONAL_REPRESENTATION('',(#434),#438);
#434 = LINE('',#435,#436);
#435 = CARTESIAN_POINT('',(-6.28318530718,1.45));
#436 = VECTOR('',#437,1.);
#437 = DIRECTION('',(1.,-0.));
#438 = ( GEOMETRIC_REPRESENTATION_CONTEXT(2) 
PARAMETRIC_REPRESENTATION_CONTEXT() REPRESENTATION_CONTEXT('2D SPACE',''
  ) );
#439 = ADVANCED_FACE('',(#440),#100,.F.);
#440 = FACE_BOUND('',#441,.F.);
#441 = EDGE_LOOP('',(#442,#443,#466,#487));
#442 = ORIENTED_EDGE('',*,*,#84,.T.);
#443 = ORIENTED_EDGE('',*,*,#444,.T.);
#444 = EDGE_CURVE('',#57,#445,#447,.T.);
#445 = VERTEX_POINT('',#446);
#446 = CARTESIAN_POINT('',(-9.814954576224,17.,31.));
#447 = SURFACE_CURVE('',#448,(#452,#459),.PCURVE_S1.);
#448 = LINE('',#449,#450);
#449 = CARTESIAN_POINT('',(9.814954576224,17.,31.));
#450 = VECTOR('',#451,1.);
#451 = DIRECTION('',(-1.,0.,0.));
#452 = PCURVE('',#100,#453);
#453 = DEFINITIONAL_REPRESENTATION('',(#454),#458);
#454 = LINE('',#455,#456);
#455 = CARTESIAN_POINT('',(0.,-11.));
#456 = VECTOR('',#457,1.);
#457 = DIRECTION('',(1.,0.));
#458 = ( GEOMETRIC_REPRESENTATION_CONTEXT(2) 
PARAMETRIC_REPRESENTATION_CONTEXT() REPRESENTATION_CONTEXT('2D SPACE',''
  ) );
#459 = PCURVE('',#262,#460);
#460 = DEFINITIONAL_REPRESENTATION('',(#461),#465);
#461 = LINE('',#462,#463);
#462 = CARTESIAN_POINT('',(-0.,-1.06066017178));
#463 = VECTOR('',#464,1.);
#464 = DIRECTION('',(-1.,0.));
#465 = ( GEOMETRIC_REPRESENTATION_CONTEXT(2) 
PARAMETRIC_REPRESENTATION_CONTEXT() REPRESENTATION_CONTEXT('2D SPACE',''
  ) );
#466 = ORIENTED_EDGE('',*,*,#467,.F.);
#467 = EDGE_CURVE('',#305,#445,#468,.T.);
#468 = SURFACE_CURVE('',#469,(#473,#480),.PCURVE_S1.);
#469 = LINE('',#470,#471);
#470 = CARTESIAN_POINT('',(-9.814954576224,17.,20.));
#471 = VECTOR('',#472,1.);
#472 = DIRECTION('',(0.,0.,1.));
#473 = PCURVE('',#100,#474);
#474 = DEFINITIONAL_REPRESENTATION('',(#475),#479);
#475 = LINE('',#476,#477);
#476 = CARTESIAN_POINT('',(19.629909152447,0.));
#477 = VECTOR('',#478,1.);
#478 = DIRECTION('',(0.,-1.));
#479 = ( GEOMETRIC_REPRESENTATION_CONTEXT(2) 
PARAMETRIC_REPRESENTATION_CONTEXT() REPRESENTATION_CONTEXT('2D SPACE',''
  ) );
#480 = PCURVE('',#343,#481);
#481 = DEFINITIONAL_REPRESENTATION('',(#482),#486);
#482 = LINE('',#483,#484);
#483 = CARTESIAN_POINT('',(0.,0.));
#484 = VECTOR('',#485,1.);
#485 = DIRECTION('',(0.,-1.));
#486 = ( GEOMETRIC_REPRESENTATION_CONTEXT(2) 
PARAMETRIC_REPRESENTATION_CONTEXT() REPRESENTATION_CONTEXT('2D SPACE',''
  ) );
#487 = ORIENTED_EDGE('',*,*,#304,.F.);
#488 = ADVANCED_FACE('',(#489),#159,.F.);
#489 = FACE_BOUND('',#490,.F.);
#490 = EDGE_LOOP('',(#491,#514,#540,#541));
#491 = ORIENTED_EDGE('',*,*,#492,.T.);
#492 = EDGE_CURVE('',#356,#493,#495,.T.);
#493 = VERTEX_POINT('',#494);
#494 = CARTESIAN_POINT('',(-9.814954576224,-17.,31.));
#495 = SURFACE_CURVE('',#496,(#500,#507),.PCURVE_S1.);
#496 = LINE('',#497,#498);
#497 = CARTESIAN_POINT('',(-9.814954576224,-17.,20.));
#498 = VECTOR('',#499,1.);
#499 = DIRECTION('',(0.,0.,1.));
#500 = PCURVE('',#159,#501);
#501 = DEFINITIONAL_REPRESENTATION('',(#502),#506);
#502 = LINE('',#503,#504);
#503 = CARTESIAN_POINT('',(0.,0.));
#504 = VECTOR('',#505,1.);
#505 = DIRECTION('',(0.,-1.));
#506 = ( GEOMETRIC_REPRESENTATION_CONTEXT(2) 
PARAMETRIC_REPRESENTATION_CONTEXT() REPRESENTATION_CONTEXT('2D SPACE',''
  ) );
#507 = PCURVE('',#371,#508);
#508 = DEFINITIONAL_REPRESENTATION('',(#509),#513);
#509 = LINE('',#510,#511);
#510 = CARTESIAN_POINT('',(19.629909152447,0.));
#511 = VECTOR('',#512,1.);
#512 = DIRECTION('',(0.,-1.));
#513 = ( GEOMETRIC_REPRESENTATION_CONTEXT(2) 
PARAMETRIC_REPRESENTATION_CONTEXT() REPRESENTATION_CONTEXT('2D SPACE',''
  ) );
#514 = ORIENTED_EDGE('',*,*,#515,.T.);
#515 = EDGE_CURVE('',#493,#144,#516,.T.);
#516 = SURFACE_CURVE('',#517,(#521,#528),.PCURVE_S1.);
#517 = LINE('',#518,#519);
#518 = CARTESIAN_POINT('',(-9.814954576224,-17.,31.));
#519 = VECTOR('',#520,1.);
#520 = DIRECTION('',(1.,-3.619694468487E-16,0.));
#521 = PCURVE('',#159,#522);
#522 = DEFINITIONAL_REPRESENTATION('',(#523),#527);
#523 = LINE('',#524,#525);
#524 = CARTESIAN_POINT('',(0.,-11.));
#525 = VECTOR('',#526,1.);
#526 = DIRECTION('',(1.,0.));
#527 = ( GEOMETRIC_REPRESENTATION_CONTEXT(2) 
PARAMETRIC_REPRESENTATION_CONTEXT() REPRESENTATION_CONTEXT('2D SPACE',''
  ) );
#528 = PCURVE('',#529,#534);
#529 = PLANE('',#530);
#530 = AXIS2_PLACEMENT_3D('',#531,#532,#533);
#531 = CARTESIAN_POINT('',(-9.814954576224,-16.25,31.75));
#532 = DIRECTION('',(2.474761054327E-16,0.707106781187,-0.707106781187)
  );
#533 = DIRECTION('',(-1.,3.559767557574E-16,5.992691091271E-18));
#534 = DEFINITIONAL_REPRESENTATION('',(#535),#539);
#535 = LINE('',#536,#537);
#536 = CARTESIAN_POINT('',(-0.,-1.06066017178));
#537 = VECTOR('',#538,1.);
#538 = DIRECTION('',(-1.,0.));
#539 = ( GEOMETRIC_REPRESENTATION_CONTEXT(2) 
PARAMETRIC_REPRESENTATION_CONTEXT() REPRESENTATION_CONTEXT('2D SPACE',''
  ) );
#540 = ORIENTED_EDGE('',*,*,#141,.F.);
#541 = ORIENTED_EDGE('',*,*,#383,.F.);
#542 = ADVANCED_FACE('',(#543),#185,.F.);
#543 = FACE_BOUND('',#544,.T.);
#544 = EDGE_LOOP('',(#545,#568,#569,#570));
#545 = ORIENTED_EDGE('',*,*,#546,.F.);
#546 = EDGE_CURVE('',#144,#547,#549,.T.);
#547 = VERTEX_POINT('',#548);
#548 = CARTESIAN_POINT('',(8.948929172439,-15.5,32.5));
#549 = SURFACE_CURVE('',#550,(#554,#561),.PCURVE_S1.);
#550 = LINE('',#551,#552);
#551 = CARTESIAN_POINT('',(8.041664463713,-13.92857142857,
    34.071428571429));
#552 = VECTOR('',#553,1.);
#553 = DIRECTION('',(-0.377964473009,0.654653670708,0.654653670708));
#554 = PCURVE('',#185,#555);
#555 = DEFINITIONAL_REPRESENTATION('',(#556),#560);
#556 = LINE('',#557,#558);
#557 = CARTESIAN_POINT('',(-1.773290112511,3.282995769795));
#558 = VECTOR('',#559,1.);
#559 = DIRECTION('',(-0.377964473009,0.925820099773));
#560 = ( GEOMETRIC_REPRESENTATION_CONTEXT(2) 
PARAMETRIC_REPRESENTATION_CONTEXT() REPRESENTATION_CONTEXT('2D SPACE',''
  ) );
#561 = PCURVE('',#529,#562);
#562 = DEFINITIONAL_REPRESENTATION('',(#563),#567);
#563 = LINE('',#564,#565);
#564 = CARTESIAN_POINT('',(-17.85661903993,3.282995769795));
#565 = VECTOR('',#566,1.);
#566 = DIRECTION('',(0.377964473009,0.925820099773));
#567 = ( GEOMETRIC_REPRESENTATION_CONTEXT(2) 
PARAMETRIC_REPRESENTATION_CONTEXT() REPRESENTATION_CONTEXT('2D SPACE',''
  ) );
#568 = ORIENTED_EDGE('',*,*,#171,.T.);
#569 = ORIENTED_EDGE('',*,*,#222,.T.);
#570 = ORIENTED_EDGE('',*,*,#571,.F.);
#571 = EDGE_CURVE('',#547,#223,#572,.T.);
#572 = SURFACE_CURVE('',#573,(#577,#584),.PCURVE_S1.);
#573 = LINE('',#574,#575);
#574 = CARTESIAN_POINT('',(8.515916470547,-16.25,32.5));
#575 = VECTOR('',#576,1.);
#576 = DIRECTION('',(0.5,0.866025403784,0.));
#577 = PCURVE('',#185,#578);
#578 = DEFINITIONAL_REPRESENTATION('',(#579),#583);
#579 = LINE('',#580,#581);
#580 = CARTESIAN_POINT('',(-0.,1.06066017178));
#581 = VECTOR('',#582,1.);
#582 = DIRECTION('',(-1.,0.));
#583 = ( GEOMETRIC_REPRESENTATION_CONTEXT(2) 
PARAMETRIC_REPRESENTATION_CONTEXT() REPRESENTATION_CONTEXT('2D SPACE',''
  ) );
#584 = PCURVE('',#288,#585);
#585 = DEFINITIONAL_REPRESENTATION('',(#586),#590);
#586 = LINE('',#587,#588);
#587 = CARTESIAN_POINT('',(8.515916470547,-16.25));
#588 = VECTOR('',#589,1.);
#589 = DIRECTION('',(0.5,0.866025403784));
#590 = ( GEOMETRIC_REPRESENTATION_CONTEXT(2) 
PARAMETRIC_REPRESENTATION_CONTEXT() REPRESENTATION_CONTEXT('2D SPACE',''
  ) );
#591 = ADVANCED_FACE('',(#592,#696),#288,.T.);
#592 = FACE_BOUND('',#593,.T.);
#593 = EDGE_LOOP('',(#594,#595,#618,#646,#674,#695));
#594 = ORIENTED_EDGE('',*,*,#274,.T.);
#595 = ORIENTED_EDGE('',*,*,#596,.T.);
#596 = EDGE_CURVE('',#247,#597,#599,.T.);
#597 = VERTEX_POINT('',#598);
#598 = CARTESIAN_POINT('',(-8.948929172439,15.5,32.5));
#599 = SURFACE_CURVE('',#600,(#604,#611),.PCURVE_S1.);
#600 = LINE('',#601,#602);
#601 = CARTESIAN_POINT('',(9.814954576224,15.5,32.5));
#602 = VECTOR('',#603,1.);
#603 = DIRECTION('',(-1.,0.,0.));
#604 = PCURVE('',#288,#605);
#605 = DEFINITIONAL_REPRESENTATION('',(#606),#610);
#606 = LINE('',#607,#608);
#607 = CARTESIAN_POINT('',(9.814954576224,15.5));
#608 = VECTOR('',#609,1.);
#609 = DIRECTION('',(-1.,0.));
#610 = ( GEOMETRIC_REPRESENTATION_CONTEXT(2) 
PARAMETRIC_REPRESENTATION_CONTEXT() REPRESENTATION_CONTEXT('2D SPACE',''
  ) );
#611 = PCURVE('',#262,#612);
#612 = DEFINITIONAL_REPRESENTATION('',(#613),#617);
#613 = LINE('',#614,#615);
#614 = CARTESIAN_POINT('',(-0.,1.06066017178));
#615 = VECTOR('',#616,1.);
#616 = DIRECTION('',(-1.,0.));
#617 = ( GEOMETRIC_REPRESENTATION_CONTEXT(2) 
PARAMETRIC_REPRESENTATION_CONTEXT() REPRESENTATION_CONTEXT('2D SPACE',''
  ) );
#618 = ORIENTED_EDGE('',*,*,#619,.T.);
#619 = EDGE_CURVE('',#597,#620,#622,.T.);
#620 = VERTEX_POINT('',#621);
#621 = CARTESIAN_POINT('',(-17.89785834487,3.552713678801E-15,32.5));
#622 = SURFACE_CURVE('',#623,(#627,#634),.PCURVE_S1.);
#623 = LINE('',#624,#625);
#624 = CARTESIAN_POINT('',(-8.515916470547,16.25,32.5));
#625 = VECTOR('',#626,1.);
#626 = DIRECTION('',(-0.5,-0.866025403784,0.));
#627 = PCURVE('',#288,#628);
#628 = DEFINITIONAL_REPRESENTATION('',(#629),#633);
#629 = LINE('',#630,#631);
#630 = CARTESIAN_POINT('',(-8.515916470547,16.25));
#631 = VECTOR('',#632,1.);
#632 = DIRECTION('',(-0.5,-0.866025403784));
#633 = ( GEOMETRIC_REPRESENTATION_CONTEXT(2) 
PARAMETRIC_REPRESENTATION_CONTEXT() REPRESENTATION_CONTEXT('2D SPACE',''
  ) );
#634 = PCURVE('',#635,#640);
#635 = PLANE('',#636);
#636 = AXIS2_PLACEMENT_3D('',#637,#638,#639);
#637 = CARTESIAN_POINT('',(-9.165435523385,16.625,31.75));
#638 = DIRECTION('',(0.612372435696,-0.353553390593,-0.707106781187));
#639 = DIRECTION('',(0.5,0.866025403784,-4.01183451785E-17));
#640 = DEFINITIONAL_REPRESENTATION('',(#641),#645);
#641 = LINE('',#642,#643);
#642 = CARTESIAN_POINT('',(-0.,1.06066017178));
#643 = VECTOR('',#644,1.);
#644 = DIRECTION('',(-1.,0.));
#645 = ( GEOMETRIC_REPRESENTATION_CONTEXT(2) 
PARAMETRIC_REPRESENTATION_CONTEXT() REPRESENTATION_CONTEXT('2D SPACE',''
  ) );
#646 = ORIENTED_EDGE('',*,*,#647,.T.);
#647 = EDGE_CURVE('',#620,#648,#650,.T.);
#648 = VERTEX_POINT('',#649);
#649 = CARTESIAN_POINT('',(-8.948929172439,-15.5,32.5));
#650 = SURFACE_CURVE('',#651,(#655,#662),.PCURVE_S1.);
#651 = LINE('',#652,#653);
#652 = CARTESIAN_POINT('',(-18.33087104677,0.75,32.5));
#653 = VECTOR('',#654,1.);
#654 = DIRECTION('',(0.5,-0.866025403784,0.));
#655 = PCURVE('',#288,#656);
#656 = DEFINITIONAL_REPRESENTATION('',(#657),#661);
#657 = LINE('',#658,#659);
#658 = CARTESIAN_POINT('',(-18.33087104677,0.75));
#659 = VECTOR('',#660,1.);
#660 = DIRECTION('',(0.5,-0.866025403784));
#661 = ( GEOMETRIC_REPRESENTATION_CONTEXT(2) 
PARAMETRIC_REPRESENTATION_CONTEXT() REPRESENTATION_CONTEXT('2D SPACE',''
  ) );
#662 = PCURVE('',#663,#668);
#663 = PLANE('',#664);
#664 = AXIS2_PLACEMENT_3D('',#665,#666,#667);
#665 = CARTESIAN_POINT('',(-18.9803900996,0.375,31.75));
#666 = DIRECTION('',(0.612372435696,0.353553390593,-0.707106781187));
#667 = DIRECTION('',(-0.5,0.866025403784,2.03725699182E-20));
#668 = DEFINITIONAL_REPRESENTATION('',(#669),#673);
#669 = LINE('',#670,#671);
#670 = CARTESIAN_POINT('',(-0.,1.06066017178));
#671 = VECTOR('',#672,1.);
#672 = DIRECTION('',(-1.,0.));
#673 = ( GEOMETRIC_REPRESENTATION_CONTEXT(2) 
PARAMETRIC_REPRESENTATION_CONTEXT() REPRESENTATION_CONTEXT('2D SPACE',''
  ) );
#674 = ORIENTED_EDGE('',*,*,#675,.T.);
#675 = EDGE_CURVE('',#648,#547,#676,.T.);
#676 = SURFACE_CURVE('',#677,(#681,#688),.PCURVE_S1.);
#677 = LINE('',#678,#679);
#678 = CARTESIAN_POINT('',(-9.814954576224,-15.5,32.5));
#679 = VECTOR('',#680,1.);
#680 = DIRECTION('',(1.,-3.619694468487E-16,0.));
#681 = PCURVE('',#288,#682);
#682 = DEFINITIONAL_REPRESENTATION('',(#683),#687);
#683 = LINE('',#684,#685);
#684 = CARTESIAN_POINT('',(-9.814954576224,-15.5));
#685 = VECTOR('',#686,1.);
#686 = DIRECTION('',(1.,-3.619694468487E-16));
#687 = ( GEOMETRIC_REPRESENTATION_CONTEXT(2) 
PARAMETRIC_REPRESENTATION_CONTEXT() REPRESENTATION_CONTEXT('2D SPACE',''
  ) );
#688 = PCURVE('',#529,#689);
#689 = DEFINITIONAL_REPRESENTATION('',(#690),#694);
#690 = LINE('',#691,#692);
#691 = CARTESIAN_POINT('',(-0.,1.06066017178));
#692 = VECTOR('',#693,1.);
#693 = DIRECTION('',(-1.,0.));
#694 = ( GEOMETRIC_REPRESENTATION_CONTEXT(2) 
PARAMETRIC_REPRESENTATION_CONTEXT() REPRESENTATION_CONTEXT('2D SPACE',''
  ) );
#695 = ORIENTED_EDGE('',*,*,#571,.T.);
#696 = FACE_BOUND('',#697,.T.);
#697 = EDGE_LOOP('',(#698));
#698 = ORIENTED_EDGE('',*,*,#699,.F.);
#699 = EDGE_CURVE('',#700,#700,#702,.T.);
#700 = VERTEX_POINT('',#701);
#701 = CARTESIAN_POINT('',(5.,0.,32.5));
#702 = SURFACE_CURVE('',#703,(#708,#715),.PCURVE_S1.);
#703 = CIRCLE('',#704,5.);
#704 = AXIS2_PLACEMENT_3D('',#705,#706,#707);
#705 = CARTESIAN_POINT('',(0.,0.,32.5));
#706 = DIRECTION('',(0.,0.,1.));
#707 = DIRECTION('',(1.,0.,0.));
#708 = PCURVE('',#288,#709);
#709 = DEFINITIONAL_REPRESENTATION('',(#710),#714);
#710 = CIRCLE('',#711,5.);
#711 = AXIS2_PLACEMENT_2D('',#712,#713);
#712 = CARTESIAN_POINT('',(0.,-3.228683703721E-16));
#713 = DIRECTION('',(1.,0.));
#714 = ( GEOMETRIC_REPRESENTATION_CONTEXT(2) 
PARAMETRIC_REPRESENTATION_CONTEXT() REPRESENTATION_CONTEXT('2D SPACE',''
  ) );
#715 = PCURVE('',#716,#721);
#716 = CONICAL_SURFACE('',#717,5.,0.785398163397);
#717 = AXIS2_PLACEMENT_3D('',#718,#719,#720);
#718 = CARTESIAN_POINT('',(0.,0.,32.5));
#719 = DIRECTION('',(0.,0.,1.));
#720 = DIRECTION('',(1.,0.,0.));
#721 = DEFINITIONAL_REPRESENTATION('',(#722),#726);
#722 = LINE('',#723,#724);
#723 = CARTESIAN_POINT('',(0.,-0.));
#724 = VECTOR('',#725,1.);
#725 = DIRECTION('',(1.,-0.));
#726 = ( GEOMETRIC_REPRESENTATION_CONTEXT(2) 
PARAMETRIC_REPRESENTATION_CONTEXT() REPRESENTATION_CONTEXT('2D SPACE',''
  ) );
#727 = ADVANCED_FACE('',(#728),#262,.F.);
#728 = FACE_BOUND('',#729,.T.);
#729 = EDGE_LOOP('',(#730,#731,#732,#753));
#730 = ORIENTED_EDGE('',*,*,#246,.F.);
#731 = ORIENTED_EDGE('',*,*,#444,.T.);
#732 = ORIENTED_EDGE('',*,*,#733,.T.);
#733 = EDGE_CURVE('',#445,#597,#734,.T.);
#734 = SURFACE_CURVE('',#735,(#739,#746),.PCURVE_S1.);
#735 = LINE('',#736,#737);
#736 = CARTESIAN_POINT('',(-8.041664463713,13.928571428571,
    34.071428571429));
#737 = VECTOR('',#738,1.);
#738 = DIRECTION('',(0.377964473009,-0.654653670708,0.654653670708));
#739 = PCURVE('',#262,#740);
#740 = DEFINITIONAL_REPRESENTATION('',(#741),#745);
#741 = LINE('',#742,#743);
#742 = CARTESIAN_POINT('',(-17.85661903993,3.282995769795));
#743 = VECTOR('',#744,1.);
#744 = DIRECTION('',(0.377964473009,0.925820099773));
#745 = ( GEOMETRIC_REPRESENTATION_CONTEXT(2) 
PARAMETRIC_REPRESENTATION_CONTEXT() REPRESENTATION_CONTEXT('2D SPACE',''
  ) );
#746 = PCURVE('',#635,#747);
#747 = DEFINITIONAL_REPRESENTATION('',(#748),#752);
#748 = LINE('',#749,#750);
#749 = CARTESIAN_POINT('',(-1.773290112511,3.282995769795));
#750 = VECTOR('',#751,1.);
#751 = DIRECTION('',(-0.377964473009,0.925820099773));
#752 = ( GEOMETRIC_REPRESENTATION_CONTEXT(2) 
PARAMETRIC_REPRESENTATION_CONTEXT() REPRESENTATION_CONTEXT('2D SPACE',''
  ) );
#753 = ORIENTED_EDGE('',*,*,#596,.F.);
#754 = ADVANCED_FACE('',(#755),#343,.F.);
#755 = FACE_BOUND('',#756,.F.);
#756 = EDGE_LOOP('',(#757,#758,#781,#802));
#757 = ORIENTED_EDGE('',*,*,#467,.T.);
#758 = ORIENTED_EDGE('',*,*,#759,.T.);
#759 = EDGE_CURVE('',#445,#760,#762,.T.);
#760 = VERTEX_POINT('',#761);
#761 = CARTESIAN_POINT('',(-19.62990915244,3.552713678801E-15,31.));
#762 = SURFACE_CURVE('',#763,(#767,#774),.PCURVE_S1.);
#763 = LINE('',#764,#765);
#764 = CARTESIAN_POINT('',(-9.814954576224,17.,31.));
#765 = VECTOR('',#766,1.);
#766 = DIRECTION('',(-0.5,-0.866025403784,0.));
#767 = PCURVE('',#343,#768);
#768 = DEFINITIONAL_REPRESENTATION('',(#769),#773);
#769 = LINE('',#770,#771);
#770 = CARTESIAN_POINT('',(0.,-11.));
#771 = VECTOR('',#772,1.);
#772 = DIRECTION('',(1.,-0.));
#773 = ( GEOMETRIC_REPRESENTATION_CONTEXT(2) 
PARAMETRIC_REPRESENTATION_CONTEXT() REPRESENTATION_CONTEXT('2D SPACE',''
  ) );
#774 = PCURVE('',#635,#775);
#775 = DEFINITIONAL_REPRESENTATION('',(#776),#780);
#776 = LINE('',#777,#778);
#777 = CARTESIAN_POINT('',(-0.,-1.06066017178));
#778 = VECTOR('',#779,1.);
#779 = DIRECTION('',(-1.,0.));
#780 = ( GEOMETRIC_REPRESENTATION_CONTEXT(2) 
PARAMETRIC_REPRESENTATION_CONTEXT() REPRESENTATION_CONTEXT('2D SPACE',''
  ) );
#781 = ORIENTED_EDGE('',*,*,#782,.F.);
#782 = EDGE_CURVE('',#328,#760,#783,.T.);
#783 = SURFACE_CURVE('',#784,(#788,#795),.PCURVE_S1.);
#784 = LINE('',#785,#786);
#785 = CARTESIAN_POINT('',(-19.62990915244,2.40397054111E-15,20.));
#786 = VECTOR('',#787,1.);
#787 = DIRECTION('',(0.,0.,1.));
#788 = PCURVE('',#343,#789);
#789 = DEFINITIONAL_REPRESENTATION('',(#790),#794);
#790 = LINE('',#791,#792);
#791 = CARTESIAN_POINT('',(19.629909152447,0.));
#792 = VECTOR('',#793,1.);
#793 = DIRECTION('',(0.,-1.));
#794 = ( GEOMETRIC_REPRESENTATION_CONTEXT(2) 
PARAMETRIC_REPRESENTATION_CONTEXT() REPRESENTATION_CONTEXT('2D SPACE',''
  ) );
#795 = PCURVE('',#371,#796);
#796 = DEFINITIONAL_REPRESENTATION('',(#797),#801);
#797 = LINE('',#798,#799);
#798 = CARTESIAN_POINT('',(0.,0.));
#799 = VECTOR('',#800,1.);
#800 = DIRECTION('',(0.,-1.));
#801 = ( GEOMETRIC_REPRESENTATION_CONTEXT(2) 
PARAMETRIC_REPRESENTATION_CONTEXT() REPRESENTATION_CONTEXT('2D SPACE',''
  ) );
#802 = ORIENTED_EDGE('',*,*,#327,.F.);
#803 = ADVANCED_FACE('',(#804),#371,.F.);
#804 = FACE_BOUND('',#805,.F.);
#805 = EDGE_LOOP('',(#806,#807,#828,#829));
#806 = ORIENTED_EDGE('',*,*,#782,.T.);
#807 = ORIENTED_EDGE('',*,*,#808,.T.);
#808 = EDGE_CURVE('',#760,#493,#809,.T.);
#809 = SURFACE_CURVE('',#810,(#814,#821),.PCURVE_S1.);
#810 = LINE('',#811,#812);
#811 = CARTESIAN_POINT('',(-19.62990915244,2.684855829775E-15,31.));
#812 = VECTOR('',#813,1.);
#813 = DIRECTION('',(0.5,-0.866025403784,0.));
#814 = PCURVE('',#371,#815);
#815 = DEFINITIONAL_REPRESENTATION('',(#816),#820);
#816 = LINE('',#817,#818);
#817 = CARTESIAN_POINT('',(0.,-11.));
#818 = VECTOR('',#819,1.);
#819 = DIRECTION('',(1.,0.));
#820 = ( GEOMETRIC_REPRESENTATION_CONTEXT(2) 
PARAMETRIC_REPRESENTATION_CONTEXT() REPRESENTATION_CONTEXT('2D SPACE',''
  ) );
#821 = PCURVE('',#663,#822);
#822 = DEFINITIONAL_REPRESENTATION('',(#823),#827);
#823 = LINE('',#824,#825);
#824 = CARTESIAN_POINT('',(-0.,-1.06066017178));
#825 = VECTOR('',#826,1.);
#826 = DIRECTION('',(-1.,0.));
#827 = ( GEOMETRIC_REPRESENTATION_CONTEXT(2) 
PARAMETRIC_REPRESENTATION_CONTEXT() REPRESENTATION_CONTEXT('2D SPACE',''
  ) );
#828 = ORIENTED_EDGE('',*,*,#492,.F.);
#829 = ORIENTED_EDGE('',*,*,#355,.F.);
#830 = ADVANCED_FACE('',(#831),#428,.F.);
#831 = FACE_BOUND('',#832,.T.);
#832 = EDGE_LOOP('',(#833,#856,#883,#884));
#833 = ORIENTED_EDGE('',*,*,#834,.F.);
#834 = EDGE_CURVE('',#835,#408,#837,.T.);
#835 = VERTEX_POINT('',#836);
#836 = CARTESIAN_POINT('',(14.35,0.,21.45));
#837 = SEAM_CURVE('',#838,(#842,#849),.PCURVE_S1.);
#838 = LINE('',#839,#840);
#839 = CARTESIAN_POINT('',(14.35,0.,21.45));
#840 = VECTOR('',#841,1.);
#841 = DIRECTION('',(0.,0.,-1.));
#842 = PCURVE('',#428,#843);
#843 = DEFINITIONAL_REPRESENTATION('',(#844),#848);
#844 = LINE('',#845,#846);
#845 = CARTESIAN_POINT('',(-0.,0.));
#846 = VECTOR('',#847,1.);
#847 = DIRECTION('',(-0.,1.));
#848 = ( GEOMETRIC_REPRESENTATION_CONTEXT(2) 
PARAMETRIC_REPRESENTATION_CONTEXT() REPRESENTATION_CONTEXT('2D SPACE',''
  ) );
#849 = PCURVE('',#428,#850);
#850 = DEFINITIONAL_REPRESENTATION('',(#851),#855);
#851 = LINE('',#852,#853);
#852 = CARTESIAN_POINT('',(-6.28318530718,0.));
#853 = VECTOR('',#854,1.);
#854 = DIRECTION('',(-0.,1.));
#855 = ( GEOMETRIC_REPRESENTATION_CONTEXT(2) 
PARAMETRIC_REPRESENTATION_CONTEXT() REPRESENTATION_CONTEXT('2D SPACE',''
  ) );
#856 = ORIENTED_EDGE('',*,*,#857,.T.);
#857 = EDGE_CURVE('',#835,#835,#858,.T.);
#858 = SURFACE_CURVE('',#859,(#864,#871),.PCURVE_S1.);
#859 = CIRCLE('',#860,14.35);
#860 = AXIS2_PLACEMENT_3D('',#861,#862,#863);
#861 = CARTESIAN_POINT('',(0.,0.,21.45));
#862 = DIRECTION('',(0.,0.,1.));
#863 = DIRECTION('',(1.,0.,0.));
#864 = PCURVE('',#428,#865);
#865 = DEFINITIONAL_REPRESENTATION('',(#866),#870);
#866 = LINE('',#867,#868);
#867 = CARTESIAN_POINT('',(-0.,0.));
#868 = VECTOR('',#869,1.);
#869 = DIRECTION('',(-1.,0.));
#870 = ( GEOMETRIC_REPRESENTATION_CONTEXT(2) 
PARAMETRIC_REPRESENTATION_CONTEXT() REPRESENTATION_CONTEXT('2D SPACE',''
  ) );
#871 = PCURVE('',#872,#877);
#872 = PLANE('',#873);
#873 = AXIS2_PLACEMENT_3D('',#874,#875,#876);
#874 = CARTESIAN_POINT('',(0.,0.,21.45));
#875 = DIRECTION('',(0.,0.,1.));
#876 = DIRECTION('',(1.,0.,0.));
#877 = DEFINITIONAL_REPRESENTATION('',(#878),#882);
#878 = CIRCLE('',#879,14.35);
#879 = AXIS2_PLACEMENT_2D('',#880,#881);
#880 = CARTESIAN_POINT('',(0.,0.));
#881 = DIRECTION('',(1.,-0.));
#882 = ( GEOMETRIC_REPRESENTATION_CONTEXT(2) 
PARAMETRIC_REPRESENTATION_CONTEXT() REPRESENTATION_CONTEXT('2D SPACE',''
  ) );
#883 = ORIENTED_EDGE('',*,*,#834,.T.);
#884 = ORIENTED_EDGE('',*,*,#407,.T.);
#885 = ADVANCED_FACE('',(#886),#529,.F.);
#886 = FACE_BOUND('',#887,.T.);
#887 = EDGE_LOOP('',(#888,#909,#910,#911));
#888 = ORIENTED_EDGE('',*,*,#889,.F.);
#889 = EDGE_CURVE('',#493,#648,#890,.T.);
#890 = SURFACE_CURVE('',#891,(#895,#902),.PCURVE_S1.);
#891 = LINE('',#892,#893);
#892 = CARTESIAN_POINT('',(-8.041664463713,-13.92857142857,
    34.071428571429));
#893 = VECTOR('',#894,1.);
#894 = DIRECTION('',(0.377964473009,0.654653670708,0.654653670708));
#895 = PCURVE('',#529,#896);
#896 = DEFINITIONAL_REPRESENTATION('',(#897),#901);
#897 = LINE('',#898,#899);
#898 = CARTESIAN_POINT('',(-1.773290112511,3.282995769795));
#899 = VECTOR('',#900,1.);
#900 = DIRECTION('',(-0.377964473009,0.925820099773));
#901 = ( GEOMETRIC_REPRESENTATION_CONTEXT(2) 
PARAMETRIC_REPRESENTATION_CONTEXT() REPRESENTATION_CONTEXT('2D SPACE',''
  ) );
#902 = PCURVE('',#663,#903);
#903 = DEFINITIONAL_REPRESENTATION('',(#904),#908);
#904 = LINE('',#905,#906);
#905 = CARTESIAN_POINT('',(-17.85661903993,3.282995769795));
#906 = VECTOR('',#907,1.);
#907 = DIRECTION('',(0.377964473009,0.925820099773));
#908 = ( GEOMETRIC_REPRESENTATION_CONTEXT(2) 
PARAMETRIC_REPRESENTATION_CONTEXT() REPRESENTATION_CONTEXT('2D SPACE',''
  ) );
#909 = ORIENTED_EDGE('',*,*,#515,.T.);
#910 = ORIENTED_EDGE('',*,*,#546,.T.);
#911 = ORIENTED_EDGE('',*,*,#675,.F.);
#912 = ADVANCED_FACE('',(#913),#635,.F.);
#913 = FACE_BOUND('',#914,.T.);
#914 = EDGE_LOOP('',(#915,#916,#917,#938));
#915 = ORIENTED_EDGE('',*,*,#733,.F.);
#916 = ORIENTED_EDGE('',*,*,#759,.T.);
#917 = ORIENTED_EDGE('',*,*,#918,.T.);
#918 = EDGE_CURVE('',#760,#620,#919,.T.);
#919 = SURFACE_CURVE('',#920,(#924,#931),.PCURVE_S1.);
#920 = LINE('',#921,#922);
#921 = CARTESIAN_POINT('',(-16.08332892742,1.167083270821E-14,
    34.071428571429));
#922 = VECTOR('',#923,1.);
#923 = DIRECTION('',(0.755928946018,-3.27160143625E-16,0.654653670708));
#924 = PCURVE('',#635,#925);
#925 = DEFINITIONAL_REPRESENTATION('',(#926),#930);
#926 = LINE('',#927,#928);
#927 = CARTESIAN_POINT('',(-17.85661903993,3.282995769795));
#928 = VECTOR('',#929,1.);
#929 = DIRECTION('',(0.377964473009,0.925820099773));
#930 = ( GEOMETRIC_REPRESENTATION_CONTEXT(2) 
PARAMETRIC_REPRESENTATION_CONTEXT() REPRESENTATION_CONTEXT('2D SPACE',''
  ) );
#931 = PCURVE('',#663,#932);
#932 = DEFINITIONAL_REPRESENTATION('',(#933),#937);
#933 = LINE('',#934,#935);
#934 = CARTESIAN_POINT('',(-1.773290112511,3.282995769795));
#935 = VECTOR('',#936,1.);
#936 = DIRECTION('',(-0.377964473009,0.925820099773));
#937 = ( GEOMETRIC_REPRESENTATION_CONTEXT(2) 
PARAMETRIC_REPRESENTATION_CONTEXT() REPRESENTATION_CONTEXT('2D SPACE',''
  ) );
#938 = ORIENTED_EDGE('',*,*,#619,.F.);
#939 = ADVANCED_FACE('',(#940),#663,.F.);
#940 = FACE_BOUND('',#941,.T.);
#941 = EDGE_LOOP('',(#942,#943,#944,#945));
#942 = ORIENTED_EDGE('',*,*,#918,.F.);
#943 = ORIENTED_EDGE('',*,*,#808,.T.);
#944 = ORIENTED_EDGE('',*,*,#889,.T.);
#945 = ORIENTED_EDGE('',*,*,#647,.F.);
#946 = ADVANCED_FACE('',(#947),#716,.F.);
#947 = FACE_BOUND('',#948,.T.);
#948 = EDGE_LOOP('',(#949,#950,#973,#1000));
#949 = ORIENTED_EDGE('',*,*,#699,.T.);
#950 = ORIENTED_EDGE('',*,*,#951,.T.);
#951 = EDGE_CURVE('',#700,#952,#954,.T.);
#952 = VERTEX_POINT('',#953);
#953 = CARTESIAN_POINT('',(4.5,0.,32.));
#954 = SEAM_CURVE('',#955,(#959,#966),.PCURVE_S1.);
#955 = LINE('',#956,#957);
#956 = CARTESIAN_POINT('',(5.,0.,32.5));
#957 = VECTOR('',#958,1.);
#958 = DIRECTION('',(-0.707106781187,0.,-0.707106781187));
#959 = PCURVE('',#716,#960);
#960 = DEFINITIONAL_REPRESENTATION('',(#961),#965);
#961 = LINE('',#962,#963);
#962 = CARTESIAN_POINT('',(0.,-0.));
#963 = VECTOR('',#964,1.);
#964 = DIRECTION('',(0.,-1.));
#965 = ( GEOMETRIC_REPRESENTATION_CONTEXT(2) 
PARAMETRIC_REPRESENTATION_CONTEXT() REPRESENTATION_CONTEXT('2D SPACE',''
  ) );
#966 = PCURVE('',#716,#967);
#967 = DEFINITIONAL_REPRESENTATION('',(#968),#972);
#968 = LINE('',#969,#970);
#969 = CARTESIAN_POINT('',(6.28318530718,-0.));
#970 = VECTOR('',#971,1.);
#971 = DIRECTION('',(0.,-1.));
#972 = ( GEOMETRIC_REPRESENTATION_CONTEXT(2) 
PARAMETRIC_REPRESENTATION_CONTEXT() REPRESENTATION_CONTEXT('2D SPACE',''
  ) );
#973 = ORIENTED_EDGE('',*,*,#974,.F.);
#974 = EDGE_CURVE('',#952,#952,#975,.T.);
#975 = SURFACE_CURVE('',#976,(#981,#988),.PCURVE_S1.);
#976 = CIRCLE('',#977,4.5);
#977 = AXIS2_PLACEMENT_3D('',#978,#979,#980);
#978 = CARTESIAN_POINT('',(0.,0.,32.));
#979 = DIRECTION('',(0.,0.,1.));
#980 = DIRECTION('',(1.,0.,0.));
#981 = PCURVE('',#716,#982);
#982 = DEFINITIONAL_REPRESENTATION('',(#983),#987);
#983 = LINE('',#984,#985);
#984 = CARTESIAN_POINT('',(0.,-0.5));
#985 = VECTOR('',#986,1.);
#986 = DIRECTION('',(1.,-0.));
#987 = ( GEOMETRIC_REPRESENTATION_CONTEXT(2) 
PARAMETRIC_REPRESENTATION_CONTEXT() REPRESENTATION_CONTEXT('2D SPACE',''
  ) );
#988 = PCURVE('',#989,#994);
#989 = CYLINDRICAL_SURFACE('',#990,4.5);
#990 = AXIS2_PLACEMENT_3D('',#991,#992,#993);
#991 = CARTESIAN_POINT('',(0.,0.,32.));
#992 = DIRECTION('',(-0.,-0.,-1.));
#993 = DIRECTION('',(1.,0.,0.));
#994 = DEFINITIONAL_REPRESENTATION('',(#995),#999);
#995 = LINE('',#996,#997);
#996 = CARTESIAN_POINT('',(-0.,0.));
#997 = VECTOR('',#998,1.);
#998 = DIRECTION('',(-1.,0.));
#999 = ( GEOMETRIC_REPRESENTATION_CONTEXT(2) 
PARAMETRIC_REPRESENTATION_CONTEXT() REPRESENTATION_CONTEXT('2D SPACE',''
  ) );
#1000 = ORIENTED_EDGE('',*,*,#951,.F.);
#1001 = ADVANCED_FACE('',(#1002,#1033),#872,.F.);
#1002 = FACE_BOUND('',#1003,.T.);
#1003 = EDGE_LOOP('',(#1004));
#1004 = ORIENTED_EDGE('',*,*,#1005,.T.);
#1005 = EDGE_CURVE('',#1006,#1006,#1008,.T.);
#1006 = VERTEX_POINT('',#1007);
#1007 = CARTESIAN_POINT('',(11.65,0.,21.45));
#1008 = SURFACE_CURVE('',#1009,(#1014,#1021),.PCURVE_S1.);
#1009 = CIRCLE('',#1010,11.65);
#1010 = AXIS2_PLACEMENT_3D('',#1011,#1012,#1013);
#1011 = CARTESIAN_POINT('',(0.,0.,21.45));
#1012 = DIRECTION('',(0.,0.,1.));
#1013 = DIRECTION('',(1.,0.,0.));
#1014 = PCURVE('',#872,#1015);
#1015 = DEFINITIONAL_REPRESENTATION('',(#1016),#1020);
#1016 = CIRCLE('',#1017,11.65);
#1017 = AXIS2_PLACEMENT_2D('',#1018,#1019);
#1018 = CARTESIAN_POINT('',(0.,0.));
#1019 = DIRECTION('',(1.,-0.));
#1020 = ( GEOMETRIC_REPRESENTATION_CONTEXT(2) 
PARAMETRIC_REPRESENTATION_CONTEXT() REPRESENTATION_CONTEXT('2D SPACE',''
  ) );
#1021 = PCURVE('',#1022,#1027);
#1022 = CYLINDRICAL_SURFACE('',#1023,11.65);
#1023 = AXIS2_PLACEMENT_3D('',#1024,#1025,#1026);
#1024 = CARTESIAN_POINT('',(0.,0.,18.5));
#1025 = DIRECTION('',(0.,0.,1.));
#1026 = DIRECTION('',(1.,0.,0.));
#1027 = DEFINITIONAL_REPRESENTATION('',(#1028),#1032);
#1028 = LINE('',#1029,#1030);
#1029 = CARTESIAN_POINT('',(0.,2.95));
#1030 = VECTOR('',#1031,1.);
#1031 = DIRECTION('',(1.,0.));
#1032 = ( GEOMETRIC_REPRESENTATION_CONTEXT(2) 
PARAMETRIC_REPRESENTATION_CONTEXT() REPRESENTATION_CONTEXT('2D SPACE',''
  ) );
#1033 = FACE_BOUND('',#1034,.T.);
#1034 = EDGE_LOOP('',(#1035));
#1035 = ORIENTED_EDGE('',*,*,#857,.F.);
#1036 = ADVANCED_FACE('',(#1037),#989,.F.);
#1037 = FACE_BOUND('',#1038,.T.);
#1038 = EDGE_LOOP('',(#1039,#1040,#1063,#1090));
#1039 = ORIENTED_EDGE('',*,*,#974,.T.);
#1040 = ORIENTED_EDGE('',*,*,#1041,.T.);
#1041 = EDGE_CURVE('',#952,#1042,#1044,.T.);
#1042 = VERTEX_POINT('',#1043);
#1043 = CARTESIAN_POINT('',(4.5,0.,23.5));
#1044 = SEAM_CURVE('',#1045,(#1049,#1056),.PCURVE_S1.);
#1045 = LINE('',#1046,#1047);
#1046 = CARTESIAN_POINT('',(4.5,0.,32.));
#1047 = VECTOR('',#1048,1.);
#1048 = DIRECTION('',(0.,0.,-1.));
#1049 = PCURVE('',#989,#1050);
#1050 = DEFINITIONAL_REPRESENTATION('',(#1051),#1055);
#1051 = LINE('',#1052,#1053);
#1052 = CARTESIAN_POINT('',(-0.,0.));
#1053 = VECTOR('',#1054,1.);
#1054 = DIRECTION('',(-0.,1.));
#1055 = ( GEOMETRIC_REPRESENTATION_CONTEXT(2) 
PARAMETRIC_REPRESENTATION_CONTEXT() REPRESENTATION_CONTEXT('2D SPACE',''
  ) );
#1056 = PCURVE('',#989,#1057);
#1057 = DEFINITIONAL_REPRESENTATION('',(#1058),#1062);
#1058 = LINE('',#1059,#1060);
#1059 = CARTESIAN_POINT('',(-6.28318530718,0.));
#1060 = VECTOR('',#1061,1.);
#1061 = DIRECTION('',(-0.,1.));
#1062 = ( GEOMETRIC_REPRESENTATION_CONTEXT(2) 
PARAMETRIC_REPRESENTATION_CONTEXT() REPRESENTATION_CONTEXT('2D SPACE',''
  ) );
#1063 = ORIENTED_EDGE('',*,*,#1064,.F.);
#1064 = EDGE_CURVE('',#1042,#1042,#1065,.T.);
#1065 = SURFACE_CURVE('',#1066,(#1071,#1078),.PCURVE_S1.);
#1066 = CIRCLE('',#1067,4.5);
#1067 = AXIS2_PLACEMENT_3D('',#1068,#1069,#1070);
#1068 = CARTESIAN_POINT('',(0.,0.,23.5));
#1069 = DIRECTION('',(0.,0.,1.));
#1070 = DIRECTION('',(1.,0.,0.));
#1071 = PCURVE('',#989,#1072);
#1072 = DEFINITIONAL_REPRESENTATION('',(#1073),#1077);
#1073 = LINE('',#1074,#1075);
#1074 = CARTESIAN_POINT('',(-0.,8.5));
#1075 = VECTOR('',#1076,1.);
#1076 = DIRECTION('',(-1.,0.));
#1077 = ( GEOMETRIC_REPRESENTATION_CONTEXT(2) 
PARAMETRIC_REPRESENTATION_CONTEXT() REPRESENTATION_CONTEXT('2D SPACE',''
  ) );
#1078 = PCURVE('',#1079,#1084);
#1079 = PLANE('',#1080);
#1080 = AXIS2_PLACEMENT_3D('',#1081,#1082,#1083);
#1081 = CARTESIAN_POINT('',(0.,0.,23.5));
#1082 = DIRECTION('',(0.,0.,1.));
#1083 = DIRECTION('',(1.,0.,0.));
#1084 = DEFINITIONAL_REPRESENTATION('',(#1085),#1089);
#1085 = CIRCLE('',#1086,4.5);
#1086 = AXIS2_PLACEMENT_2D('',#1087,#1088);
#1087 = CARTESIAN_POINT('',(0.,0.));
#1088 = DIRECTION('',(1.,0.));
#1089 = ( GEOMETRIC_REPRESENTATION_CONTEXT(2) 
PARAMETRIC_REPRESENTATION_CONTEXT() REPRESENTATION_CONTEXT('2D SPACE',''
  ) );
#1090 = ORIENTED_EDGE('',*,*,#1041,.F.);
#1091 = ADVANCED_FACE('',(#1092),#1022,.T.);
#1092 = FACE_BOUND('',#1093,.T.);
#1093 = EDGE_LOOP('',(#1094,#1123,#1144,#1145));
#1094 = ORIENTED_EDGE('',*,*,#1095,.T.);
#1095 = EDGE_CURVE('',#1096,#1096,#1098,.T.);
#1096 = VERTEX_POINT('',#1097);
#1097 = CARTESIAN_POINT('',(11.65,0.,20.));
#1098 = SURFACE_CURVE('',#1099,(#1104,#1111),.PCURVE_S1.);
#1099 = CIRCLE('',#1100,11.65);
#1100 = AXIS2_PLACEMENT_3D('',#1101,#1102,#1103);
#1101 = CARTESIAN_POINT('',(0.,0.,20.));
#1102 = DIRECTION('',(0.,0.,1.));
#1103 = DIRECTION('',(1.,0.,-0.));
#1104 = PCURVE('',#1022,#1105);
#1105 = DEFINITIONAL_REPRESENTATION('',(#1106),#1110);
#1106 = LINE('',#1107,#1108);
#1107 = CARTESIAN_POINT('',(0.,1.5));
#1108 = VECTOR('',#1109,1.);
#1109 = DIRECTION('',(1.,0.));
#1110 = ( GEOMETRIC_REPRESENTATION_CONTEXT(2) 
PARAMETRIC_REPRESENTATION_CONTEXT() REPRESENTATION_CONTEXT('2D SPACE',''
  ) );
#1111 = PCURVE('',#1112,#1117);
#1112 = PLANE('',#1113);
#1113 = AXIS2_PLACEMENT_3D('',#1114,#1115,#1116);
#1114 = CARTESIAN_POINT('',(0.,3.228683703721E-16,20.));
#1115 = DIRECTION('',(0.,0.,1.));
#1116 = DIRECTION('',(1.,0.,0.));
#1117 = DEFINITIONAL_REPRESENTATION('',(#1118),#1122);
#1118 = CIRCLE('',#1119,11.65);
#1119 = AXIS2_PLACEMENT_2D('',#1120,#1121);
#1120 = CARTESIAN_POINT('',(0.,-3.228683703721E-16));
#1121 = DIRECTION('',(1.,0.));
#1122 = ( GEOMETRIC_REPRESENTATION_CONTEXT(2) 
PARAMETRIC_REPRESENTATION_CONTEXT() REPRESENTATION_CONTEXT('2D SPACE',''
  ) );
#1123 = ORIENTED_EDGE('',*,*,#1124,.T.);
#1124 = EDGE_CURVE('',#1096,#1006,#1125,.T.);
#1125 = SEAM_CURVE('',#1126,(#1130,#1137),.PCURVE_S1.);
#1126 = LINE('',#1127,#1128);
#1127 = CARTESIAN_POINT('',(11.65,0.,18.5));
#1128 = VECTOR('',#1129,1.);
#1129 = DIRECTION('',(0.,0.,1.));
#1130 = PCURVE('',#1022,#1131);
#1131 = DEFINITIONAL_REPRESENTATION('',(#1132),#1136);
#1132 = LINE('',#1133,#1134);
#1133 = CARTESIAN_POINT('',(0.,0.));
#1134 = VECTOR('',#1135,1.);
#1135 = DIRECTION('',(0.,1.));
#1136 = ( GEOMETRIC_REPRESENTATION_CONTEXT(2) 
PARAMETRIC_REPRESENTATION_CONTEXT() REPRESENTATION_CONTEXT('2D SPACE',''
  ) );
#1137 = PCURVE('',#1022,#1138);
#1138 = DEFINITIONAL_REPRESENTATION('',(#1139),#1143);
#1139 = LINE('',#1140,#1141);
#1140 = CARTESIAN_POINT('',(6.28318530718,0.));
#1141 = VECTOR('',#1142,1.);
#1142 = DIRECTION('',(0.,1.));
#1143 = ( GEOMETRIC_REPRESENTATION_CONTEXT(2) 
PARAMETRIC_REPRESENTATION_CONTEXT() REPRESENTATION_CONTEXT('2D SPACE',''
  ) );
#1144 = ORIENTED_EDGE('',*,*,#1005,.F.);
#1145 = ORIENTED_EDGE('',*,*,#1124,.F.);
#1146 = ADVANCED_FACE('',(#1147,#1150),#1079,.T.);
#1147 = FACE_BOUND('',#1148,.T.);
#1148 = EDGE_LOOP('',(#1149));
#1149 = ORIENTED_EDGE('',*,*,#1064,.T.);
#1150 = FACE_BOUND('',#1151,.T.);
#1151 = EDGE_LOOP('',(#1152));
#1152 = ORIENTED_EDGE('',*,*,#1153,.F.);
#1153 = EDGE_CURVE('',#1154,#1154,#1156,.T.);
#1154 = VERTEX_POINT('',#1155);
#1155 = CARTESIAN_POINT('',(4.,0.,23.5));
#1156 = SURFACE_CURVE('',#1157,(#1162,#1169),.PCURVE_S1.);
#1157 = CIRCLE('',#1158,4.);
#1158 = AXIS2_PLACEMENT_3D('',#1159,#1160,#1161);
#1159 = CARTESIAN_POINT('',(0.,0.,23.5));
#1160 = DIRECTION('',(0.,0.,1.));
#1161 = DIRECTION('',(1.,0.,0.));
#1162 = PCURVE('',#1079,#1163);
#1163 = DEFINITIONAL_REPRESENTATION('',(#1164),#1168);
#1164 = CIRCLE('',#1165,4.);
#1165 = AXIS2_PLACEMENT_2D('',#1166,#1167);
#1166 = CARTESIAN_POINT('',(0.,0.));
#1167 = DIRECTION('',(1.,0.));
#1168 = ( GEOMETRIC_REPRESENTATION_CONTEXT(2) 
PARAMETRIC_REPRESENTATION_CONTEXT() REPRESENTATION_CONTEXT('2D SPACE',''
  ) );
#1169 = PCURVE('',#1170,#1175);
#1170 = CYLINDRICAL_SURFACE('',#1171,4.);
#1171 = AXIS2_PLACEMENT_3D('',#1172,#1173,#1174);
#1172 = CARTESIAN_POINT('',(0.,0.,23.5));
#1173 = DIRECTION('',(-0.,-0.,-1.));
#1174 = DIRECTION('',(1.,0.,0.));
#1175 = DEFINITIONAL_REPRESENTATION('',(#1176),#1180);
#1176 = LINE('',#1177,#1178);
#1177 = CARTESIAN_POINT('',(-0.,0.));
#1178 = VECTOR('',#1179,1.);
#1179 = DIRECTION('',(-1.,0.));
#1180 = ( GEOMETRIC_REPRESENTATION_CONTEXT(2) 
PARAMETRIC_REPRESENTATION_CONTEXT() REPRESENTATION_CONTEXT('2D SPACE',''
  ) );
#1181 = ADVANCED_FACE('',(#1182,#1217),#1112,.F.);
#1182 = FACE_BOUND('',#1183,.F.);
#1183 = EDGE_LOOP('',(#1184));
#1184 = ORIENTED_EDGE('',*,*,#1185,.T.);
#1185 = EDGE_CURVE('',#1186,#1186,#1188,.T.);
#1186 = VERTEX_POINT('',#1187);
#1187 = CARTESIAN_POINT('',(10.6,-2.596251214192E-15,20.));
#1188 = SURFACE_CURVE('',#1189,(#1194,#1205),.PCURVE_S1.);
#1189 = CIRCLE('',#1190,10.6);
#1190 = AXIS2_PLACEMENT_3D('',#1191,#1192,#1193);
#1191 = CARTESIAN_POINT('',(0.,0.,20.));
#1192 = DIRECTION('',(0.,-0.,-1.));
#1193 = DIRECTION('',(1.,-2.449293598295E-16,0.));
#1194 = PCURVE('',#1112,#1195);
#1195 = DEFINITIONAL_REPRESENTATION('',(#1196),#1204);
#1196 = ( BOUNDED_CURVE() B_SPLINE_CURVE(2,(#1197,#1198,#1199,#1200,
#1201,#1202,#1203),.UNSPECIFIED.,.T.,.F.) B_SPLINE_CURVE_WITH_KNOTS((1,2
    ,2,2,2,1),(-2.094395102393,0.,2.094395102393,4.188790204786,
6.28318530718,8.377580409573),.UNSPECIFIED.) CURVE() 
GEOMETRIC_REPRESENTATION_ITEM() RATIONAL_B_SPLINE_CURVE((1.,0.5,1.,0.5,
1.,0.5,1.)) REPRESENTATION_ITEM('') );
#1197 = CARTESIAN_POINT('',(10.6,-2.919119584564E-15));
#1198 = CARTESIAN_POINT('',(10.6,-18.35973856023));
#1199 = CARTESIAN_POINT('',(-5.3,-9.179869280115));
#1200 = CARTESIAN_POINT('',(-21.2,2.27338284382E-15));
#1201 = CARTESIAN_POINT('',(-5.3,9.179869280115));
#1202 = CARTESIAN_POINT('',(10.6,18.35973856023));
#1203 = CARTESIAN_POINT('',(10.6,-2.919119584564E-15));
#1204 = ( GEOMETRIC_REPRESENTATION_CONTEXT(2) 
PARAMETRIC_REPRESENTATION_CONTEXT() REPRESENTATION_CONTEXT('2D SPACE',''
  ) );
#1205 = PCURVE('',#1206,#1211);
#1206 = TOROIDAL_SURFACE('',#1207,10.6,0.6);
#1207 = AXIS2_PLACEMENT_3D('',#1208,#1209,#1210);
#1208 = CARTESIAN_POINT('',(0.,0.,19.4));
#1209 = DIRECTION('',(0.,0.,1.));
#1210 = DIRECTION('',(1.,-2.449293598295E-16,0.));
#1211 = DEFINITIONAL_REPRESENTATION('',(#1212),#1216);
#1212 = LINE('',#1213,#1214);
#1213 = CARTESIAN_POINT('',(-0.,1.570796326795));
#1214 = VECTOR('',#1215,1.);
#1215 = DIRECTION('',(-1.,0.));
#1216 = ( GEOMETRIC_REPRESENTATION_CONTEXT(2) 
PARAMETRIC_REPRESENTATION_CONTEXT() REPRESENTATION_CONTEXT('2D SPACE',''
  ) );
#1217 = FACE_BOUND('',#1218,.F.);
#1218 = EDGE_LOOP('',(#1219));
#1219 = ORIENTED_EDGE('',*,*,#1095,.T.);
#1220 = ADVANCED_FACE('',(#1221),#1170,.F.);
#1221 = FACE_BOUND('',#1222,.T.);
#1222 = EDGE_LOOP('',(#1223,#1224,#1247,#1274));
#1223 = ORIENTED_EDGE('',*,*,#1153,.T.);
#1224 = ORIENTED_EDGE('',*,*,#1225,.T.);
#1225 = EDGE_CURVE('',#1154,#1226,#1228,.T.);
#1226 = VERTEX_POINT('',#1227);
#1227 = CARTESIAN_POINT('',(4.,0.,21.35));
#1228 = SEAM_CURVE('',#1229,(#1233,#1240),.PCURVE_S1.);
#1229 = LINE('',#1230,#1231);
#1230 = CARTESIAN_POINT('',(4.,0.,23.5));
#1231 = VECTOR('',#1232,1.);
#1232 = DIRECTION('',(0.,0.,-1.));
#1233 = PCURVE('',#1170,#1234);
#1234 = DEFINITIONAL_REPRESENTATION('',(#1235),#1239);
#1235 = LINE('',#1236,#1237);
#1236 = CARTESIAN_POINT('',(-0.,0.));
#1237 = VECTOR('',#1238,1.);
#1238 = DIRECTION('',(-0.,1.));
#1239 = ( GEOMETRIC_REPRESENTATION_CONTEXT(2) 
PARAMETRIC_REPRESENTATION_CONTEXT() REPRESENTATION_CONTEXT('2D SPACE',''
  ) );
#1240 = PCURVE('',#1170,#1241);
#1241 = DEFINITIONAL_REPRESENTATION('',(#1242),#1246);
#1242 = LINE('',#1243,#1244);
#1243 = CARTESIAN_POINT('',(-6.28318530718,0.));
#1244 = VECTOR('',#1245,1.);
#1245 = DIRECTION('',(-0.,1.));
#1246 = ( GEOMETRIC_REPRESENTATION_CONTEXT(2) 
PARAMETRIC_REPRESENTATION_CONTEXT() REPRESENTATION_CONTEXT('2D SPACE',''
  ) );
#1247 = ORIENTED_EDGE('',*,*,#1248,.F.);
#1248 = EDGE_CURVE('',#1226,#1226,#1249,.T.);
#1249 = SURFACE_CURVE('',#1250,(#1255,#1262),.PCURVE_S1.);
#1250 = CIRCLE('',#1251,4.);
#1251 = AXIS2_PLACEMENT_3D('',#1252,#1253,#1254);
#1252 = CARTESIAN_POINT('',(0.,0.,21.35));
#1253 = DIRECTION('',(0.,0.,1.));
#1254 = DIRECTION('',(1.,0.,0.));
#1255 = PCURVE('',#1170,#1256);
#1256 = DEFINITIONAL_REPRESENTATION('',(#1257),#1261);
#1257 = LINE('',#1258,#1259);
#1258 = CARTESIAN_POINT('',(-0.,2.15));
#1259 = VECTOR('',#1260,1.);
#1260 = DIRECTION('',(-1.,0.));
#1261 = ( GEOMETRIC_REPRESENTATION_CONTEXT(2) 
PARAMETRIC_REPRESENTATION_CONTEXT() REPRESENTATION_CONTEXT('2D SPACE',''
  ) );
#1262 = PCURVE('',#1263,#1268);
#1263 = PLANE('',#1264);
#1264 = AXIS2_PLACEMENT_3D('',#1265,#1266,#1267);
#1265 = CARTESIAN_POINT('',(0.,0.,21.35));
#1266 = DIRECTION('',(0.,0.,1.));
#1267 = DIRECTION('',(1.,0.,0.));
#1268 = DEFINITIONAL_REPRESENTATION('',(#1269),#1273);
#1269 = CIRCLE('',#1270,4.);
#1270 = AXIS2_PLACEMENT_2D('',#1271,#1272);
#1271 = CARTESIAN_POINT('',(0.,0.));
#1272 = DIRECTION('',(1.,-0.));
#1273 = ( GEOMETRIC_REPRESENTATION_CONTEXT(2) 
PARAMETRIC_REPRESENTATION_CONTEXT() REPRESENTATION_CONTEXT('2D SPACE',''
  ) );
#1274 = ORIENTED_EDGE('',*,*,#1225,.F.);
#1275 = ADVANCED_FACE('',(#1276),#1206,.F.);
#1276 = FACE_BOUND('',#1277,.T.);
#1277 = EDGE_LOOP('',(#1278,#1300,#1301,#1302));
#1278 = ORIENTED_EDGE('',*,*,#1279,.F.);
#1279 = EDGE_CURVE('',#1186,#1280,#1282,.T.);
#1280 = VERTEX_POINT('',#1281);
#1281 = CARTESIAN_POINT('',(10.,-2.449293598295E-15,19.4));
#1282 = SEAM_CURVE('',#1283,(#1288,#1294),.PCURVE_S1.);
#1283 = CIRCLE('',#1284,0.6);
#1284 = AXIS2_PLACEMENT_3D('',#1285,#1286,#1287);
#1285 = CARTESIAN_POINT('',(10.6,-2.596251214192E-15,19.4));
#1286 = DIRECTION('',(-2.449293598295E-16,-1.,0.));
#1287 = DIRECTION('',(1.,-2.449293598295E-16,0.));
#1288 = PCURVE('',#1206,#1289);
#1289 = DEFINITIONAL_REPRESENTATION('',(#1290),#1293);
#1290 = B_SPLINE_CURVE_WITH_KNOTS('',1,(#1291,#1292),.UNSPECIFIED.,.F.,
  .F.,(2,2),(1.570796326795,3.14159265359),.PIECEWISE_BEZIER_KNOTS.);
#1291 = CARTESIAN_POINT('',(0.,1.570796326795));
#1292 = CARTESIAN_POINT('',(0.,3.14159265359));
#1293 = ( GEOMETRIC_REPRESENTATION_CONTEXT(2) 
PARAMETRIC_REPRESENTATION_CONTEXT() REPRESENTATION_CONTEXT('2D SPACE',''
  ) );
#1294 = PCURVE('',#1206,#1295);
#1295 = DEFINITIONAL_REPRESENTATION('',(#1296),#1299);
#1296 = B_SPLINE_CURVE_WITH_KNOTS('',1,(#1297,#1298),.UNSPECIFIED.,.F.,
  .F.,(2,2),(1.570796326795,3.14159265359),.PIECEWISE_BEZIER_KNOTS.);
#1297 = CARTESIAN_POINT('',(-6.28318530718,1.570796326795));
#1298 = CARTESIAN_POINT('',(-6.28318530718,3.14159265359));
#1299 = ( GEOMETRIC_REPRESENTATION_CONTEXT(2) 
PARAMETRIC_REPRESENTATION_CONTEXT() REPRESENTATION_CONTEXT('2D SPACE',''
  ) );
#1300 = ORIENTED_EDGE('',*,*,#1185,.F.);
#1301 = ORIENTED_EDGE('',*,*,#1279,.T.);
#1302 = ORIENTED_EDGE('',*,*,#1303,.T.);
#1303 = EDGE_CURVE('',#1280,#1280,#1304,.T.);
#1304 = SURFACE_CURVE('',#1305,(#1310,#1317),.PCURVE_S1.);
#1305 = CIRCLE('',#1306,10.);
#1306 = AXIS2_PLACEMENT_3D('',#1307,#1308,#1309);
#1307 = CARTESIAN_POINT('',(0.,0.,19.4));
#1308 = DIRECTION('',(0.,-0.,-1.));
#1309 = DIRECTION('',(1.,-2.449293598295E-16,0.));
#1310 = PCURVE('',#1206,#1311);
#1311 = DEFINITIONAL_REPRESENTATION('',(#1312),#1316);
#1312 = LINE('',#1313,#1314);
#1313 = CARTESIAN_POINT('',(-0.,3.14159265359));
#1314 = VECTOR('',#1315,1.);
#1315 = DIRECTION('',(-1.,0.));
#1316 = ( GEOMETRIC_REPRESENTATION_CONTEXT(2) 
PARAMETRIC_REPRESENTATION_CONTEXT() REPRESENTATION_CONTEXT('2D SPACE',''
  ) );
#1317 = PCURVE('',#1318,#1323);
#1318 = CYLINDRICAL_SURFACE('',#1319,10.);
#1319 = AXIS2_PLACEMENT_3D('',#1320,#1321,#1322);
#1320 = CARTESIAN_POINT('',(0.,0.,21.));
#1321 = DIRECTION('',(-0.,-0.,-1.));
#1322 = DIRECTION('',(1.,0.,0.));
#1323 = DEFINITIONAL_REPRESENTATION('',(#1324),#1328);
#1324 = LINE('',#1325,#1326);
#1325 = CARTESIAN_POINT('',(-6.28318530718,1.6));
#1326 = VECTOR('',#1327,1.);
#1327 = DIRECTION('',(1.,-0.));
#1328 = ( GEOMETRIC_REPRESENTATION_CONTEXT(2) 
PARAMETRIC_REPRESENTATION_CONTEXT() REPRESENTATION_CONTEXT('2D SPACE',''
  ) );
#1329 = ADVANCED_FACE('',(#1330,#1333),#1263,.F.);
#1330 = FACE_BOUND('',#1331,.T.);
#1331 = EDGE_LOOP('',(#1332));
#1332 = ORIENTED_EDGE('',*,*,#1248,.T.);
#1333 = FACE_BOUND('',#1334,.T.);
#1334 = EDGE_LOOP('',(#1335));
#1335 = ORIENTED_EDGE('',*,*,#1336,.F.);
#1336 = EDGE_CURVE('',#1337,#1337,#1339,.T.);
#1337 = VERTEX_POINT('',#1338);
#1338 = CARTESIAN_POINT('',(5.1,0.,21.35));
#1339 = SURFACE_CURVE('',#1340,(#1345,#1352),.PCURVE_S1.);
#1340 = CIRCLE('',#1341,5.1);
#1341 = AXIS2_PLACEMENT_3D('',#1342,#1343,#1344);
#1342 = CARTESIAN_POINT('',(0.,0.,21.35));
#1343 = DIRECTION('',(0.,0.,1.));
#1344 = DIRECTION('',(1.,0.,0.));
#1345 = PCURVE('',#1263,#1346);
#1346 = DEFINITIONAL_REPRESENTATION('',(#1347),#1351);
#1347 = CIRCLE('',#1348,5.1);
#1348 = AXIS2_PLACEMENT_2D('',#1349,#1350);
#1349 = CARTESIAN_POINT('',(0.,0.));
#1350 = DIRECTION('',(1.,-0.));
#1351 = ( GEOMETRIC_REPRESENTATION_CONTEXT(2) 
PARAMETRIC_REPRESENTATION_CONTEXT() REPRESENTATION_CONTEXT('2D SPACE',''
  ) );
#1352 = PCURVE('',#1353,#1358);
#1353 = CYLINDRICAL_SURFACE('',#1354,5.1);
#1354 = AXIS2_PLACEMENT_3D('',#1355,#1356,#1357);
#1355 = CARTESIAN_POINT('',(0.,0.,21.35));
#1356 = DIRECTION('',(-0.,-0.,-1.));
#1357 = DIRECTION('',(1.,0.,0.));
#1358 = DEFINITIONAL_REPRESENTATION('',(#1359),#1363);
#1359 = LINE('',#1360,#1361);
#1360 = CARTESIAN_POINT('',(-0.,0.));
#1361 = VECTOR('',#1362,1.);
#1362 = DIRECTION('',(-1.,0.));
#1363 = ( GEOMETRIC_REPRESENTATION_CONTEXT(2) 
PARAMETRIC_REPRESENTATION_CONTEXT() REPRESENTATION_CONTEXT('2D SPACE',''
  ) );
#1364 = ADVANCED_FACE('',(#1365),#1318,.T.);
#1365 = FACE_BOUND('',#1366,.F.);
#1366 = EDGE_LOOP('',(#1367,#1390,#1391,#1392));
#1367 = ORIENTED_EDGE('',*,*,#1368,.F.);
#1368 = EDGE_CURVE('',#1280,#1369,#1371,.T.);
#1369 = VERTEX_POINT('',#1370);
#1370 = CARTESIAN_POINT('',(10.,0.,1.6));
#1371 = SEAM_CURVE('',#1372,(#1376,#1383),.PCURVE_S1.);
#1372 = LINE('',#1373,#1374);
#1373 = CARTESIAN_POINT('',(10.,0.,21.));
#1374 = VECTOR('',#1375,1.);
#1375 = DIRECTION('',(0.,0.,-1.));
#1376 = PCURVE('',#1318,#1377);
#1377 = DEFINITIONAL_REPRESENTATION('',(#1378),#1382);
#1378 = LINE('',#1379,#1380);
#1379 = CARTESIAN_POINT('',(-0.,0.));
#1380 = VECTOR('',#1381,1.);
#1381 = DIRECTION('',(-0.,1.));
#1382 = ( GEOMETRIC_REPRESENTATION_CONTEXT(2) 
PARAMETRIC_REPRESENTATION_CONTEXT() REPRESENTATION_CONTEXT('2D SPACE',''
  ) );
#1383 = PCURVE('',#1318,#1384);
#1384 = DEFINITIONAL_REPRESENTATION('',(#1385),#1389);
#1385 = LINE('',#1386,#1387);
#1386 = CARTESIAN_POINT('',(-6.28318530718,0.));
#1387 = VECTOR('',#1388,1.);
#1388 = DIRECTION('',(-0.,1.));
#1389 = ( GEOMETRIC_REPRESENTATION_CONTEXT(2) 
PARAMETRIC_REPRESENTATION_CONTEXT() REPRESENTATION_CONTEXT('2D SPACE',''
  ) );
#1390 = ORIENTED_EDGE('',*,*,#1303,.F.);
#1391 = ORIENTED_EDGE('',*,*,#1368,.T.);
#1392 = ORIENTED_EDGE('',*,*,#1393,.F.);
#1393 = EDGE_CURVE('',#1369,#1369,#1394,.T.);
#1394 = SURFACE_CURVE('',#1395,(#1400,#1407),.PCURVE_S1.);
#1395 = CIRCLE('',#1396,10.);
#1396 = AXIS2_PLACEMENT_3D('',#1397,#1398,#1399);
#1397 = CARTESIAN_POINT('',(0.,0.,1.6));
#1398 = DIRECTION('',(0.,0.,1.));
#1399 = DIRECTION('',(1.,0.,0.));
#1400 = PCURVE('',#1318,#1401);
#1401 = DEFINITIONAL_REPRESENTATION('',(#1402),#1406);
#1402 = LINE('',#1403,#1404);
#1403 = CARTESIAN_POINT('',(-0.,19.4));
#1404 = VECTOR('',#1405,1.);
#1405 = DIRECTION('',(-1.,0.));
#1406 = ( GEOMETRIC_REPRESENTATION_CONTEXT(2) 
PARAMETRIC_REPRESENTATION_CONTEXT() REPRESENTATION_CONTEXT('2D SPACE',''
  ) );
#1407 = PCURVE('',#1408,#1413);
#1408 = PLANE('',#1409);
#1409 = AXIS2_PLACEMENT_3D('',#1410,#1411,#1412);
#1410 = CARTESIAN_POINT('',(0.,0.,1.6));
#1411 = DIRECTION('',(0.,0.,1.));
#1412 = DIRECTION('',(1.,0.,0.));
#1413 = DEFINITIONAL_REPRESENTATION('',(#1414),#1418);
#1414 = CIRCLE('',#1415,10.);
#1415 = AXIS2_PLACEMENT_2D('',#1416,#1417);
#1416 = CARTESIAN_POINT('',(0.,0.));
#1417 = DIRECTION('',(1.,0.));
#1418 = ( GEOMETRIC_REPRESENTATION_CONTEXT(2) 
PARAMETRIC_REPRESENTATION_CONTEXT() REPRESENTATION_CONTEXT('2D SPACE',''
  ) );
#1419 = ADVANCED_FACE('',(#1420),#1353,.F.);
#1420 = FACE_BOUND('',#1421,.T.);
#1421 = EDGE_LOOP('',(#1422,#1423,#1446,#1473));
#1422 = ORIENTED_EDGE('',*,*,#1336,.T.);
#1423 = ORIENTED_EDGE('',*,*,#1424,.T.);
#1424 = EDGE_CURVE('',#1337,#1425,#1427,.T.);
#1425 = VERTEX_POINT('',#1426);
#1426 = CARTESIAN_POINT('',(5.1,0.,19.15));
#1427 = SEAM_CURVE('',#1428,(#1432,#1439),.PCURVE_S1.);
#1428 = LINE('',#1429,#1430);
#1429 = CARTESIAN_POINT('',(5.1,0.,21.35));
#1430 = VECTOR('',#1431,1.);
#1431 = DIRECTION('',(0.,0.,-1.));
#1432 = PCURVE('',#1353,#1433);
#1433 = DEFINITIONAL_REPRESENTATION('',(#1434),#1438);
#1434 = LINE('',#1435,#1436);
#1435 = CARTESIAN_POINT('',(-0.,0.));
#1436 = VECTOR('',#1437,1.);
#1437 = DIRECTION('',(-0.,1.));
#1438 = ( GEOMETRIC_REPRESENTATION_CONTEXT(2) 
PARAMETRIC_REPRESENTATION_CONTEXT() REPRESENTATION_CONTEXT('2D SPACE',''
  ) );
#1439 = PCURVE('',#1353,#1440);
#1440 = DEFINITIONAL_REPRESENTATION('',(#1441),#1445);
#1441 = LINE('',#1442,#1443);
#1442 = CARTESIAN_POINT('',(-6.28318530718,0.));
#1443 = VECTOR('',#1444,1.);
#1444 = DIRECTION('',(-0.,1.));
#1445 = ( GEOMETRIC_REPRESENTATION_CONTEXT(2) 
PARAMETRIC_REPRESENTATION_CONTEXT() REPRESENTATION_CONTEXT('2D SPACE',''
  ) );
#1446 = ORIENTED_EDGE('',*,*,#1447,.F.);
#1447 = EDGE_CURVE('',#1425,#1425,#1448,.T.);
#1448 = SURFACE_CURVE('',#1449,(#1454,#1461),.PCURVE_S1.);
#1449 = CIRCLE('',#1450,5.1);
#1450 = AXIS2_PLACEMENT_3D('',#1451,#1452,#1453);
#1451 = CARTESIAN_POINT('',(0.,0.,19.15));
#1452 = DIRECTION('',(0.,0.,1.));
#1453 = DIRECTION('',(1.,0.,0.));
#1454 = PCURVE('',#1353,#1455);
#1455 = DEFINITIONAL_REPRESENTATION('',(#1456),#1460);
#1456 = LINE('',#1457,#1458);
#1457 = CARTESIAN_POINT('',(-0.,2.2));
#1458 = VECTOR('',#1459,1.);
#1459 = DIRECTION('',(-1.,0.));
#1460 = ( GEOMETRIC_REPRESENTATION_CONTEXT(2) 
PARAMETRIC_REPRESENTATION_CONTEXT() REPRESENTATION_CONTEXT('2D SPACE',''
  ) );
#1461 = PCURVE('',#1462,#1467);
#1462 = PLANE('',#1463);
#1463 = AXIS2_PLACEMENT_3D('',#1464,#1465,#1466);
#1464 = CARTESIAN_POINT('',(0.,0.,19.15));
#1465 = DIRECTION('',(0.,0.,1.));
#1466 = DIRECTION('',(1.,0.,0.));
#1467 = DEFINITIONAL_REPRESENTATION('',(#1468),#1472);
#1468 = CIRCLE('',#1469,5.1);
#1469 = AXIS2_PLACEMENT_2D('',#1470,#1471);
#1470 = CARTESIAN_POINT('',(0.,0.));
#1471 = DIRECTION('',(1.,0.));
#1472 = ( GEOMETRIC_REPRESENTATION_CONTEXT(2) 
PARAMETRIC_REPRESENTATION_CONTEXT() REPRESENTATION_CONTEXT('2D SPACE',''
  ) );
#1473 = ORIENTED_EDGE('',*,*,#1424,.F.);
#1474 = ADVANCED_FACE('',(#1475,#1478),#1408,.F.);
#1475 = FACE_BOUND('',#1476,.F.);
#1476 = EDGE_LOOP('',(#1477));
#1477 = ORIENTED_EDGE('',*,*,#1393,.T.);
#1478 = FACE_BOUND('',#1479,.F.);
#1479 = EDGE_LOOP('',(#1480));
#1480 = ORIENTED_EDGE('',*,*,#1481,.F.);
#1481 = EDGE_CURVE('',#1482,#1482,#1484,.T.);
#1482 = VERTEX_POINT('',#1483);
#1483 = CARTESIAN_POINT('',(7.05,0.,1.6));
#1484 = SURFACE_CURVE('',#1485,(#1490,#1497),.PCURVE_S1.);
#1485 = CIRCLE('',#1486,7.05);
#1486 = AXIS2_PLACEMENT_3D('',#1487,#1488,#1489);
#1487 = CARTESIAN_POINT('',(0.,0.,1.6));
#1488 = DIRECTION('',(0.,0.,1.));
#1489 = DIRECTION('',(1.,0.,0.));
#1490 = PCURVE('',#1408,#1491);
#1491 = DEFINITIONAL_REPRESENTATION('',(#1492),#1496);
#1492 = CIRCLE('',#1493,7.05);
#1493 = AXIS2_PLACEMENT_2D('',#1494,#1495);
#1494 = CARTESIAN_POINT('',(0.,0.));
#1495 = DIRECTION('',(1.,0.));
#1496 = ( GEOMETRIC_REPRESENTATION_CONTEXT(2) 
PARAMETRIC_REPRESENTATION_CONTEXT() REPRESENTATION_CONTEXT('2D SPACE',''
  ) );
#1497 = PCURVE('',#1498,#1503);
#1498 = TOROIDAL_SURFACE('',#1499,7.05,0.3);
#1499 = AXIS2_PLACEMENT_3D('',#1500,#1501,#1502);
#1500 = CARTESIAN_POINT('',(0.,0.,1.3));
#1501 = DIRECTION('',(0.,0.,1.));
#1502 = DIRECTION('',(1.,0.,0.));
#1503 = DEFINITIONAL_REPRESENTATION('',(#1504),#1508);
#1504 = LINE('',#1505,#1506);
#1505 = CARTESIAN_POINT('',(0.,1.570796326795));
#1506 = VECTOR('',#1507,1.);
#1507 = DIRECTION('',(1.,0.));
#1508 = ( GEOMETRIC_REPRESENTATION_CONTEXT(2) 
PARAMETRIC_REPRESENTATION_CONTEXT() REPRESENTATION_CONTEXT('2D SPACE',''
  ) );
#1509 = ADVANCED_FACE('',(#1510,#1513),#1462,.T.);
#1510 = FACE_BOUND('',#1511,.T.);
#1511 = EDGE_LOOP('',(#1512));
#1512 = ORIENTED_EDGE('',*,*,#1447,.T.);
#1513 = FACE_BOUND('',#1514,.T.);
#1514 = EDGE_LOOP('',(#1515));
#1515 = ORIENTED_EDGE('',*,*,#1516,.F.);
#1516 = EDGE_CURVE('',#1517,#1517,#1519,.T.);
#1517 = VERTEX_POINT('',#1518);
#1518 = CARTESIAN_POINT('',(4.,0.,19.15));
#1519 = SURFACE_CURVE('',#1520,(#1525,#1532),.PCURVE_S1.);
#1520 = CIRCLE('',#1521,4.);
#1521 = AXIS2_PLACEMENT_3D('',#1522,#1523,#1524);
#1522 = CARTESIAN_POINT('',(0.,0.,19.15));
#1523 = DIRECTION('',(0.,0.,1.));
#1524 = DIRECTION('',(1.,0.,0.));
#1525 = PCURVE('',#1462,#1526);
#1526 = DEFINITIONAL_REPRESENTATION('',(#1527),#1531);
#1527 = CIRCLE('',#1528,4.);
#1528 = AXIS2_PLACEMENT_2D('',#1529,#1530);
#1529 = CARTESIAN_POINT('',(0.,0.));
#1530 = DIRECTION('',(1.,0.));
#1531 = ( GEOMETRIC_REPRESENTATION_CONTEXT(2) 
PARAMETRIC_REPRESENTATION_CONTEXT() REPRESENTATION_CONTEXT('2D SPACE',''
  ) );
#1532 = PCURVE('',#1533,#1538);
#1533 = CYLINDRICAL_SURFACE('',#1534,4.);
#1534 = AXIS2_PLACEMENT_3D('',#1535,#1536,#1537);
#1535 = CARTESIAN_POINT('',(0.,0.,19.15));
#1536 = DIRECTION('',(-0.,-0.,-1.));
#1537 = DIRECTION('',(1.,0.,0.));
#1538 = DEFINITIONAL_REPRESENTATION('',(#1539),#1543);
#1539 = LINE('',#1540,#1541);
#1540 = CARTESIAN_POINT('',(-0.,0.));
#1541 = VECTOR('',#1542,1.);
#1542 = DIRECTION('',(-1.,0.));
#1543 = ( GEOMETRIC_REPRESENTATION_CONTEXT(2) 
PARAMETRIC_REPRESENTATION_CONTEXT() REPRESENTATION_CONTEXT('2D SPACE',''
  ) );
#1544 = ADVANCED_FACE('',(#1545),#1498,.F.);
#1545 = FACE_BOUND('',#1546,.F.);
#1546 = EDGE_LOOP('',(#1547,#1548,#1572,#1599));
#1547 = ORIENTED_EDGE('',*,*,#1481,.T.);
#1548 = ORIENTED_EDGE('',*,*,#1549,.T.);
#1549 = EDGE_CURVE('',#1482,#1550,#1552,.T.);
#1550 = VERTEX_POINT('',#1551);
#1551 = CARTESIAN_POINT('',(6.75,0.,1.3));
#1552 = SEAM_CURVE('',#1553,(#1558,#1565),.PCURVE_S1.);
#1553 = CIRCLE('',#1554,0.3);
#1554 = AXIS2_PLACEMENT_3D('',#1555,#1556,#1557);
#1555 = CARTESIAN_POINT('',(7.05,0.,1.3));
#1556 = DIRECTION('',(0.,-1.,0.));
#1557 = DIRECTION('',(-2.960594732334E-15,0.,1.));
#1558 = PCURVE('',#1498,#1559);
#1559 = DEFINITIONAL_REPRESENTATION('',(#1560),#1564);
#1560 = LINE('',#1561,#1562);
#1561 = CARTESIAN_POINT('',(0.,1.570796326795));
#1562 = VECTOR('',#1563,1.);
#1563 = DIRECTION('',(0.,1.));
#1564 = ( GEOMETRIC_REPRESENTATION_CONTEXT(2) 
PARAMETRIC_REPRESENTATION_CONTEXT() REPRESENTATION_CONTEXT('2D SPACE',''
  ) );
#1565 = PCURVE('',#1498,#1566);
#1566 = DEFINITIONAL_REPRESENTATION('',(#1567),#1571);
#1567 = LINE('',#1568,#1569);
#1568 = CARTESIAN_POINT('',(6.28318530718,1.570796326795));
#1569 = VECTOR('',#1570,1.);
#1570 = DIRECTION('',(0.,1.));
#1571 = ( GEOMETRIC_REPRESENTATION_CONTEXT(2) 
PARAMETRIC_REPRESENTATION_CONTEXT() REPRESENTATION_CONTEXT('2D SPACE',''
  ) );
#1572 = ORIENTED_EDGE('',*,*,#1573,.F.);
#1573 = EDGE_CURVE('',#1550,#1550,#1574,.T.);
#1574 = SURFACE_CURVE('',#1575,(#1580,#1587),.PCURVE_S1.);
#1575 = CIRCLE('',#1576,6.75);
#1576 = AXIS2_PLACEMENT_3D('',#1577,#1578,#1579);
#1577 = CARTESIAN_POINT('',(0.,0.,1.3));
#1578 = DIRECTION('',(0.,0.,1.));
#1579 = DIRECTION('',(1.,0.,0.));
#1580 = PCURVE('',#1498,#1581);
#1581 = DEFINITIONAL_REPRESENTATION('',(#1582),#1586);
#1582 = LINE('',#1583,#1584);
#1583 = CARTESIAN_POINT('',(0.,3.14159265359));
#1584 = VECTOR('',#1585,1.);
#1585 = DIRECTION('',(1.,0.));
#1586 = ( GEOMETRIC_REPRESENTATION_CONTEXT(2) 
PARAMETRIC_REPRESENTATION_CONTEXT() REPRESENTATION_CONTEXT('2D SPACE',''
  ) );
#1587 = PCURVE('',#1588,#1593);
#1588 = CYLINDRICAL_SURFACE('',#1589,6.75);
#1589 = AXIS2_PLACEMENT_3D('',#1590,#1591,#1592);
#1590 = CARTESIAN_POINT('',(0.,0.,1.3));
#1591 = DIRECTION('',(-0.,-0.,-1.));
#1592 = DIRECTION('',(1.,0.,0.));
#1593 = DEFINITIONAL_REPRESENTATION('',(#1594),#1598);
#1594 = LINE('',#1595,#1596);
#1595 = CARTESIAN_POINT('',(-0.,0.));
#1596 = VECTOR('',#1597,1.);
#1597 = DIRECTION('',(-1.,0.));
#1598 = ( GEOMETRIC_REPRESENTATION_CONTEXT(2) 
PARAMETRIC_REPRESENTATION_CONTEXT() REPRESENTATION_CONTEXT('2D SPACE',''
  ) );
#1599 = ORIENTED_EDGE('',*,*,#1549,.F.);
#1600 = ADVANCED_FACE('',(#1601),#1533,.F.);
#1601 = FACE_BOUND('',#1602,.T.);
#1602 = EDGE_LOOP('',(#1603,#1604,#1627,#1654));
#1603 = ORIENTED_EDGE('',*,*,#1516,.T.);
#1604 = ORIENTED_EDGE('',*,*,#1605,.T.);
#1605 = EDGE_CURVE('',#1517,#1606,#1608,.T.);
#1606 = VERTEX_POINT('',#1607);
#1607 = CARTESIAN_POINT('',(4.,0.,17.));
#1608 = SEAM_CURVE('',#1609,(#1613,#1620),.PCURVE_S1.);
#1609 = LINE('',#1610,#1611);
#1610 = CARTESIAN_POINT('',(4.,0.,19.15));
#1611 = VECTOR('',#1612,1.);
#1612 = DIRECTION('',(0.,0.,-1.));
#1613 = PCURVE('',#1533,#1614);
#1614 = DEFINITIONAL_REPRESENTATION('',(#1615),#1619);
#1615 = LINE('',#1616,#1617);
#1616 = CARTESIAN_POINT('',(-0.,0.));
#1617 = VECTOR('',#1618,1.);
#1618 = DIRECTION('',(-0.,1.));
#1619 = ( GEOMETRIC_REPRESENTATION_CONTEXT(2) 
PARAMETRIC_REPRESENTATION_CONTEXT() REPRESENTATION_CONTEXT('2D SPACE',''
  ) );
#1620 = PCURVE('',#1533,#1621);
#1621 = DEFINITIONAL_REPRESENTATION('',(#1622),#1626);
#1622 = LINE('',#1623,#1624);
#1623 = CARTESIAN_POINT('',(-6.28318530718,0.));
#1624 = VECTOR('',#1625,1.);
#1625 = DIRECTION('',(-0.,1.));
#1626 = ( GEOMETRIC_REPRESENTATION_CONTEXT(2) 
PARAMETRIC_REPRESENTATION_CONTEXT() REPRESENTATION_CONTEXT('2D SPACE',''
  ) );
#1627 = ORIENTED_EDGE('',*,*,#1628,.F.);
#1628 = EDGE_CURVE('',#1606,#1606,#1629,.T.);
#1629 = SURFACE_CURVE('',#1630,(#1635,#1642),.PCURVE_S1.);
#1630 = CIRCLE('',#1631,4.);
#1631 = AXIS2_PLACEMENT_3D('',#1632,#1633,#1634);
#1632 = CARTESIAN_POINT('',(0.,0.,17.));
#1633 = DIRECTION('',(0.,0.,1.));
#1634 = DIRECTION('',(1.,0.,0.));
#1635 = PCURVE('',#1533,#1636);
#1636 = DEFINITIONAL_REPRESENTATION('',(#1637),#1641);
#1637 = LINE('',#1638,#1639);
#1638 = CARTESIAN_POINT('',(-0.,2.15));
#1639 = VECTOR('',#1640,1.);
#1640 = DIRECTION('',(-1.,0.));
#1641 = ( GEOMETRIC_REPRESENTATION_CONTEXT(2) 
PARAMETRIC_REPRESENTATION_CONTEXT() REPRESENTATION_CONTEXT('2D SPACE',''
  ) );
#1642 = PCURVE('',#1643,#1648);
#1643 = PLANE('',#1644);
#1644 = AXIS2_PLACEMENT_3D('',#1645,#1646,#1647);
#1645 = CARTESIAN_POINT('',(0.,0.,17.));
#1646 = DIRECTION('',(0.,0.,1.));
#1647 = DIRECTION('',(1.,0.,0.));
#1648 = DEFINITIONAL_REPRESENTATION('',(#1649),#1653);
#1649 = CIRCLE('',#1650,4.);
#1650 = AXIS2_PLACEMENT_2D('',#1651,#1652);
#1651 = CARTESIAN_POINT('',(0.,0.));
#1652 = DIRECTION('',(1.,0.));
#1653 = ( GEOMETRIC_REPRESENTATION_CONTEXT(2) 
PARAMETRIC_REPRESENTATION_CONTEXT() REPRESENTATION_CONTEXT('2D SPACE',''
  ) );
#1654 = ORIENTED_EDGE('',*,*,#1605,.F.);
#1655 = ADVANCED_FACE('',(#1656),#1588,.T.);
#1656 = FACE_BOUND('',#1657,.F.);
#1657 = EDGE_LOOP('',(#1658,#1659,#1682,#1709));
#1658 = ORIENTED_EDGE('',*,*,#1573,.T.);
#1659 = ORIENTED_EDGE('',*,*,#1660,.T.);
#1660 = EDGE_CURVE('',#1550,#1661,#1663,.T.);
#1661 = VERTEX_POINT('',#1662);
#1662 = CARTESIAN_POINT('',(6.75,0.,-1.3));
#1663 = SEAM_CURVE('',#1664,(#1668,#1675),.PCURVE_S1.);
#1664 = LINE('',#1665,#1666);
#1665 = CARTESIAN_POINT('',(6.75,0.,1.3));
#1666 = VECTOR('',#1667,1.);
#1667 = DIRECTION('',(0.,0.,-1.));
#1668 = PCURVE('',#1588,#1669);
#1669 = DEFINITIONAL_REPRESENTATION('',(#1670),#1674);
#1670 = LINE('',#1671,#1672);
#1671 = CARTESIAN_POINT('',(-0.,0.));
#1672 = VECTOR('',#1673,1.);
#1673 = DIRECTION('',(-0.,1.));
#1674 = ( GEOMETRIC_REPRESENTATION_CONTEXT(2) 
PARAMETRIC_REPRESENTATION_CONTEXT() REPRESENTATION_CONTEXT('2D SPACE',''
  ) );
#1675 = PCURVE('',#1588,#1676);
#1676 = DEFINITIONAL_REPRESENTATION('',(#1677),#1681);
#1677 = LINE('',#1678,#1679);
#1678 = CARTESIAN_POINT('',(-6.28318530718,0.));
#1679 = VECTOR('',#1680,1.);
#1680 = DIRECTION('',(-0.,1.));
#1681 = ( GEOMETRIC_REPRESENTATION_CONTEXT(2) 
PARAMETRIC_REPRESENTATION_CONTEXT() REPRESENTATION_CONTEXT('2D SPACE',''
  ) );
#1682 = ORIENTED_EDGE('',*,*,#1683,.F.);
#1683 = EDGE_CURVE('',#1661,#1661,#1684,.T.);
#1684 = SURFACE_CURVE('',#1685,(#1690,#1697),.PCURVE_S1.);
#1685 = CIRCLE('',#1686,6.75);
#1686 = AXIS2_PLACEMENT_3D('',#1687,#1688,#1689);
#1687 = CARTESIAN_POINT('',(0.,0.,-1.3));
#1688 = DIRECTION('',(0.,0.,1.));
#1689 = DIRECTION('',(1.,0.,0.));
#1690 = PCURVE('',#1588,#1691);
#1691 = DEFINITIONAL_REPRESENTATION('',(#1692),#1696);
#1692 = LINE('',#1693,#1694);
#1693 = CARTESIAN_POINT('',(-0.,2.6));
#1694 = VECTOR('',#1695,1.);
#1695 = DIRECTION('',(-1.,0.));
#1696 = ( GEOMETRIC_REPRESENTATION_CONTEXT(2) 
PARAMETRIC_REPRESENTATION_CONTEXT() REPRESENTATION_CONTEXT('2D SPACE',''
  ) );
#1697 = PCURVE('',#1698,#1703);
#1698 = TOROIDAL_SURFACE('',#1699,7.05,0.3);
#1699 = AXIS2_PLACEMENT_3D('',#1700,#1701,#1702);
#1700 = CARTESIAN_POINT('',(0.,0.,-1.3));
#1701 = DIRECTION('',(0.,0.,1.));
#1702 = DIRECTION('',(1.,0.,0.));
#1703 = DEFINITIONAL_REPRESENTATION('',(#1704),#1708);
#1704 = LINE('',#1705,#1706);
#1705 = CARTESIAN_POINT('',(0.,3.14159265359));
#1706 = VECTOR('',#1707,1.);
#1707 = DIRECTION('',(1.,0.));
#1708 = ( GEOMETRIC_REPRESENTATION_CONTEXT(2) 
PARAMETRIC_REPRESENTATION_CONTEXT() REPRESENTATION_CONTEXT('2D SPACE',''
  ) );
#1709 = ORIENTED_EDGE('',*,*,#1660,.F.);
#1710 = ADVANCED_FACE('',(#1711,#1714),#1643,.T.);
#1711 = FACE_BOUND('',#1712,.T.);
#1712 = EDGE_LOOP('',(#1713));
#1713 = ORIENTED_EDGE('',*,*,#1628,.T.);
#1714 = FACE_BOUND('',#1715,.T.);
#1715 = EDGE_LOOP('',(#1716));
#1716 = ORIENTED_EDGE('',*,*,#1717,.F.);
#1717 = EDGE_CURVE('',#1718,#1718,#1720,.T.);
#1718 = VERTEX_POINT('',#1719);
#1719 = CARTESIAN_POINT('',(2.,0.,17.));
#1720 = SURFACE_CURVE('',#1721,(#1726,#1733),.PCURVE_S1.);
#1721 = CIRCLE('',#1722,2.);
#1722 = AXIS2_PLACEMENT_3D('',#1723,#1724,#1725);
#1723 = CARTESIAN_POINT('',(0.,0.,17.));
#1724 = DIRECTION('',(0.,0.,1.));
#1725 = DIRECTION('',(1.,0.,0.));
#1726 = PCURVE('',#1643,#1727);
#1727 = DEFINITIONAL_REPRESENTATION('',(#1728),#1732);
#1728 = CIRCLE('',#1729,2.);
#1729 = AXIS2_PLACEMENT_2D('',#1730,#1731);
#1730 = CARTESIAN_POINT('',(0.,0.));
#1731 = DIRECTION('',(1.,0.));
#1732 = ( GEOMETRIC_REPRESENTATION_CONTEXT(2) 
PARAMETRIC_REPRESENTATION_CONTEXT() REPRESENTATION_CONTEXT('2D SPACE',''
  ) );
#1733 = PCURVE('',#1734,#1739);
#1734 = CYLINDRICAL_SURFACE('',#1735,2.);
#1735 = AXIS2_PLACEMENT_3D('',#1736,#1737,#1738);
#1736 = CARTESIAN_POINT('',(0.,0.,17.));
#1737 = DIRECTION('',(-0.,-0.,-1.));
#1738 = DIRECTION('',(1.,0.,0.));
#1739 = DEFINITIONAL_REPRESENTATION('',(#1740),#1744);
#1740 = LINE('',#1741,#1742);
#1741 = CARTESIAN_POINT('',(-0.,0.));
#1742 = VECTOR('',#1743,1.);
#1743 = DIRECTION('',(-1.,0.));
#1744 = ( GEOMETRIC_REPRESENTATION_CONTEXT(2) 
PARAMETRIC_REPRESENTATION_CONTEXT() REPRESENTATION_CONTEXT('2D SPACE',''
  ) );
#1745 = ADVANCED_FACE('',(#1746),#1698,.F.);
#1746 = FACE_BOUND('',#1747,.F.);
#1747 = EDGE_LOOP('',(#1748,#1749,#1773,#1800));
#1748 = ORIENTED_EDGE('',*,*,#1683,.T.);
#1749 = ORIENTED_EDGE('',*,*,#1750,.T.);
#1750 = EDGE_CURVE('',#1661,#1751,#1753,.T.);
#1751 = VERTEX_POINT('',#1752);
#1752 = CARTESIAN_POINT('',(7.05,0.,-1.6));
#1753 = SEAM_CURVE('',#1754,(#1759,#1766),.PCURVE_S1.);
#1754 = CIRCLE('',#1755,0.3);
#1755 = AXIS2_PLACEMENT_3D('',#1756,#1757,#1758);
#1756 = CARTESIAN_POINT('',(7.05,0.,-1.3));
#1757 = DIRECTION('',(0.,-1.,0.));
#1758 = DIRECTION('',(-1.,-0.,-7.401486830834E-16));
#1759 = PCURVE('',#1698,#1760);
#1760 = DEFINITIONAL_REPRESENTATION('',(#1761),#1765);
#1761 = LINE('',#1762,#1763);
#1762 = CARTESIAN_POINT('',(0.,3.14159265359));
#1763 = VECTOR('',#1764,1.);
#1764 = DIRECTION('',(0.,1.));
#1765 = ( GEOMETRIC_REPRESENTATION_CONTEXT(2) 
PARAMETRIC_REPRESENTATION_CONTEXT() REPRESENTATION_CONTEXT('2D SPACE',''
  ) );
#1766 = PCURVE('',#1698,#1767);
#1767 = DEFINITIONAL_REPRESENTATION('',(#1768),#1772);
#1768 = LINE('',#1769,#1770);
#1769 = CARTESIAN_POINT('',(6.28318530718,3.14159265359));
#1770 = VECTOR('',#1771,1.);
#1771 = DIRECTION('',(0.,1.));
#1772 = ( GEOMETRIC_REPRESENTATION_CONTEXT(2) 
PARAMETRIC_REPRESENTATION_CONTEXT() REPRESENTATION_CONTEXT('2D SPACE',''
  ) );
#1773 = ORIENTED_EDGE('',*,*,#1774,.F.);
#1774 = EDGE_CURVE('',#1751,#1751,#1775,.T.);
#1775 = SURFACE_CURVE('',#1776,(#1781,#1788),.PCURVE_S1.);
#1776 = CIRCLE('',#1777,7.05);
#1777 = AXIS2_PLACEMENT_3D('',#1778,#1779,#1780);
#1778 = CARTESIAN_POINT('',(0.,0.,-1.6));
#1779 = DIRECTION('',(0.,0.,1.));
#1780 = DIRECTION('',(1.,0.,0.));
#1781 = PCURVE('',#1698,#1782);
#1782 = DEFINITIONAL_REPRESENTATION('',(#1783),#1787);
#1783 = LINE('',#1784,#1785);
#1784 = CARTESIAN_POINT('',(0.,4.712388980385));
#1785 = VECTOR('',#1786,1.);
#1786 = DIRECTION('',(1.,0.));
#1787 = ( GEOMETRIC_REPRESENTATION_CONTEXT(2) 
PARAMETRIC_REPRESENTATION_CONTEXT() REPRESENTATION_CONTEXT('2D SPACE',''
  ) );
#1788 = PCURVE('',#1789,#1794);
#1789 = PLANE('',#1790);
#1790 = AXIS2_PLACEMENT_3D('',#1791,#1792,#1793);
#1791 = CARTESIAN_POINT('',(0.,0.,-1.6));
#1792 = DIRECTION('',(0.,0.,1.));
#1793 = DIRECTION('',(1.,0.,0.));
#1794 = DEFINITIONAL_REPRESENTATION('',(#1795),#1799);
#1795 = CIRCLE('',#1796,7.05);
#1796 = AXIS2_PLACEMENT_2D('',#1797,#1798);
#1797 = CARTESIAN_POINT('',(0.,0.));
#1798 = DIRECTION('',(1.,-0.));
#1799 = ( GEOMETRIC_REPRESENTATION_CONTEXT(2) 
PARAMETRIC_REPRESENTATION_CONTEXT() REPRESENTATION_CONTEXT('2D SPACE',''
  ) );
#1800 = ORIENTED_EDGE('',*,*,#1750,.F.);
#1801 = ADVANCED_FACE('',(#1802),#1734,.F.);
#1802 = FACE_BOUND('',#1803,.T.);
#1803 = EDGE_LOOP('',(#1804,#1805,#1828,#1855));
#1804 = ORIENTED_EDGE('',*,*,#1717,.T.);
#1805 = ORIENTED_EDGE('',*,*,#1806,.T.);
#1806 = EDGE_CURVE('',#1718,#1807,#1809,.T.);
#1807 = VERTEX_POINT('',#1808);
#1808 = CARTESIAN_POINT('',(2.,0.,14.));
#1809 = SEAM_CURVE('',#1810,(#1814,#1821),.PCURVE_S1.);
#1810 = LINE('',#1811,#1812);
#1811 = CARTESIAN_POINT('',(2.,0.,17.));
#1812 = VECTOR('',#1813,1.);
#1813 = DIRECTION('',(0.,0.,-1.));
#1814 = PCURVE('',#1734,#1815);
#1815 = DEFINITIONAL_REPRESENTATION('',(#1816),#1820);
#1816 = LINE('',#1817,#1818);
#1817 = CARTESIAN_POINT('',(-0.,0.));
#1818 = VECTOR('',#1819,1.);
#1819 = DIRECTION('',(-0.,1.));
#1820 = ( GEOMETRIC_REPRESENTATION_CONTEXT(2) 
PARAMETRIC_REPRESENTATION_CONTEXT() REPRESENTATION_CONTEXT('2D SPACE',''
  ) );
#1821 = PCURVE('',#1734,#1822);
#1822 = DEFINITIONAL_REPRESENTATION('',(#1823),#1827);
#1823 = LINE('',#1824,#1825);
#1824 = CARTESIAN_POINT('',(-6.28318530718,0.));
#1825 = VECTOR('',#1826,1.);
#1826 = DIRECTION('',(-0.,1.));
#1827 = ( GEOMETRIC_REPRESENTATION_CONTEXT(2) 
PARAMETRIC_REPRESENTATION_CONTEXT() REPRESENTATION_CONTEXT('2D SPACE',''
  ) );
#1828 = ORIENTED_EDGE('',*,*,#1829,.F.);
#1829 = EDGE_CURVE('',#1807,#1807,#1830,.T.);
#1830 = SURFACE_CURVE('',#1831,(#1836,#1843),.PCURVE_S1.);
#1831 = CIRCLE('',#1832,2.);
#1832 = AXIS2_PLACEMENT_3D('',#1833,#1834,#1835);
#1833 = CARTESIAN_POINT('',(0.,0.,14.));
#1834 = DIRECTION('',(0.,0.,1.));
#1835 = DIRECTION('',(1.,0.,0.));
#1836 = PCURVE('',#1734,#1837);
#1837 = DEFINITIONAL_REPRESENTATION('',(#1838),#1842);
#1838 = LINE('',#1839,#1840);
#1839 = CARTESIAN_POINT('',(-0.,3.));
#1840 = VECTOR('',#1841,1.);
#1841 = DIRECTION('',(-1.,0.));
#1842 = ( GEOMETRIC_REPRESENTATION_CONTEXT(2) 
PARAMETRIC_REPRESENTATION_CONTEXT() REPRESENTATION_CONTEXT('2D SPACE',''
  ) );
#1843 = PCURVE('',#1844,#1849);
#1844 = PLANE('',#1845);
#1845 = AXIS2_PLACEMENT_3D('',#1846,#1847,#1848);
#1846 = CARTESIAN_POINT('',(0.,0.,14.));
#1847 = DIRECTION('',(0.,0.,1.));
#1848 = DIRECTION('',(1.,0.,0.));
#1849 = DEFINITIONAL_REPRESENTATION('',(#1850),#1854);
#1850 = CIRCLE('',#1851,2.);
#1851 = AXIS2_PLACEMENT_2D('',#1852,#1853);
#1852 = CARTESIAN_POINT('',(0.,0.));
#1853 = DIRECTION('',(1.,-0.));
#1854 = ( GEOMETRIC_REPRESENTATION_CONTEXT(2) 
PARAMETRIC_REPRESENTATION_CONTEXT() REPRESENTATION_CONTEXT('2D SPACE',''
  ) );
#1855 = ORIENTED_EDGE('',*,*,#1806,.F.);
#1856 = ADVANCED_FACE('',(#1857,#1860),#1789,.T.);
#1857 = FACE_BOUND('',#1858,.F.);
#1858 = EDGE_LOOP('',(#1859));
#1859 = ORIENTED_EDGE('',*,*,#1774,.T.);
#1860 = FACE_BOUND('',#1861,.F.);
#1861 = EDGE_LOOP('',(#1862));
#1862 = ORIENTED_EDGE('',*,*,#1863,.F.);
#1863 = EDGE_CURVE('',#1864,#1864,#1866,.T.);
#1864 = VERTEX_POINT('',#1865);
#1865 = CARTESIAN_POINT('',(10.,0.,-1.6));
#1866 = SURFACE_CURVE('',#1867,(#1872,#1879),.PCURVE_S1.);
#1867 = CIRCLE('',#1868,10.);
#1868 = AXIS2_PLACEMENT_3D('',#1869,#1870,#1871);
#1869 = CARTESIAN_POINT('',(0.,0.,-1.6));
#1870 = DIRECTION('',(0.,0.,1.));
#1871 = DIRECTION('',(1.,0.,0.));
#1872 = PCURVE('',#1789,#1873);
#1873 = DEFINITIONAL_REPRESENTATION('',(#1874),#1878);
#1874 = CIRCLE('',#1875,10.);
#1875 = AXIS2_PLACEMENT_2D('',#1876,#1877);
#1876 = CARTESIAN_POINT('',(0.,0.));
#1877 = DIRECTION('',(1.,-0.));
#1878 = ( GEOMETRIC_REPRESENTATION_CONTEXT(2) 
PARAMETRIC_REPRESENTATION_CONTEXT() REPRESENTATION_CONTEXT('2D SPACE',''
  ) );
#1879 = PCURVE('',#1880,#1885);
#1880 = CYLINDRICAL_SURFACE('',#1881,10.);
#1881 = AXIS2_PLACEMENT_3D('',#1882,#1883,#1884);
#1882 = CARTESIAN_POINT('',(0.,0.,-1.6));
#1883 = DIRECTION('',(-0.,-0.,-1.));
#1884 = DIRECTION('',(1.,0.,0.));
#1885 = DEFINITIONAL_REPRESENTATION('',(#1886),#1890);
#1886 = LINE('',#1887,#1888);
#1887 = CARTESIAN_POINT('',(-0.,0.));
#1888 = VECTOR('',#1889,1.);
#1889 = DIRECTION('',(-1.,0.));
#1890 = ( GEOMETRIC_REPRESENTATION_CONTEXT(2) 
PARAMETRIC_REPRESENTATION_CONTEXT() REPRESENTATION_CONTEXT('2D SPACE',''
  ) );
#1891 = ADVANCED_FACE('',(#1892,#1895),#1844,.F.);
#1892 = FACE_BOUND('',#1893,.T.);
#1893 = EDGE_LOOP('',(#1894));
#1894 = ORIENTED_EDGE('',*,*,#1829,.T.);
#1895 = FACE_BOUND('',#1896,.T.);
#1896 = EDGE_LOOP('',(#1897));
#1897 = ORIENTED_EDGE('',*,*,#1898,.F.);
#1898 = EDGE_CURVE('',#1899,#1899,#1901,.T.);
#1899 = VERTEX_POINT('',#1900);
#1900 = CARTESIAN_POINT('',(5.25,0.,14.));
#1901 = SURFACE_CURVE('',#1902,(#1907,#1914),.PCURVE_S1.);
#1902 = CIRCLE('',#1903,5.25);
#1903 = AXIS2_PLACEMENT_3D('',#1904,#1905,#1906);
#1904 = CARTESIAN_POINT('',(0.,0.,14.));
#1905 = DIRECTION('',(0.,0.,1.));
#1906 = DIRECTION('',(1.,0.,0.));
#1907 = PCURVE('',#1844,#1908);
#1908 = DEFINITIONAL_REPRESENTATION('',(#1909),#1913);
#1909 = CIRCLE('',#1910,5.25);
#1910 = AXIS2_PLACEMENT_2D('',#1911,#1912);
#1911 = CARTESIAN_POINT('',(0.,0.));
#1912 = DIRECTION('',(1.,-0.));
#1913 = ( GEOMETRIC_REPRESENTATION_CONTEXT(2) 
PARAMETRIC_REPRESENTATION_CONTEXT() REPRESENTATION_CONTEXT('2D SPACE',''
  ) );
#1914 = PCURVE('',#1915,#1920);
#1915 = CYLINDRICAL_SURFACE('',#1916,5.25);
#1916 = AXIS2_PLACEMENT_3D('',#1917,#1918,#1919);
#1917 = CARTESIAN_POINT('',(0.,0.,14.));
#1918 = DIRECTION('',(-0.,-0.,-1.));
#1919 = DIRECTION('',(1.,0.,0.));
#1920 = DEFINITIONAL_REPRESENTATION('',(#1921),#1925);
#1921 = LINE('',#1922,#1923);
#1922 = CARTESIAN_POINT('',(-0.,0.));
#1923 = VECTOR('',#1924,1.);
#1924 = DIRECTION('',(-1.,0.));
#1925 = ( GEOMETRIC_REPRESENTATION_CONTEXT(2) 
PARAMETRIC_REPRESENTATION_CONTEXT() REPRESENTATION_CONTEXT('2D SPACE',''
  ) );
#1926 = ADVANCED_FACE('',(#1927),#1880,.T.);
#1927 = FACE_BOUND('',#1928,.F.);
#1928 = EDGE_LOOP('',(#1929,#1930,#1953,#1980));
#1929 = ORIENTED_EDGE('',*,*,#1863,.T.);
#1930 = ORIENTED_EDGE('',*,*,#1931,.T.);
#1931 = EDGE_CURVE('',#1864,#1932,#1934,.T.);
#1932 = VERTEX_POINT('',#1933);
#1933 = CARTESIAN_POINT('',(10.,0.,-6.5));
#1934 = SEAM_CURVE('',#1935,(#1939,#1946),.PCURVE_S1.);
#1935 = LINE('',#1936,#1937);
#1936 = CARTESIAN_POINT('',(10.,0.,-1.6));
#1937 = VECTOR('',#1938,1.);
#1938 = DIRECTION('',(0.,0.,-1.));
#1939 = PCURVE('',#1880,#1940);
#1940 = DEFINITIONAL_REPRESENTATION('',(#1941),#1945);
#1941 = LINE('',#1942,#1943);
#1942 = CARTESIAN_POINT('',(-0.,0.));
#1943 = VECTOR('',#1944,1.);
#1944 = DIRECTION('',(-0.,1.));
#1945 = ( GEOMETRIC_REPRESENTATION_CONTEXT(2) 
PARAMETRIC_REPRESENTATION_CONTEXT() REPRESENTATION_CONTEXT('2D SPACE',''
  ) );
#1946 = PCURVE('',#1880,#1947);
#1947 = DEFINITIONAL_REPRESENTATION('',(#1948),#1952);
#1948 = LINE('',#1949,#1950);
#1949 = CARTESIAN_POINT('',(-6.28318530718,0.));
#1950 = VECTOR('',#1951,1.);
#1951 = DIRECTION('',(-0.,1.));
#1952 = ( GEOMETRIC_REPRESENTATION_CONTEXT(2) 
PARAMETRIC_REPRESENTATION_CONTEXT() REPRESENTATION_CONTEXT('2D SPACE',''
  ) );
#1953 = ORIENTED_EDGE('',*,*,#1954,.F.);
#1954 = EDGE_CURVE('',#1932,#1932,#1955,.T.);
#1955 = SURFACE_CURVE('',#1956,(#1961,#1968),.PCURVE_S1.);
#1956 = CIRCLE('',#1957,10.);
#1957 = AXIS2_PLACEMENT_3D('',#1958,#1959,#1960);
#1958 = CARTESIAN_POINT('',(0.,0.,-6.5));
#1959 = DIRECTION('',(0.,0.,1.));
#1960 = DIRECTION('',(1.,0.,0.));
#1961 = PCURVE('',#1880,#1962);
#1962 = DEFINITIONAL_REPRESENTATION('',(#1963),#1967);
#1963 = LINE('',#1964,#1965);
#1964 = CARTESIAN_POINT('',(-0.,4.9));
#1965 = VECTOR('',#1966,1.);
#1966 = DIRECTION('',(-1.,0.));
#1967 = ( GEOMETRIC_REPRESENTATION_CONTEXT(2) 
PARAMETRIC_REPRESENTATION_CONTEXT() REPRESENTATION_CONTEXT('2D SPACE',''
  ) );
#1968 = PCURVE('',#1969,#1974);
#1969 = TOROIDAL_SURFACE('',#1970,9.5,0.5);
#1970 = AXIS2_PLACEMENT_3D('',#1971,#1972,#1973);
#1971 = CARTESIAN_POINT('',(0.,0.,-6.5));
#1972 = DIRECTION('',(-0.,-0.,-1.));
#1973 = DIRECTION('',(1.,0.,0.));
#1974 = DEFINITIONAL_REPRESENTATION('',(#1975),#1979);
#1975 = LINE('',#1976,#1977);
#1976 = CARTESIAN_POINT('',(-0.,1.7763568394E-15));
#1977 = VECTOR('',#1978,1.);
#1978 = DIRECTION('',(-1.,0.));
#1979 = ( GEOMETRIC_REPRESENTATION_CONTEXT(2) 
PARAMETRIC_REPRESENTATION_CONTEXT() REPRESENTATION_CONTEXT('2D SPACE',''
  ) );
#1980 = ORIENTED_EDGE('',*,*,#1931,.F.);
#1981 = ADVANCED_FACE('',(#1982),#1915,.F.);
#1982 = FACE_BOUND('',#1983,.T.);
#1983 = EDGE_LOOP('',(#1984,#1985,#2008,#2035));
#1984 = ORIENTED_EDGE('',*,*,#1898,.T.);
#1985 = ORIENTED_EDGE('',*,*,#1986,.T.);
#1986 = EDGE_CURVE('',#1899,#1987,#1989,.T.);
#1987 = VERTEX_POINT('',#1988);
#1988 = CARTESIAN_POINT('',(5.25,0.,-4.));
#1989 = SEAM_CURVE('',#1990,(#1994,#2001),.PCURVE_S1.);
#1990 = LINE('',#1991,#1992);
#1991 = CARTESIAN_POINT('',(5.25,0.,14.));
#1992 = VECTOR('',#1993,1.);
#1993 = DIRECTION('',(0.,0.,-1.));
#1994 = PCURVE('',#1915,#1995);
#1995 = DEFINITIONAL_REPRESENTATION('',(#1996),#2000);
#1996 = LINE('',#1997,#1998);
#1997 = CARTESIAN_POINT('',(-0.,0.));
#1998 = VECTOR('',#1999,1.);
#1999 = DIRECTION('',(-0.,1.));
#2000 = ( GEOMETRIC_REPRESENTATION_CONTEXT(2) 
PARAMETRIC_REPRESENTATION_CONTEXT() REPRESENTATION_CONTEXT('2D SPACE',''
  ) );
#2001 = PCURVE('',#1915,#2002);
#2002 = DEFINITIONAL_REPRESENTATION('',(#2003),#2007);
#2003 = LINE('',#2004,#2005);
#2004 = CARTESIAN_POINT('',(-6.28318530718,0.));
#2005 = VECTOR('',#2006,1.);
#2006 = DIRECTION('',(-0.,1.));
#2007 = ( GEOMETRIC_REPRESENTATION_CONTEXT(2) 
PARAMETRIC_REPRESENTATION_CONTEXT() REPRESENTATION_CONTEXT('2D SPACE',''
  ) );
#2008 = ORIENTED_EDGE('',*,*,#2009,.F.);
#2009 = EDGE_CURVE('',#1987,#1987,#2010,.T.);
#2010 = SURFACE_CURVE('',#2011,(#2016,#2023),.PCURVE_S1.);
#2011 = CIRCLE('',#2012,5.25);
#2012 = AXIS2_PLACEMENT_3D('',#2013,#2014,#2015);
#2013 = CARTESIAN_POINT('',(0.,0.,-4.));
#2014 = DIRECTION('',(0.,0.,1.));
#2015 = DIRECTION('',(1.,0.,0.));
#2016 = PCURVE('',#1915,#2017);
#2017 = DEFINITIONAL_REPRESENTATION('',(#2018),#2022);
#2018 = LINE('',#2019,#2020);
#2019 = CARTESIAN_POINT('',(-0.,18.));
#2020 = VECTOR('',#2021,1.);
#2021 = DIRECTION('',(-1.,0.));
#2022 = ( GEOMETRIC_REPRESENTATION_CONTEXT(2) 
PARAMETRIC_REPRESENTATION_CONTEXT() REPRESENTATION_CONTEXT('2D SPACE',''
  ) );
#2023 = PCURVE('',#2024,#2029);
#2024 = CONICAL_SURFACE('',#2025,5.25,1.029744258677);
#2025 = AXIS2_PLACEMENT_3D('',#2026,#2027,#2028);
#2026 = CARTESIAN_POINT('',(0.,0.,-4.));
#2027 = DIRECTION('',(0.,0.,1.));
#2028 = DIRECTION('',(1.,0.,0.));
#2029 = DEFINITIONAL_REPRESENTATION('',(#2030),#2034);
#2030 = LINE('',#2031,#2032);
#2031 = CARTESIAN_POINT('',(0.,-0.));
#2032 = VECTOR('',#2033,1.);
#2033 = DIRECTION('',(1.,-0.));
#2034 = ( GEOMETRIC_REPRESENTATION_CONTEXT(2) 
PARAMETRIC_REPRESENTATION_CONTEXT() REPRESENTATION_CONTEXT('2D SPACE',''
  ) );
#2035 = ORIENTED_EDGE('',*,*,#1986,.F.);
#2036 = ADVANCED_FACE('',(#2037),#1969,.T.);
#2037 = FACE_BOUND('',#2038,.F.);
#2038 = EDGE_LOOP('',(#2039,#2040,#2064,#2091));
#2039 = ORIENTED_EDGE('',*,*,#1954,.T.);
#2040 = ORIENTED_EDGE('',*,*,#2041,.T.);
#2041 = EDGE_CURVE('',#1932,#2042,#2044,.T.);
#2042 = VERTEX_POINT('',#2043);
#2043 = CARTESIAN_POINT('',(9.5,0.,-7.));
#2044 = SEAM_CURVE('',#2045,(#2050,#2057),.PCURVE_S1.);
#2045 = CIRCLE('',#2046,0.5);
#2046 = AXIS2_PLACEMENT_3D('',#2047,#2048,#2049);
#2047 = CARTESIAN_POINT('',(9.5,0.,-6.5));
#2048 = DIRECTION('',(0.,1.,0.));
#2049 = DIRECTION('',(1.,0.,-1.7763568394E-15));
#2050 = PCURVE('',#1969,#2051);
#2051 = DEFINITIONAL_REPRESENTATION('',(#2052),#2056);
#2052 = LINE('',#2053,#2054);
#2053 = CARTESIAN_POINT('',(-0.,1.7763568394E-15));
#2054 = VECTOR('',#2055,1.);
#2055 = DIRECTION('',(-0.,1.));
#2056 = ( GEOMETRIC_REPRESENTATION_CONTEXT(2) 
PARAMETRIC_REPRESENTATION_CONTEXT() REPRESENTATION_CONTEXT('2D SPACE',''
  ) );
#2057 = PCURVE('',#1969,#2058);
#2058 = DEFINITIONAL_REPRESENTATION('',(#2059),#2063);
#2059 = LINE('',#2060,#2061);
#2060 = CARTESIAN_POINT('',(-6.28318530718,1.7763568394E-15));
#2061 = VECTOR('',#2062,1.);
#2062 = DIRECTION('',(-0.,1.));
#2063 = ( GEOMETRIC_REPRESENTATION_CONTEXT(2) 
PARAMETRIC_REPRESENTATION_CONTEXT() REPRESENTATION_CONTEXT('2D SPACE',''
  ) );
#2064 = ORIENTED_EDGE('',*,*,#2065,.F.);
#2065 = EDGE_CURVE('',#2042,#2042,#2066,.T.);
#2066 = SURFACE_CURVE('',#2067,(#2072,#2079),.PCURVE_S1.);
#2067 = CIRCLE('',#2068,9.5);
#2068 = AXIS2_PLACEMENT_3D('',#2069,#2070,#2071);
#2069 = CARTESIAN_POINT('',(0.,0.,-7.));
#2070 = DIRECTION('',(0.,0.,1.));
#2071 = DIRECTION('',(1.,0.,0.));
#2072 = PCURVE('',#1969,#2073);
#2073 = DEFINITIONAL_REPRESENTATION('',(#2074),#2078);
#2074 = LINE('',#2075,#2076);
#2075 = CARTESIAN_POINT('',(-0.,1.570796326795));
#2076 = VECTOR('',#2077,1.);
#2077 = DIRECTION('',(-1.,0.));
#2078 = ( GEOMETRIC_REPRESENTATION_CONTEXT(2) 
PARAMETRIC_REPRESENTATION_CONTEXT() REPRESENTATION_CONTEXT('2D SPACE',''
  ) );
#2079 = PCURVE('',#2080,#2085);
#2080 = PLANE('',#2081);
#2081 = AXIS2_PLACEMENT_3D('',#2082,#2083,#2084);
#2082 = CARTESIAN_POINT('',(0.,0.,-7.));
#2083 = DIRECTION('',(0.,0.,1.));
#2084 = DIRECTION('',(1.,0.,0.));
#2085 = DEFINITIONAL_REPRESENTATION('',(#2086),#2090);
#2086 = CIRCLE('',#2087,9.5);
#2087 = AXIS2_PLACEMENT_2D('',#2088,#2089);
#2088 = CARTESIAN_POINT('',(0.,0.));
#2089 = DIRECTION('',(1.,0.));
#2090 = ( GEOMETRIC_REPRESENTATION_CONTEXT(2) 
PARAMETRIC_REPRESENTATION_CONTEXT() REPRESENTATION_CONTEXT('2D SPACE',''
  ) );
#2091 = ORIENTED_EDGE('',*,*,#2041,.F.);
#2092 = ADVANCED_FACE('',(#2093),#2024,.F.);
#2093 = FACE_BOUND('',#2094,.T.);
#2094 = EDGE_LOOP('',(#2095,#2096,#2119));
#2095 = ORIENTED_EDGE('',*,*,#2009,.T.);
#2096 = ORIENTED_EDGE('',*,*,#2097,.T.);
#2097 = EDGE_CURVE('',#1987,#2098,#2100,.T.);
#2098 = VERTEX_POINT('',#2099);
#2099 = CARTESIAN_POINT('',(0.,0.,-7.154518249895));
#2100 = SEAM_CURVE('',#2101,(#2105,#2112),.PCURVE_S1.);
#2101 = LINE('',#2102,#2103);
#2102 = CARTESIAN_POINT('',(5.25,0.,-4.));
#2103 = VECTOR('',#2104,1.);
#2104 = DIRECTION('',(-0.857167300702,0.,-0.51503807491));
#2105 = PCURVE('',#2024,#2106);
#2106 = DEFINITIONAL_REPRESENTATION('',(#2107),#2111);
#2107 = LINE('',#2108,#2109);
#2108 = CARTESIAN_POINT('',(0.,-0.));
#2109 = VECTOR('',#2110,1.);
#2110 = DIRECTION('',(0.,-1.));
#2111 = ( GEOMETRIC_REPRESENTATION_CONTEXT(2) 
PARAMETRIC_REPRESENTATION_CONTEXT() REPRESENTATION_CONTEXT('2D SPACE',''
  ) );
#2112 = PCURVE('',#2024,#2113);
#2113 = DEFINITIONAL_REPRESENTATION('',(#2114),#2118);
#2114 = LINE('',#2115,#2116);
#2115 = CARTESIAN_POINT('',(6.28318530718,-0.));
#2116 = VECTOR('',#2117,1.);
#2117 = DIRECTION('',(0.,-1.));
#2118 = ( GEOMETRIC_REPRESENTATION_CONTEXT(2) 
PARAMETRIC_REPRESENTATION_CONTEXT() REPRESENTATION_CONTEXT('2D SPACE',''
  ) );
#2119 = ORIENTED_EDGE('',*,*,#2097,.F.);
#2120 = ADVANCED_FACE('',(#2121,#2124),#2080,.F.);
#2121 = FACE_BOUND('',#2122,.F.);
#2122 = EDGE_LOOP('',(#2123));
#2123 = ORIENTED_EDGE('',*,*,#2065,.T.);
#2124 = FACE_BOUND('',#2125,.F.);
#2125 = EDGE_LOOP('',(#2126));
#2126 = ORIENTED_EDGE('',*,*,#2127,.F.);
#2127 = EDGE_CURVE('',#2128,#2128,#2130,.T.);
#2128 = VERTEX_POINT('',#2129);
#2129 = CARTESIAN_POINT('',(8.65,0.,-7.));
#2130 = SURFACE_CURVE('',#2131,(#2136,#2143),.PCURVE_S1.);
#2131 = CIRCLE('',#2132,8.65);
#2132 = AXIS2_PLACEMENT_3D('',#2133,#2134,#2135);
#2133 = CARTESIAN_POINT('',(0.,0.,-7.));
#2134 = DIRECTION('',(0.,0.,1.));
#2135 = DIRECTION('',(1.,0.,0.));
#2136 = PCURVE('',#2080,#2137);
#2137 = DEFINITIONAL_REPRESENTATION('',(#2138),#2142);
#2138 = CIRCLE('',#2139,8.65);
#2139 = AXIS2_PLACEMENT_2D('',#2140,#2141);
#2140 = CARTESIAN_POINT('',(0.,0.));
#2141 = DIRECTION('',(1.,0.));
#2142 = ( GEOMETRIC_REPRESENTATION_CONTEXT(2) 
PARAMETRIC_REPRESENTATION_CONTEXT() REPRESENTATION_CONTEXT('2D SPACE',''
  ) );
#2143 = PCURVE('',#2144,#2149);
#2144 = CYLINDRICAL_SURFACE('',#2145,8.65);
#2145 = AXIS2_PLACEMENT_3D('',#2146,#2147,#2148);
#2146 = CARTESIAN_POINT('',(0.,0.,-7.));
#2147 = DIRECTION('',(-0.,-0.,-1.));
#2148 = DIRECTION('',(1.,0.,0.));
#2149 = DEFINITIONAL_REPRESENTATION('',(#2150),#2154);
#2150 = LINE('',#2151,#2152);
#2151 = CARTESIAN_POINT('',(-0.,0.));
#2152 = VECTOR('',#2153,1.);
#2153 = DIRECTION('',(-1.,0.));
#2154 = ( GEOMETRIC_REPRESENTATION_CONTEXT(2) 
PARAMETRIC_REPRESENTATION_CONTEXT() REPRESENTATION_CONTEXT('2D SPACE',''
  ) );
#2155 = ADVANCED_FACE('',(#2156),#2144,.T.);
#2156 = FACE_BOUND('',#2157,.F.);
#2157 = EDGE_LOOP('',(#2158,#2159,#2182,#2209));
#2158 = ORIENTED_EDGE('',*,*,#2127,.T.);
#2159 = ORIENTED_EDGE('',*,*,#2160,.T.);
#2160 = EDGE_CURVE('',#2128,#2161,#2163,.T.);
#2161 = VERTEX_POINT('',#2162);
#2162 = CARTESIAN_POINT('',(8.65,0.,-9.5));
#2163 = SEAM_CURVE('',#2164,(#2168,#2175),.PCURVE_S1.);
#2164 = LINE('',#2165,#2166);
#2165 = CARTESIAN_POINT('',(8.65,0.,-7.));
#2166 = VECTOR('',#2167,1.);
#2167 = DIRECTION('',(0.,0.,-1.));
#2168 = PCURVE('',#2144,#2169);
#2169 = DEFINITIONAL_REPRESENTATION('',(#2170),#2174);
#2170 = LINE('',#2171,#2172);
#2171 = CARTESIAN_POINT('',(-0.,0.));
#2172 = VECTOR('',#2173,1.);
#2173 = DIRECTION('',(-0.,1.));
#2174 = ( GEOMETRIC_REPRESENTATION_CONTEXT(2) 
PARAMETRIC_REPRESENTATION_CONTEXT() REPRESENTATION_CONTEXT('2D SPACE',''
  ) );
#2175 = PCURVE('',#2144,#2176);
#2176 = DEFINITIONAL_REPRESENTATION('',(#2177),#2181);
#2177 = LINE('',#2178,#2179);
#2178 = CARTESIAN_POINT('',(-6.28318530718,0.));
#2179 = VECTOR('',#2180,1.);
#2180 = DIRECTION('',(-0.,1.));
#2181 = ( GEOMETRIC_REPRESENTATION_CONTEXT(2) 
PARAMETRIC_REPRESENTATION_CONTEXT() REPRESENTATION_CONTEXT('2D SPACE',''
  ) );
#2182 = ORIENTED_EDGE('',*,*,#2183,.F.);
#2183 = EDGE_CURVE('',#2161,#2161,#2184,.T.);
#2184 = SURFACE_CURVE('',#2185,(#2190,#2197),.PCURVE_S1.);
#2185 = CIRCLE('',#2186,8.65);
#2186 = AXIS2_PLACEMENT_3D('',#2187,#2188,#2189);
#2187 = CARTESIAN_POINT('',(0.,0.,-9.5));
#2188 = DIRECTION('',(0.,0.,1.));
#2189 = DIRECTION('',(1.,0.,0.));
#2190 = PCURVE('',#2144,#2191);
#2191 = DEFINITIONAL_REPRESENTATION('',(#2192),#2196);
#2192 = LINE('',#2193,#2194);
#2193 = CARTESIAN_POINT('',(-0.,2.5));
#2194 = VECTOR('',#2195,1.);
#2195 = DIRECTION('',(-1.,0.));
#2196 = ( GEOMETRIC_REPRESENTATION_CONTEXT(2) 
PARAMETRIC_REPRESENTATION_CONTEXT() REPRESENTATION_CONTEXT('2D SPACE',''
  ) );
#2197 = PCURVE('',#2198,#2203);
#2198 = TOROIDAL_SURFACE('',#2199,9.15,0.5);
#2199 = AXIS2_PLACEMENT_3D('',#2200,#2201,#2202);
#2200 = CARTESIAN_POINT('',(0.,0.,-9.5));
#2201 = DIRECTION('',(0.,0.,1.));
#2202 = DIRECTION('',(1.,0.,0.));
#2203 = DEFINITIONAL_REPRESENTATION('',(#2204),#2208);
#2204 = LINE('',#2205,#2206);
#2205 = CARTESIAN_POINT('',(0.,3.14159265359));
#2206 = VECTOR('',#2207,1.);
#2207 = DIRECTION('',(1.,0.));
#2208 = ( GEOMETRIC_REPRESENTATION_CONTEXT(2) 
PARAMETRIC_REPRESENTATION_CONTEXT() REPRESENTATION_CONTEXT('2D SPACE',''
  ) );
#2209 = ORIENTED_EDGE('',*,*,#2160,.F.);
#2210 = ADVANCED_FACE('',(#2211),#2198,.F.);
#2211 = FACE_BOUND('',#2212,.F.);
#2212 = EDGE_LOOP('',(#2213,#2214,#2238,#2265));
#2213 = ORIENTED_EDGE('',*,*,#2183,.T.);
#2214 = ORIENTED_EDGE('',*,*,#2215,.T.);
#2215 = EDGE_CURVE('',#2161,#2216,#2218,.T.);
#2216 = VERTEX_POINT('',#2217);
#2217 = CARTESIAN_POINT('',(9.15,0.,-10.));
#2218 = SEAM_CURVE('',#2219,(#2224,#2231),.PCURVE_S1.);
#2219 = CIRCLE('',#2220,0.5);
#2220 = AXIS2_PLACEMENT_3D('',#2221,#2222,#2223);
#2221 = CARTESIAN_POINT('',(9.15,0.,-9.5));
#2222 = DIRECTION('',(0.,-1.,0.));
#2223 = DIRECTION('',(-1.,-0.,-3.5527136788E-15));
#2224 = PCURVE('',#2198,#2225);
#2225 = DEFINITIONAL_REPRESENTATION('',(#2226),#2230);
#2226 = LINE('',#2227,#2228);
#2227 = CARTESIAN_POINT('',(0.,3.14159265359));
#2228 = VECTOR('',#2229,1.);
#2229 = DIRECTION('',(0.,1.));
#2230 = ( GEOMETRIC_REPRESENTATION_CONTEXT(2) 
PARAMETRIC_REPRESENTATION_CONTEXT() REPRESENTATION_CONTEXT('2D SPACE',''
  ) );
#2231 = PCURVE('',#2198,#2232);
#2232 = DEFINITIONAL_REPRESENTATION('',(#2233),#2237);
#2233 = LINE('',#2234,#2235);
#2234 = CARTESIAN_POINT('',(6.28318530718,3.14159265359));
#2235 = VECTOR('',#2236,1.);
#2236 = DIRECTION('',(0.,1.));
#2237 = ( GEOMETRIC_REPRESENTATION_CONTEXT(2) 
PARAMETRIC_REPRESENTATION_CONTEXT() REPRESENTATION_CONTEXT('2D SPACE',''
  ) );
#2238 = ORIENTED_EDGE('',*,*,#2239,.F.);
#2239 = EDGE_CURVE('',#2216,#2216,#2240,.T.);
#2240 = SURFACE_CURVE('',#2241,(#2246,#2253),.PCURVE_S1.);
#2241 = CIRCLE('',#2242,9.15);
#2242 = AXIS2_PLACEMENT_3D('',#2243,#2244,#2245);
#2243 = CARTESIAN_POINT('',(0.,0.,-10.));
#2244 = DIRECTION('',(0.,0.,1.));
#2245 = DIRECTION('',(1.,0.,0.));
#2246 = PCURVE('',#2198,#2247);
#2247 = DEFINITIONAL_REPRESENTATION('',(#2248),#2252);
#2248 = LINE('',#2249,#2250);
#2249 = CARTESIAN_POINT('',(0.,4.712388980385));
#2250 = VECTOR('',#2251,1.);
#2251 = DIRECTION('',(1.,0.));
#2252 = ( GEOMETRIC_REPRESENTATION_CONTEXT(2) 
PARAMETRIC_REPRESENTATION_CONTEXT() REPRESENTATION_CONTEXT('2D SPACE',''
  ) );
#2253 = PCURVE('',#2254,#2259);
#2254 = PLANE('',#2255);
#2255 = AXIS2_PLACEMENT_3D('',#2256,#2257,#2258);
#2256 = CARTESIAN_POINT('',(0.,0.,-10.));
#2257 = DIRECTION('',(0.,0.,1.));
#2258 = DIRECTION('',(1.,0.,0.));
#2259 = DEFINITIONAL_REPRESENTATION('',(#2260),#2264);
#2260 = CIRCLE('',#2261,9.15);
#2261 = AXIS2_PLACEMENT_2D('',#2262,#2263);
#2262 = CARTESIAN_POINT('',(0.,0.));
#2263 = DIRECTION('',(1.,-0.));
#2264 = ( GEOMETRIC_REPRESENTATION_CONTEXT(2) 
PARAMETRIC_REPRESENTATION_CONTEXT() REPRESENTATION_CONTEXT('2D SPACE',''
  ) );
#2265 = ORIENTED_EDGE('',*,*,#2215,.F.);
#2266 = ADVANCED_FACE('',(#2267,#2270),#2254,.T.);
#2267 = FACE_BOUND('',#2268,.F.);
#2268 = EDGE_LOOP('',(#2269));
#2269 = ORIENTED_EDGE('',*,*,#2239,.T.);
#2270 = FACE_BOUND('',#2271,.F.);
#2271 = EDGE_LOOP('',(#2272));
#2272 = ORIENTED_EDGE('',*,*,#2273,.F.);
#2273 = EDGE_CURVE('',#2274,#2274,#2276,.T.);
#2274 = VERTEX_POINT('',#2275);
#2275 = CARTESIAN_POINT('',(10.,0.,-10.));
#2276 = SURFACE_CURVE('',#2277,(#2282,#2289),.PCURVE_S1.);
#2277 = CIRCLE('',#2278,10.);
#2278 = AXIS2_PLACEMENT_3D('',#2279,#2280,#2281);
#2279 = CARTESIAN_POINT('',(0.,0.,-10.));
#2280 = DIRECTION('',(0.,0.,1.));
#2281 = DIRECTION('',(1.,0.,0.));
#2282 = PCURVE('',#2254,#2283);
#2283 = DEFINITIONAL_REPRESENTATION('',(#2284),#2288);
#2284 = CIRCLE('',#2285,10.);
#2285 = AXIS2_PLACEMENT_2D('',#2286,#2287);
#2286 = CARTESIAN_POINT('',(0.,0.));
#2287 = DIRECTION('',(1.,-0.));
#2288 = ( GEOMETRIC_REPRESENTATION_CONTEXT(2) 
PARAMETRIC_REPRESENTATION_CONTEXT() REPRESENTATION_CONTEXT('2D SPACE',''
  ) );
#2289 = PCURVE('',#2290,#2295);
#2290 = CYLINDRICAL_SURFACE('',#2291,10.);
#2291 = AXIS2_PLACEMENT_3D('',#2292,#2293,#2294);
#2292 = CARTESIAN_POINT('',(0.,0.,-10.));
#2293 = DIRECTION('',(-0.,-0.,-1.));
#2294 = DIRECTION('',(1.,0.,0.));
#2295 = DEFINITIONAL_REPRESENTATION('',(#2296),#2300);
#2296 = LINE('',#2297,#2298);
#2297 = CARTESIAN_POINT('',(-0.,0.));
#2298 = VECTOR('',#2299,1.);
#2299 = DIRECTION('',(-1.,0.));
#2300 = ( GEOMETRIC_REPRESENTATION_CONTEXT(2) 
PARAMETRIC_REPRESENTATION_CONTEXT() REPRESENTATION_CONTEXT('2D SPACE',''
  ) );
#2301 = ADVANCED_FACE('',(#2302),#2290,.T.);
#2302 = FACE_BOUND('',#2303,.F.);
#2303 = EDGE_LOOP('',(#2304,#2305,#2328,#2355));
#2304 = ORIENTED_EDGE('',*,*,#2273,.T.);
#2305 = ORIENTED_EDGE('',*,*,#2306,.T.);
#2306 = EDGE_CURVE('',#2274,#2307,#2309,.T.);
#2307 = VERTEX_POINT('',#2308);
#2308 = CARTESIAN_POINT('',(10.,0.,-39.5));
#2309 = SEAM_CURVE('',#2310,(#2314,#2321),.PCURVE_S1.);
#2310 = LINE('',#2311,#2312);
#2311 = CARTESIAN_POINT('',(10.,0.,-10.));
#2312 = VECTOR('',#2313,1.);
#2313 = DIRECTION('',(0.,0.,-1.));
#2314 = PCURVE('',#2290,#2315);
#2315 = DEFINITIONAL_REPRESENTATION('',(#2316),#2320);
#2316 = LINE('',#2317,#2318);
#2317 = CARTESIAN_POINT('',(-0.,0.));
#2318 = VECTOR('',#2319,1.);
#2319 = DIRECTION('',(-0.,1.));
#2320 = ( GEOMETRIC_REPRESENTATION_CONTEXT(2) 
PARAMETRIC_REPRESENTATION_CONTEXT() REPRESENTATION_CONTEXT('2D SPACE',''
  ) );
#2321 = PCURVE('',#2290,#2322);
#2322 = DEFINITIONAL_REPRESENTATION('',(#2323),#2327);
#2323 = LINE('',#2324,#2325);
#2324 = CARTESIAN_POINT('',(-6.28318530718,0.));
#2325 = VECTOR('',#2326,1.);
#2326 = DIRECTION('',(-0.,1.));
#2327 = ( GEOMETRIC_REPRESENTATION_CONTEXT(2) 
PARAMETRIC_REPRESENTATION_CONTEXT() REPRESENTATION_CONTEXT('2D SPACE',''
  ) );
#2328 = ORIENTED_EDGE('',*,*,#2329,.F.);
#2329 = EDGE_CURVE('',#2307,#2307,#2330,.T.);
#2330 = SURFACE_CURVE('',#2331,(#2336,#2343),.PCURVE_S1.);
#2331 = CIRCLE('',#2332,10.);
#2332 = AXIS2_PLACEMENT_3D('',#2333,#2334,#2335);
#2333 = CARTESIAN_POINT('',(0.,0.,-39.5));
#2334 = DIRECTION('',(0.,0.,1.));
#2335 = DIRECTION('',(1.,0.,0.));
#2336 = PCURVE('',#2290,#2337);
#2337 = DEFINITIONAL_REPRESENTATION('',(#2338),#2342);
#2338 = LINE('',#2339,#2340);
#2339 = CARTESIAN_POINT('',(-0.,29.5));
#2340 = VECTOR('',#2341,1.);
#2341 = DIRECTION('',(-1.,0.));
#2342 = ( GEOMETRIC_REPRESENTATION_CONTEXT(2) 
PARAMETRIC_REPRESENTATION_CONTEXT() REPRESENTATION_CONTEXT('2D SPACE',''
  ) );
#2343 = PCURVE('',#2344,#2349);
#2344 = CONICAL_SURFACE('',#2345,10.,0.785398163397);
#2345 = AXIS2_PLACEMENT_3D('',#2346,#2347,#2348);
#2346 = CARTESIAN_POINT('',(0.,0.,-39.5));
#2347 = DIRECTION('',(0.,0.,1.));
#2348 = DIRECTION('',(1.,0.,0.));
#2349 = DEFINITIONAL_REPRESENTATION('',(#2350),#2354);
#2350 = LINE('',#2351,#2352);
#2351 = CARTESIAN_POINT('',(0.,-0.));
#2352 = VECTOR('',#2353,1.);
#2353 = DIRECTION('',(1.,-0.));
#2354 = ( GEOMETRIC_REPRESENTATION_CONTEXT(2) 
PARAMETRIC_REPRESENTATION_CONTEXT() REPRESENTATION_CONTEXT('2D SPACE',''
  ) );
#2355 = ORIENTED_EDGE('',*,*,#2306,.F.);
#2356 = ADVANCED_FACE('',(#2357),#2344,.T.);
#2357 = FACE_BOUND('',#2358,.F.);
#2358 = EDGE_LOOP('',(#2359,#2360,#2383,#2410));
#2359 = ORIENTED_EDGE('',*,*,#2329,.T.);
#2360 = ORIENTED_EDGE('',*,*,#2361,.T.);
#2361 = EDGE_CURVE('',#2307,#2362,#2364,.T.);
#2362 = VERTEX_POINT('',#2363);
#2363 = CARTESIAN_POINT('',(7.5,0.,-42.));
#2364 = SEAM_CURVE('',#2365,(#2369,#2376),.PCURVE_S1.);
#2365 = LINE('',#2366,#2367);
#2366 = CARTESIAN_POINT('',(10.,0.,-39.5));
#2367 = VECTOR('',#2368,1.);
#2368 = DIRECTION('',(-0.707106781187,0.,-0.707106781187));
#2369 = PCURVE('',#2344,#2370);
#2370 = DEFINITIONAL_REPRESENTATION('',(#2371),#2375);
#2371 = LINE('',#2372,#2373);
#2372 = CARTESIAN_POINT('',(0.,-0.));
#2373 = VECTOR('',#2374,1.);
#2374 = DIRECTION('',(0.,-1.));
#2375 = ( GEOMETRIC_REPRESENTATION_CONTEXT(2) 
PARAMETRIC_REPRESENTATION_CONTEXT() REPRESENTATION_CONTEXT('2D SPACE',''
  ) );
#2376 = PCURVE('',#2344,#2377);
#2377 = DEFINITIONAL_REPRESENTATION('',(#2378),#2382);
#2378 = LINE('',#2379,#2380);
#2379 = CARTESIAN_POINT('',(6.28318530718,-0.));
#2380 = VECTOR('',#2381,1.);
#2381 = DIRECTION('',(0.,-1.));
#2382 = ( GEOMETRIC_REPRESENTATION_CONTEXT(2) 
PARAMETRIC_REPRESENTATION_CONTEXT() REPRESENTATION_CONTEXT('2D SPACE',''
  ) );
#2383 = ORIENTED_EDGE('',*,*,#2384,.F.);
#2384 = EDGE_CURVE('',#2362,#2362,#2385,.T.);
#2385 = SURFACE_CURVE('',#2386,(#2391,#2398),.PCURVE_S1.);
#2386 = CIRCLE('',#2387,7.5);
#2387 = AXIS2_PLACEMENT_3D('',#2388,#2389,#2390);
#2388 = CARTESIAN_POINT('',(0.,0.,-42.));
#2389 = DIRECTION('',(0.,0.,1.));
#2390 = DIRECTION('',(1.,0.,0.));
#2391 = PCURVE('',#2344,#2392);
#2392 = DEFINITIONAL_REPRESENTATION('',(#2393),#2397);
#2393 = LINE('',#2394,#2395);
#2394 = CARTESIAN_POINT('',(0.,-2.5));
#2395 = VECTOR('',#2396,1.);
#2396 = DIRECTION('',(1.,-0.));
#2397 = ( GEOMETRIC_REPRESENTATION_CONTEXT(2) 
PARAMETRIC_REPRESENTATION_CONTEXT() REPRESENTATION_CONTEXT('2D SPACE',''
  ) );
#2398 = PCURVE('',#2399,#2404);
#2399 = PLANE('',#2400);
#2400 = AXIS2_PLACEMENT_3D('',#2401,#2402,#2403);
#2401 = CARTESIAN_POINT('',(0.,0.,-42.));
#2402 = DIRECTION('',(0.,0.,1.));
#2403 = DIRECTION('',(1.,0.,0.));
#2404 = DEFINITIONAL_REPRESENTATION('',(#2405),#2409);
#2405 = CIRCLE('',#2406,7.5);
#2406 = AXIS2_PLACEMENT_2D('',#2407,#2408);
#2407 = CARTESIAN_POINT('',(0.,0.));
#2408 = DIRECTION('',(1.,0.));
#2409 = ( GEOMETRIC_REPRESENTATION_CONTEXT(2) 
PARAMETRIC_REPRESENTATION_CONTEXT() REPRESENTATION_CONTEXT('2D SPACE',''
  ) );
#2410 = ORIENTED_EDGE('',*,*,#2361,.F.);
#2411 = ADVANCED_FACE('',(#2412),#2399,.F.);
#2412 = FACE_BOUND('',#2413,.F.);
#2413 = EDGE_LOOP('',(#2414));
#2414 = ORIENTED_EDGE('',*,*,#2384,.T.);
#2415 = ( GEOMETRIC_REPRESENTATION_CONTEXT(3) 
GLOBAL_UNCERTAINTY_ASSIGNED_CONTEXT((#2419)) 
GLOBAL_UNIT_ASSIGNED_CONTEXT((#2416,#2417,#2418)) REPRESENTATION_CONTEXT
('Context #1','3D Context with UNIT and UNCERTAINTY') );
#2416 = ( LENGTH_UNIT() NAMED_UNIT(*) SI_UNIT(.MILLI.,.METRE.) );
#2417 = ( NAMED_UNIT(*) PLANE_ANGLE_UNIT() SI_UNIT($,.RADIAN.) );
#2418 = ( NAMED_UNIT(*) SI_UNIT($,.STERADIAN.) SOLID_ANGLE_UNIT() );
#2419 = UNCERTAINTY_MEASURE_WITH_UNIT(LENGTH_MEASURE(2.E-05),#2416,
  'distance_accuracy_value','confusion accuracy');
#2420 = PRODUCT_RELATED_PRODUCT_CATEGORY('part',$,(#7));
#2421 = MECHANICAL_DESIGN_GEOMETRIC_PRESENTATION_REPRESENTATION('',(
    #2422),#2415);
#2422 = STYLED_ITEM('color',(#2423),#15);
#2423 = PRESENTATION_STYLE_ASSIGNMENT((#2424));
#2424 = SURFACE_STYLE_USAGE(.BOTH.,#2425);
#2425 = SURFACE_SIDE_STYLE('',(#2426));
#2426 = SURFACE_STYLE_FILL_AREA(#2427);
#2427 = FILL_AREA_STYLE('',(#2428));
#2428 = FILL_AREA_STYLE_COLOUR('',#2429);
#2429 = COLOUR_RGB('',6.662593789591E-02,8.437621030317E-02,
  0.111932426241);

#2430=DESCRIPTIVE_REPRESENTATION_ITEM('cadgen:generator','cadgen');
#2431=REPRESENTATION('cadgen:generator',(#2430),#2415);
#2432=PROPERTY_DEFINITION('cadgen metadata','cadgen:generator',#5);
#2433=PROPERTY_DEFINITION_REPRESENTATION(#2432,#2431);
#2434=DESCRIPTIVE_REPRESENTATION_ITEM('cadgen:entryKind','part');
#2435=REPRESENTATION('cadgen:entryKind',(#2434),#2415);
#2436=PROPERTY_DEFINITION('cadgen metadata','cadgen:entryKind',#5);
#2437=PROPERTY_DEFINITION_REPRESENTATION(#2436,#2435);
#2438=DESCRIPTIVE_REPRESENTATION_ITEM('cadgen:sourcePath','explosive_bolt.step.py');
#2439=REPRESENTATION('cadgen:sourcePath',(#2438),#2415);
#2440=PROPERTY_DEFINITION('cadgen metadata','cadgen:sourcePath',#5);
#2441=PROPERTY_DEFINITION_REPRESENTATION(#2440,#2439);
#2442=DESCRIPTIVE_REPRESENTATION_ITEM('cadgen:sourceHash','a62bbb148c485950cad43e7249b005255acf5416a3a45865eefeffac53e33907');
#2443=REPRESENTATION('cadgen:sourceHash',(#2442),#2415);
#2444=PROPERTY_DEFINITION('cadgen metadata','cadgen:sourceHash',#5);
#2445=PROPERTY_DEFINITION_REPRESENTATION(#2444,#2443);
ENDSEC;
END-ISO-10303-21;
