ISO-10303-21;
HEADER;
FILE_DESCRIPTION(('Open CASCADE Model'),'2;1');
FILE_NAME('Open CASCADE Shape Model','2026-09-22T08:53:07',('Author'),(
    'Open CASCADE'),'Open CASCADE STEP processor 7.9','Open CASCADE 7.9'
  ,'Unknown');
FILE_SCHEMA(('AUTOMOTIVE_DESIGN { 1 0 10303 214 1 1 1 1 }'));
ENDSEC;
DATA;
#1 = APPLICATION_PROTOCOL_DEFINITION('international standard',
  'automotive_design',2000,#2);
#2 = APPLICATION_CONTEXT(
  'core data for automotive mechanical design processes');
#3 = SHAPE_DEFINITION_REPRESENTATION(#4,#10);
#4 = PRODUCT_DEFINITION_SHAPE('','',#5);
#5 = PRODUCT_DEFINITION('design','',#6,#9);
#6 = PRODUCT_DEFINITION_FORMATION('','',#7);
#7 = PRODUCT('separation_bolt_unit','separation_bolt_unit','',(#8));
#8 = PRODUCT_CONTEXT('',#2,'mechanical');
#9 = PRODUCT_DEFINITION_CONTEXT('part definition',#2,'design');
#10 = SHAPE_REPRESENTATION('',(#11,#15,#19,#23,#27),#31);
#11 = AXIS2_PLACEMENT_3D('',#12,#13,#14);
#12 = CARTESIAN_POINT('',(0.,0.,0.));
#13 = DIRECTION('',(0.,0.,1.));
#14 = DIRECTION('',(1.,0.,-0.));
#15 = AXIS2_PLACEMENT_3D('',#16,#17,#18);
#16 = CARTESIAN_POINT('',(0.,0.,0.));
#17 = DIRECTION('',(0.,0.,1.));
#18 = DIRECTION('',(1.,0.,-0.));
#19 = AXIS2_PLACEMENT_3D('',#20,#21,#22);
#20 = CARTESIAN_POINT('',(0.,0.,32.5));
#21 = DIRECTION('',(0.,0.,1.));
#22 = DIRECTION('',(1.,0.,-0.));
#23 = AXIS2_PLACEMENT_3D('',#24,#25,#26);
#24 = CARTESIAN_POINT('',(0.,0.,20.25));
#25 = DIRECTION('',(0.,0.,1.));
#26 = DIRECTION('',(1.,0.,-0.));
#27 = AXIS2_PLACEMENT_3D('',#28,#29,#30);
#28 = CARTESIAN_POINT('',(0.,0.,20.725));
#29 = DIRECTION('',(0.,0.,1.));
#30 = DIRECTION('',(1.,0.,-0.));
#31 = ( GEOMETRIC_REPRESENTATION_CONTEXT(3) 
GLOBAL_UNCERTAINTY_ASSIGNED_CONTEXT((#35)) GLOBAL_UNIT_ASSIGNED_CONTEXT(
(#32,#33,#34)) REPRESENTATION_CONTEXT('Context #1',
  '3D Context with UNIT and UNCERTAINTY') );
#32 = ( LENGTH_UNIT() NAMED_UNIT(*) SI_UNIT(.MILLI.,.METRE.) );
#33 = ( NAMED_UNIT(*) PLANE_ANGLE_UNIT() SI_UNIT($,.RADIAN.) );
#34 = ( NAMED_UNIT(*) SI_UNIT($,.STERADIAN.) SOLID_ANGLE_UNIT() );
#35 = UNCERTAINTY_MEASURE_WITH_UNIT(LENGTH_MEASURE(1.E-05),#32,
  'distance_accuracy_value','confusion accuracy');
#36 = PRODUCT_RELATED_PRODUCT_CATEGORY('part',$,(#7));
#37 = SHAPE_DEFINITION_REPRESENTATION(#38,#44);
#38 = PRODUCT_DEFINITION_SHAPE('','',#39);
#39 = PRODUCT_DEFINITION('design','',#40,#43);
#40 = PRODUCT_DEFINITION_FORMATION('','',#41);
#41 = PRODUCT('explosive_bolt_m20','explosive_bolt_m20','',(#42));
#42 = PRODUCT_CONTEXT('',#2,'mechanical');
#43 = PRODUCT_DEFINITION_CONTEXT('part definition',#2,'design');
#44 = ADVANCED_BREP_SHAPE_REPRESENTATION('',(#11,#45),#2445);
#45 = MANIFOLD_SOLID_BREP('',#46);
#46 = CLOSED_SHELL('',(#47,#167,#248,#329,#469,#518,#572,#621,#757,#784,
    #833,#860,#915,#942,#969,#976,#1031,#1066,#1121,#1176,#1211,#1250,
    #1305,#1359,#1394,#1449,#1504,#1539,#1574,#1630,#1685,#1740,#1775,
    #1831,#1886,#1921,#1956,#2011,#2066,#2122,#2150,#2185,#2240,#2296,
    #2331,#2386,#2441));
#47 = ADVANCED_FACE('',(#48),#62,.F.);
#48 = FACE_BOUND('',#49,.F.);
#49 = EDGE_LOOP('',(#50,#85,#113,#141));
#50 = ORIENTED_EDGE('',*,*,#51,.T.);
#51 = EDGE_CURVE('',#52,#54,#56,.T.);
#52 = VERTEX_POINT('',#53);
#53 = CARTESIAN_POINT('',(19.629909152447,0.,20.));
#54 = VERTEX_POINT('',#55);
#55 = CARTESIAN_POINT('',(19.629909152447,-4.996003610813E-16,31.));
#56 = SURFACE_CURVE('',#57,(#61,#73),.PCURVE_S1.);
#57 = LINE('',#58,#59);
#58 = CARTESIAN_POINT('',(19.629909152447,0.,20.));
#59 = VECTOR('',#60,1.);
#60 = DIRECTION('',(0.,0.,1.));
#61 = PCURVE('',#62,#67);
#62 = PLANE('',#63);
#63 = AXIS2_PLACEMENT_3D('',#64,#65,#66);
#64 = CARTESIAN_POINT('',(19.629909152447,0.,20.));
#65 = DIRECTION('',(-0.866025403784,-0.5,0.));
#66 = DIRECTION('',(-0.5,0.866025403784,0.));
#67 = DEFINITIONAL_REPRESENTATION('',(#68),#72);
#68 = LINE('',#69,#70);
#69 = CARTESIAN_POINT('',(0.,0.));
#70 = VECTOR('',#71,1.);
#71 = DIRECTION('',(0.,-1.));
#72 = ( GEOMETRIC_REPRESENTATION_CONTEXT(2) 
PARAMETRIC_REPRESENTATION_CONTEXT() REPRESENTATION_CONTEXT('2D SPACE',''
  ) );
#73 = PCURVE('',#74,#79);
#74 = PLANE('',#75);
#75 = AXIS2_PLACEMENT_3D('',#76,#77,#78);
#76 = CARTESIAN_POINT('',(9.814954576224,-17.,20.));
#77 = DIRECTION('',(-0.866025403784,0.5,0.));
#78 = DIRECTION('',(0.5,0.866025403784,0.));
#79 = DEFINITIONAL_REPRESENTATION('',(#80),#84);
#80 = LINE('',#81,#82);
#81 = CARTESIAN_POINT('',(19.629909152447,0.));
#82 = VECTOR('',#83,1.);
#83 = DIRECTION('',(0.,-1.));
#84 = ( GEOMETRIC_REPRESENTATION_CONTEXT(2) 
PARAMETRIC_REPRESENTATION_CONTEXT() REPRESENTATION_CONTEXT('2D SPACE',''
  ) );
#85 = ORIENTED_EDGE('',*,*,#86,.T.);
#86 = EDGE_CURVE('',#54,#87,#89,.T.);
#87 = VERTEX_POINT('',#88);
#88 = CARTESIAN_POINT('',(9.814954576224,17.,31.));
#89 = SURFACE_CURVE('',#90,(#94,#101),.PCURVE_S1.);
#90 = LINE('',#91,#92);
#91 = CARTESIAN_POINT('',(19.629909152447,-1.132844637119E-15,31.));
#92 = VECTOR('',#93,1.);
#93 = DIRECTION('',(-0.5,0.866025403784,0.));
#94 = PCURVE('',#62,#95);
#95 = DEFINITIONAL_REPRESENTATION('',(#96),#100);
#96 = LINE('',#97,#98);
#97 = CARTESIAN_POINT('',(0.,-11.));
#98 = VECTOR('',#99,1.);
#99 = DIRECTION('',(1.,0.));
#100 = ( GEOMETRIC_REPRESENTATION_CONTEXT(2) 
PARAMETRIC_REPRESENTATION_CONTEXT() REPRESENTATION_CONTEXT('2D SPACE',''
  ) );
#101 = PCURVE('',#102,#107);
#102 = PLANE('',#103);
#103 = AXIS2_PLACEMENT_3D('',#104,#105,#106);
#104 = CARTESIAN_POINT('',(18.980390099609,-0.375,31.75));
#105 = DIRECTION('',(-0.612372435696,-0.353553390593,-0.707106781187));
#106 = DIRECTION('',(0.5,-0.866025403784,1.090844536468E-16));
#107 = DEFINITIONAL_REPRESENTATION('',(#108),#112);
#108 = LINE('',#109,#110);
#109 = CARTESIAN_POINT('',(-0.,-1.06066017178));
#110 = VECTOR('',#111,1.);
#111 = DIRECTION('',(-1.,0.));
#112 = ( GEOMETRIC_REPRESENTATION_CONTEXT(2) 
PARAMETRIC_REPRESENTATION_CONTEXT() REPRESENTATION_CONTEXT('2D SPACE',''
  ) );
#113 = ORIENTED_EDGE('',*,*,#114,.F.);
#114 = EDGE_CURVE('',#115,#87,#117,.T.);
#115 = VERTEX_POINT('',#116);
#116 = CARTESIAN_POINT('',(9.814954576224,17.,20.));
#117 = SURFACE_CURVE('',#118,(#122,#129),.PCURVE_S1.);
#118 = LINE('',#119,#120);
#119 = CARTESIAN_POINT('',(9.814954576224,17.,20.));
#120 = VECTOR('',#121,1.);
#121 = DIRECTION('',(0.,0.,1.));
#122 = PCURVE('',#62,#123);
#123 = DEFINITIONAL_REPRESENTATION('',(#124),#128);
#124 = LINE('',#125,#126);
#125 = CARTESIAN_POINT('',(19.629909152447,0.));
#126 = VECTOR('',#127,1.);
#127 = DIRECTION('',(0.,-1.));
#128 = ( GEOMETRIC_REPRESENTATION_CONTEXT(2) 
PARAMETRIC_REPRESENTATION_CONTEXT() REPRESENTATION_CONTEXT('2D SPACE',''
  ) );
#129 = PCURVE('',#130,#135);
#130 = PLANE('',#131);
#131 = AXIS2_PLACEMENT_3D('',#132,#133,#134);
#132 = CARTESIAN_POINT('',(9.814954576224,17.,20.));
#133 = DIRECTION('',(0.,-1.,0.));
#134 = DIRECTION('',(-1.,0.,0.));
#135 = DEFINITIONAL_REPRESENTATION('',(#136),#140);
#136 = LINE('',#137,#138);
#137 = CARTESIAN_POINT('',(0.,-0.));
#138 = VECTOR('',#139,1.);
#139 = DIRECTION('',(0.,-1.));
#140 = ( GEOMETRIC_REPRESENTATION_CONTEXT(2) 
PARAMETRIC_REPRESENTATION_CONTEXT() REPRESENTATION_CONTEXT('2D SPACE',''
  ) );
#141 = ORIENTED_EDGE('',*,*,#142,.F.);
#142 = EDGE_CURVE('',#52,#115,#143,.T.);
#143 = SURFACE_CURVE('',#144,(#148,#155),.PCURVE_S1.);
#144 = LINE('',#145,#146);
#145 = CARTESIAN_POINT('',(19.629909152447,0.,20.));
#146 = VECTOR('',#147,1.);
#147 = DIRECTION('',(-0.5,0.866025403784,0.));
#148 = PCURVE('',#62,#149);
#149 = DEFINITIONAL_REPRESENTATION('',(#150),#154);
#150 = LINE('',#151,#152);
#151 = CARTESIAN_POINT('',(0.,0.));
#152 = VECTOR('',#153,1.);
#153 = DIRECTION('',(1.,0.));
#154 = ( GEOMETRIC_REPRESENTATION_CONTEXT(2) 
PARAMETRIC_REPRESENTATION_CONTEXT() REPRESENTATION_CONTEXT('2D SPACE',''
  ) );
#155 = PCURVE('',#156,#161);
#156 = PLANE('',#157);
#157 = AXIS2_PLACEMENT_3D('',#158,#159,#160);
#158 = CARTESIAN_POINT('',(0.,3.228683703721E-16,20.));
#159 = DIRECTION('',(0.,0.,1.));
#160 = DIRECTION('',(1.,0.,0.));
#161 = DEFINITIONAL_REPRESENTATION('',(#162),#166);
#162 = LINE('',#163,#164);
#163 = CARTESIAN_POINT('',(19.629909152447,-3.228683703721E-16));
#164 = VECTOR('',#165,1.);
#165 = DIRECTION('',(-0.5,0.866025403784));
#166 = ( GEOMETRIC_REPRESENTATION_CONTEXT(2) 
PARAMETRIC_REPRESENTATION_CONTEXT() REPRESENTATION_CONTEXT('2D SPACE',''
  ) );
#167 = ADVANCED_FACE('',(#168),#74,.F.);
#168 = FACE_BOUND('',#169,.F.);
#169 = EDGE_LOOP('',(#170,#200,#226,#227));
#170 = ORIENTED_EDGE('',*,*,#171,.T.);
#171 = EDGE_CURVE('',#172,#174,#176,.T.);
#172 = VERTEX_POINT('',#173);
#173 = CARTESIAN_POINT('',(9.814954576224,-17.,20.));
#174 = VERTEX_POINT('',#175);
#175 = CARTESIAN_POINT('',(9.814954576224,-17.,31.));
#176 = SURFACE_CURVE('',#177,(#181,#188),.PCURVE_S1.);
#177 = LINE('',#178,#179);
#178 = CARTESIAN_POINT('',(9.814954576224,-17.,20.));
#179 = VECTOR('',#180,1.);
#180 = DIRECTION('',(0.,0.,1.));
#181 = PCURVE('',#74,#182);
#182 = DEFINITIONAL_REPRESENTATION('',(#183),#187);
#183 = LINE('',#184,#185);
#184 = CARTESIAN_POINT('',(0.,0.));
#185 = VECTOR('',#186,1.);
#186 = DIRECTION('',(0.,-1.));
#187 = ( GEOMETRIC_REPRESENTATION_CONTEXT(2) 
PARAMETRIC_REPRESENTATION_CONTEXT() REPRESENTATION_CONTEXT('2D SPACE',''
  ) );
#188 = PCURVE('',#189,#194);
#189 = PLANE('',#190);
#190 = AXIS2_PLACEMENT_3D('',#191,#192,#193);
#191 = CARTESIAN_POINT('',(-9.814954576224,-17.,20.));
#192 = DIRECTION('',(3.619694468487E-16,1.,0.));
#193 = DIRECTION('',(1.,-3.619694468487E-16,0.));
#194 = DEFINITIONAL_REPRESENTATION('',(#195),#199);
#195 = LINE('',#196,#197);
#196 = CARTESIAN_POINT('',(19.629909152447,0.));
#197 = VECTOR('',#198,1.);
#198 = DIRECTION('',(0.,-1.));
#199 = ( GEOMETRIC_REPRESENTATION_CONTEXT(2) 
PARAMETRIC_REPRESENTATION_CONTEXT() REPRESENTATION_CONTEXT('2D SPACE',''
  ) );
#200 = ORIENTED_EDGE('',*,*,#201,.T.);
#201 = EDGE_CURVE('',#174,#54,#202,.T.);
#202 = SURFACE_CURVE('',#203,(#207,#214),.PCURVE_S1.);
#203 = LINE('',#204,#205);
#204 = CARTESIAN_POINT('',(9.814954576224,-17.,31.));
#205 = VECTOR('',#206,1.);
#206 = DIRECTION('',(0.5,0.866025403784,0.));
#207 = PCURVE('',#74,#208);
#208 = DEFINITIONAL_REPRESENTATION('',(#209),#213);
#209 = LINE('',#210,#211);
#210 = CARTESIAN_POINT('',(0.,-11.));
#211 = VECTOR('',#212,1.);
#212 = DIRECTION('',(1.,0.));
#213 = ( GEOMETRIC_REPRESENTATION_CONTEXT(2) 
PARAMETRIC_REPRESENTATION_CONTEXT() REPRESENTATION_CONTEXT('2D SPACE',''
  ) );
#214 = PCURVE('',#215,#220);
#215 = PLANE('',#216);
#216 = AXIS2_PLACEMENT_3D('',#217,#218,#219);
#217 = CARTESIAN_POINT('',(9.165435523385,-16.625,31.75));
#218 = DIRECTION('',(-0.612372435696,0.353553390593,-0.707106781187));
#219 = DIRECTION('',(-0.5,-0.866025403784,1.182189638575E-16));
#220 = DEFINITIONAL_REPRESENTATION('',(#221),#225);
#221 = LINE('',#222,#223);
#222 = CARTESIAN_POINT('',(-0.,-1.06066017178));
#223 = VECTOR('',#224,1.);
#224 = DIRECTION('',(-1.,0.));
#225 = ( GEOMETRIC_REPRESENTATION_CONTEXT(2) 
PARAMETRIC_REPRESENTATION_CONTEXT() REPRESENTATION_CONTEXT('2D SPACE',''
  ) );
#226 = ORIENTED_EDGE('',*,*,#51,.F.);
#227 = ORIENTED_EDGE('',*,*,#228,.F.);
#228 = EDGE_CURVE('',#172,#52,#229,.T.);
#229 = SURFACE_CURVE('',#230,(#234,#241),.PCURVE_S1.);
#230 = LINE('',#231,#232);
#231 = CARTESIAN_POINT('',(9.814954576224,-17.,20.));
#232 = VECTOR('',#233,1.);
#233 = DIRECTION('',(0.5,0.866025403784,0.));
#234 = PCURVE('',#74,#235);
#235 = DEFINITIONAL_REPRESENTATION('',(#236),#240);
#236 = LINE('',#237,#238);
#237 = CARTESIAN_POINT('',(0.,0.));
#238 = VECTOR('',#239,1.);
#239 = DIRECTION('',(1.,0.));
#240 = ( GEOMETRIC_REPRESENTATION_CONTEXT(2) 
PARAMETRIC_REPRESENTATION_CONTEXT() REPRESENTATION_CONTEXT('2D SPACE',''
  ) );
#241 = PCURVE('',#156,#242);
#242 = DEFINITIONAL_REPRESENTATION('',(#243),#247);
#243 = LINE('',#244,#245);
#244 = CARTESIAN_POINT('',(9.814954576224,-17.));
#245 = VECTOR('',#246,1.);
#246 = DIRECTION('',(0.5,0.866025403784));
#247 = ( GEOMETRIC_REPRESENTATION_CONTEXT(2) 
PARAMETRIC_REPRESENTATION_CONTEXT() REPRESENTATION_CONTEXT('2D SPACE',''
  ) );
#248 = ADVANCED_FACE('',(#249),#102,.F.);
#249 = FACE_BOUND('',#250,.T.);
#250 = EDGE_LOOP('',(#251,#274,#275,#303));
#251 = ORIENTED_EDGE('',*,*,#252,.F.);
#252 = EDGE_CURVE('',#54,#253,#255,.T.);
#253 = VERTEX_POINT('',#254);
#254 = CARTESIAN_POINT('',(17.897858344878,-1.110223024625E-15,32.5));
#255 = SURFACE_CURVE('',#256,(#260,#267),.PCURVE_S1.);
#256 = LINE('',#257,#258);
#257 = CARTESIAN_POINT('',(16.083328927425,-3.729284379075E-15,
    34.071428571429));
#258 = VECTOR('',#259,1.);
#259 = DIRECTION('',(-0.755928946018,-2.273340169384E-16,0.654653670708)
  );
#260 = PCURVE('',#102,#261);
#261 = DEFINITIONAL_REPRESENTATION('',(#262),#266);
#262 = LINE('',#263,#264);
#263 = CARTESIAN_POINT('',(-1.773290112511,3.282995769795));
#264 = VECTOR('',#265,1.);
#265 = DIRECTION('',(-0.377964473009,0.925820099773));
#266 = ( GEOMETRIC_REPRESENTATION_CONTEXT(2) 
PARAMETRIC_REPRESENTATION_CONTEXT() REPRESENTATION_CONTEXT('2D SPACE',''
  ) );
#267 = PCURVE('',#215,#268);
#268 = DEFINITIONAL_REPRESENTATION('',(#269),#273);
#269 = LINE('',#270,#271);
#270 = CARTESIAN_POINT('',(-17.85661903993,3.282995769795));
#271 = VECTOR('',#272,1.);
#272 = DIRECTION('',(0.377964473009,0.925820099773));
#273 = ( GEOMETRIC_REPRESENTATION_CONTEXT(2) 
PARAMETRIC_REPRESENTATION_CONTEXT() REPRESENTATION_CONTEXT('2D SPACE',''
  ) );
#274 = ORIENTED_EDGE('',*,*,#86,.T.);
#275 = ORIENTED_EDGE('',*,*,#276,.T.);
#276 = EDGE_CURVE('',#87,#277,#279,.T.);
#277 = VERTEX_POINT('',#278);
#278 = CARTESIAN_POINT('',(8.948929172439,15.5,32.5));
#279 = SURFACE_CURVE('',#280,(#284,#291),.PCURVE_S1.);
#280 = LINE('',#281,#282);
#281 = CARTESIAN_POINT('',(8.041664463713,13.928571428571,
    34.071428571429));
#282 = VECTOR('',#283,1.);
#283 = DIRECTION('',(-0.377964473009,-0.654653670708,0.654653670708));
#284 = PCURVE('',#102,#285);
#285 = DEFINITIONAL_REPRESENTATION('',(#286),#290);
#286 = LINE('',#287,#288);
#287 = CARTESIAN_POINT('',(-17.85661903993,3.282995769795));
#288 = VECTOR('',#289,1.);
#289 = DIRECTION('',(0.377964473009,0.925820099773));
#290 = ( GEOMETRIC_REPRESENTATION_CONTEXT(2) 
PARAMETRIC_REPRESENTATION_CONTEXT() REPRESENTATION_CONTEXT('2D SPACE',''
  ) );
#291 = PCURVE('',#292,#297);
#292 = PLANE('',#293);
#293 = AXIS2_PLACEMENT_3D('',#294,#295,#296);
#294 = CARTESIAN_POINT('',(9.814954576224,16.25,31.75));
#295 = DIRECTION('',(-6.303869705843E-18,-0.707106781187,-0.707106781187
    ));
#296 = DIRECTION('',(1.,-4.457509016718E-18,-4.457509016718E-18));
#297 = DEFINITIONAL_REPRESENTATION('',(#298),#302);
#298 = LINE('',#299,#300);
#299 = CARTESIAN_POINT('',(-1.773290112511,3.282995769795));
#300 = VECTOR('',#301,1.);
#301 = DIRECTION('',(-0.377964473009,0.925820099773));
#302 = ( GEOMETRIC_REPRESENTATION_CONTEXT(2) 
PARAMETRIC_REPRESENTATION_CONTEXT() REPRESENTATION_CONTEXT('2D SPACE',''
  ) );
#303 = ORIENTED_EDGE('',*,*,#304,.F.);
#304 = EDGE_CURVE('',#253,#277,#305,.T.);
#305 = SURFACE_CURVE('',#306,(#310,#317),.PCURVE_S1.);
#306 = LINE('',#307,#308);
#307 = CARTESIAN_POINT('',(18.330871046771,-0.75,32.5));
#308 = VECTOR('',#309,1.);
#309 = DIRECTION('',(-0.5,0.866025403784,0.));
#310 = PCURVE('',#102,#311);
#311 = DEFINITIONAL_REPRESENTATION('',(#312),#316);
#312 = LINE('',#313,#314);
#313 = CARTESIAN_POINT('',(-0.,1.06066017178));
#314 = VECTOR('',#315,1.);
#315 = DIRECTION('',(-1.,0.));
#316 = ( GEOMETRIC_REPRESENTATION_CONTEXT(2) 
PARAMETRIC_REPRESENTATION_CONTEXT() REPRESENTATION_CONTEXT('2D SPACE',''
  ) );
#317 = PCURVE('',#318,#323);
#318 = PLANE('',#319);
#319 = AXIS2_PLACEMENT_3D('',#320,#321,#322);
#320 = CARTESIAN_POINT('',(0.,3.228683703721E-16,32.5));
#321 = DIRECTION('',(0.,0.,1.));
#322 = DIRECTION('',(1.,0.,0.));
#323 = DEFINITIONAL_REPRESENTATION('',(#324),#328);
#324 = LINE('',#325,#326);
#325 = CARTESIAN_POINT('',(18.330871046771,-0.75));
#326 = VECTOR('',#327,1.);
#327 = DIRECTION('',(-0.5,0.866025403784));
#328 = ( GEOMETRIC_REPRESENTATION_CONTEXT(2) 
PARAMETRIC_REPRESENTATION_CONTEXT() REPRESENTATION_CONTEXT('2D SPACE',''
  ) );
#329 = ADVANCED_FACE('',(#330,#434),#156,.F.);
#330 = FACE_BOUND('',#331,.F.);
#331 = EDGE_LOOP('',(#332,#333,#356,#384,#412,#433));
#332 = ORIENTED_EDGE('',*,*,#142,.T.);
#333 = ORIENTED_EDGE('',*,*,#334,.T.);
#334 = EDGE_CURVE('',#115,#335,#337,.T.);
#335 = VERTEX_POINT('',#336);
#336 = CARTESIAN_POINT('',(-9.814954576224,17.,20.));
#337 = SURFACE_CURVE('',#338,(#342,#349),.PCURVE_S1.);
#338 = LINE('',#339,#340);
#339 = CARTESIAN_POINT('',(9.814954576224,17.,20.));
#340 = VECTOR('',#341,1.);
#341 = DIRECTION('',(-1.,0.,0.));
#342 = PCURVE('',#156,#343);
#343 = DEFINITIONAL_REPRESENTATION('',(#344),#348);
#344 = LINE('',#345,#346);
#345 = CARTESIAN_POINT('',(9.814954576224,17.));
#346 = VECTOR('',#347,1.);
#347 = DIRECTION('',(-1.,0.));
#348 = ( GEOMETRIC_REPRESENTATION_CONTEXT(2) 
PARAMETRIC_REPRESENTATION_CONTEXT() REPRESENTATION_CONTEXT('2D SPACE',''
  ) );
#349 = PCURVE('',#130,#350);
#350 = DEFINITIONAL_REPRESENTATION('',(#351),#355);
#351 = LINE('',#352,#353);
#352 = CARTESIAN_POINT('',(0.,-0.));
#353 = VECTOR('',#354,1.);
#354 = DIRECTION('',(1.,0.));
#355 = ( GEOMETRIC_REPRESENTATION_CONTEXT(2) 
PARAMETRIC_REPRESENTATION_CONTEXT() REPRESENTATION_CONTEXT('2D SPACE',''
  ) );
#356 = ORIENTED_EDGE('',*,*,#357,.T.);
#357 = EDGE_CURVE('',#335,#358,#360,.T.);
#358 = VERTEX_POINT('',#359);
#359 = CARTESIAN_POINT('',(-19.62990915244,2.40397054111E-15,20.));
#360 = SURFACE_CURVE('',#361,(#365,#372),.PCURVE_S1.);
#361 = LINE('',#362,#363);
#362 = CARTESIAN_POINT('',(-9.814954576224,17.,20.));
#363 = VECTOR('',#364,1.);
#364 = DIRECTION('',(-0.5,-0.866025403784,0.));
#365 = PCURVE('',#156,#366);
#366 = DEFINITIONAL_REPRESENTATION('',(#367),#371);
#367 = LINE('',#368,#369);
#368 = CARTESIAN_POINT('',(-9.814954576224,17.));
#369 = VECTOR('',#370,1.);
#370 = DIRECTION('',(-0.5,-0.866025403784));
#371 = ( GEOMETRIC_REPRESENTATION_CONTEXT(2) 
PARAMETRIC_REPRESENTATION_CONTEXT() REPRESENTATION_CONTEXT('2D SPACE',''
  ) );
#372 = PCURVE('',#373,#378);
#373 = PLANE('',#374);
#374 = AXIS2_PLACEMENT_3D('',#375,#376,#377);
#375 = CARTESIAN_POINT('',(-9.814954576224,17.,20.));
#376 = DIRECTION('',(0.866025403784,-0.5,0.));
#377 = DIRECTION('',(-0.5,-0.866025403784,0.));
#378 = DEFINITIONAL_REPRESENTATION('',(#379),#383);
#379 = LINE('',#380,#381);
#380 = CARTESIAN_POINT('',(0.,0.));
#381 = VECTOR('',#382,1.);
#382 = DIRECTION('',(1.,0.));
#383 = ( GEOMETRIC_REPRESENTATION_CONTEXT(2) 
PARAMETRIC_REPRESENTATION_CONTEXT() REPRESENTATION_CONTEXT('2D SPACE',''
  ) );
#384 = ORIENTED_EDGE('',*,*,#385,.T.);
#385 = EDGE_CURVE('',#358,#386,#388,.T.);
#386 = VERTEX_POINT('',#387);
#387 = CARTESIAN_POINT('',(-9.814954576224,-17.,20.));
#388 = SURFACE_CURVE('',#389,(#393,#400),.PCURVE_S1.);
#389 = LINE('',#390,#391);
#390 = CARTESIAN_POINT('',(-19.62990915244,2.40397054111E-15,20.));
#391 = VECTOR('',#392,1.);
#392 = DIRECTION('',(0.5,-0.866025403784,0.));
#393 = PCURVE('',#156,#394);
#394 = DEFINITIONAL_REPRESENTATION('',(#395),#399);
#395 = LINE('',#396,#397);
#396 = CARTESIAN_POINT('',(-19.62990915244,2.081102170738E-15));
#397 = VECTOR('',#398,1.);
#398 = DIRECTION('',(0.5,-0.866025403784));
#399 = ( GEOMETRIC_REPRESENTATION_CONTEXT(2) 
PARAMETRIC_REPRESENTATION_CONTEXT() REPRESENTATION_CONTEXT('2D SPACE',''
  ) );
#400 = PCURVE('',#401,#406);
#401 = PLANE('',#402);
#402 = AXIS2_PLACEMENT_3D('',#403,#404,#405);
#403 = CARTESIAN_POINT('',(-19.62990915244,2.40397054111E-15,20.));
#404 = DIRECTION('',(0.866025403784,0.5,0.));
#405 = DIRECTION('',(0.5,-0.866025403784,0.));
#406 = DEFINITIONAL_REPRESENTATION('',(#407),#411);
#407 = LINE('',#408,#409);
#408 = CARTESIAN_POINT('',(0.,0.));
#409 = VECTOR('',#410,1.);
#410 = DIRECTION('',(1.,0.));
#411 = ( GEOMETRIC_REPRESENTATION_CONTEXT(2) 
PARAMETRIC_REPRESENTATION_CONTEXT() REPRESENTATION_CONTEXT('2D SPACE',''
  ) );
#412 = ORIENTED_EDGE('',*,*,#413,.T.);
#413 = EDGE_CURVE('',#386,#172,#414,.T.);
#414 = SURFACE_CURVE('',#415,(#419,#426),.PCURVE_S1.);
#415 = LINE('',#416,#417);
#416 = CARTESIAN_POINT('',(-9.814954576224,-17.,20.));
#417 = VECTOR('',#418,1.);
#418 = DIRECTION('',(1.,-3.619694468487E-16,0.));
#419 = PCURVE('',#156,#420);
#420 = DEFINITIONAL_REPRESENTATION('',(#421),#425);
#421 = LINE('',#422,#423);
#422 = CARTESIAN_POINT('',(-9.814954576224,-17.));
#423 = VECTOR('',#424,1.);
#424 = DIRECTION('',(1.,-3.619694468487E-16));
#425 = ( GEOMETRIC_REPRESENTATION_CONTEXT(2) 
PARAMETRIC_REPRESENTATION_CONTEXT() REPRESENTATION_CONTEXT('2D SPACE',''
  ) );
#426 = PCURVE('',#189,#427);
#427 = DEFINITIONAL_REPRESENTATION('',(#428),#432);
#428 = LINE('',#429,#430);
#429 = CARTESIAN_POINT('',(0.,0.));
#430 = VECTOR('',#431,1.);
#431 = DIRECTION('',(1.,0.));
#432 = ( GEOMETRIC_REPRESENTATION_CONTEXT(2) 
PARAMETRIC_REPRESENTATION_CONTEXT() REPRESENTATION_CONTEXT('2D SPACE',''
  ) );
#433 = ORIENTED_EDGE('',*,*,#228,.T.);
#434 = FACE_BOUND('',#435,.F.);
#435 = EDGE_LOOP('',(#436));
#436 = ORIENTED_EDGE('',*,*,#437,.T.);
#437 = EDGE_CURVE('',#438,#438,#440,.T.);
#438 = VERTEX_POINT('',#439);
#439 = CARTESIAN_POINT('',(14.35,0.,20.));
#440 = SURFACE_CURVE('',#441,(#446,#457),.PCURVE_S1.);
#441 = CIRCLE('',#442,14.35);
#442 = AXIS2_PLACEMENT_3D('',#443,#444,#445);
#443 = CARTESIAN_POINT('',(0.,0.,20.));
#444 = DIRECTION('',(0.,0.,-1.));
#445 = DIRECTION('',(1.,0.,0.));
#446 = PCURVE('',#156,#447);
#447 = DEFINITIONAL_REPRESENTATION('',(#448),#456);
#448 = ( BOUNDED_CURVE() B_SPLINE_CURVE(2,(#449,#450,#451,#452,#453,#454
,#455),.UNSPECIFIED.,.T.,.F.) B_SPLINE_CURVE_WITH_KNOTS((1,2,2,2,2,1),(
    -2.094395102393,0.,2.094395102393,4.188790204786,6.28318530718,
8.377580409573),.UNSPECIFIED.) CURVE() GEOMETRIC_REPRESENTATION_ITEM() 
RATIONAL_B_SPLINE_CURVE((1.,0.5,1.,0.5,1.,0.5,1.)) REPRESENTATION_ITEM(
  '') );
#449 = CARTESIAN_POINT('',(14.35,-3.228683703721E-16));
#450 = CARTESIAN_POINT('',(14.35,-24.85492908861));
#451 = CARTESIAN_POINT('',(-7.175,-12.4274645443));
#452 = CARTESIAN_POINT('',(-28.7,-3.837604683925E-15));
#453 = CARTESIAN_POINT('',(-7.175,12.427464544307));
#454 = CARTESIAN_POINT('',(14.35,24.854929088613));
#455 = CARTESIAN_POINT('',(14.35,-3.228683703721E-16));
#456 = ( GEOMETRIC_REPRESENTATION_CONTEXT(2) 
PARAMETRIC_REPRESENTATION_CONTEXT() REPRESENTATION_CONTEXT('2D SPACE',''
  ) );
#457 = PCURVE('',#458,#463);
#458 = CYLINDRICAL_SURFACE('',#459,14.35);
#459 = AXIS2_PLACEMENT_3D('',#460,#461,#462);
#460 = CARTESIAN_POINT('',(0.,0.,21.45));
#461 = DIRECTION('',(-0.,-0.,-1.));
#462 = DIRECTION('',(1.,0.,0.));
#463 = DEFINITIONAL_REPRESENTATION('',(#464),#468);
#464 = LINE('',#465,#466);
#465 = CARTESIAN_POINT('',(-6.28318530718,1.45));
#466 = VECTOR('',#467,1.);
#467 = DIRECTION('',(1.,-0.));
#468 = ( GEOMETRIC_REPRESENTATION_CONTEXT(2) 
PARAMETRIC_REPRESENTATION_CONTEXT() REPRESENTATION_CONTEXT('2D SPACE',''
  ) );
#469 = ADVANCED_FACE('',(#470),#130,.F.);
#470 = FACE_BOUND('',#471,.F.);
#471 = EDGE_LOOP('',(#472,#473,#496,#517));
#472 = ORIENTED_EDGE('',*,*,#114,.T.);
#473 = ORIENTED_EDGE('',*,*,#474,.T.);
#474 = EDGE_CURVE('',#87,#475,#477,.T.);
#475 = VERTEX_POINT('',#476);
#476 = CARTESIAN_POINT('',(-9.814954576224,17.,31.));
#477 = SURFACE_CURVE('',#478,(#482,#489),.PCURVE_S1.);
#478 = LINE('',#479,#480);
#479 = CARTESIAN_POINT('',(9.814954576224,17.,31.));
#480 = VECTOR('',#481,1.);
#481 = DIRECTION('',(-1.,0.,0.));
#482 = PCURVE('',#130,#483);
#483 = DEFINITIONAL_REPRESENTATION('',(#484),#488);
#484 = LINE('',#485,#486);
#485 = CARTESIAN_POINT('',(0.,-11.));
#486 = VECTOR('',#487,1.);
#487 = DIRECTION('',(1.,0.));
#488 = ( GEOMETRIC_REPRESENTATION_CONTEXT(2) 
PARAMETRIC_REPRESENTATION_CONTEXT() REPRESENTATION_CONTEXT('2D SPACE',''
  ) );
#489 = PCURVE('',#292,#490);
#490 = DEFINITIONAL_REPRESENTATION('',(#491),#495);
#491 = LINE('',#492,#493);
#492 = CARTESIAN_POINT('',(-0.,-1.06066017178));
#493 = VECTOR('',#494,1.);
#494 = DIRECTION('',(-1.,0.));
#495 = ( GEOMETRIC_REPRESENTATION_CONTEXT(2) 
PARAMETRIC_REPRESENTATION_CONTEXT() REPRESENTATION_CONTEXT('2D SPACE',''
  ) );
#496 = ORIENTED_EDGE('',*,*,#497,.F.);
#497 = EDGE_CURVE('',#335,#475,#498,.T.);
#498 = SURFACE_CURVE('',#499,(#503,#510),.PCURVE_S1.);
#499 = LINE('',#500,#501);
#500 = CARTESIAN_POINT('',(-9.814954576224,17.,20.));
#501 = VECTOR('',#502,1.);
#502 = DIRECTION('',(0.,0.,1.));
#503 = PCURVE('',#130,#504);
#504 = DEFINITIONAL_REPRESENTATION('',(#505),#509);
#505 = LINE('',#506,#507);
#506 = CARTESIAN_POINT('',(19.629909152447,0.));
#507 = VECTOR('',#508,1.);
#508 = DIRECTION('',(0.,-1.));
#509 = ( GEOMETRIC_REPRESENTATION_CONTEXT(2) 
PARAMETRIC_REPRESENTATION_CONTEXT() REPRESENTATION_CONTEXT('2D SPACE',''
  ) );
#510 = PCURVE('',#373,#511);
#511 = DEFINITIONAL_REPRESENTATION('',(#512),#516);
#512 = LINE('',#513,#514);
#513 = CARTESIAN_POINT('',(0.,0.));
#514 = VECTOR('',#515,1.);
#515 = DIRECTION('',(0.,-1.));
#516 = ( GEOMETRIC_REPRESENTATION_CONTEXT(2) 
PARAMETRIC_REPRESENTATION_CONTEXT() REPRESENTATION_CONTEXT('2D SPACE',''
  ) );
#517 = ORIENTED_EDGE('',*,*,#334,.F.);
#518 = ADVANCED_FACE('',(#519),#189,.F.);
#519 = FACE_BOUND('',#520,.F.);
#520 = EDGE_LOOP('',(#521,#544,#570,#571));
#521 = ORIENTED_EDGE('',*,*,#522,.T.);
#522 = EDGE_CURVE('',#386,#523,#525,.T.);
#523 = VERTEX_POINT('',#524);
#524 = CARTESIAN_POINT('',(-9.814954576224,-17.,31.));
#525 = SURFACE_CURVE('',#526,(#530,#537),.PCURVE_S1.);
#526 = LINE('',#527,#528);
#527 = CARTESIAN_POINT('',(-9.814954576224,-17.,20.));
#528 = VECTOR('',#529,1.);
#529 = DIRECTION('',(0.,0.,1.));
#530 = PCURVE('',#189,#531);
#531 = DEFINITIONAL_REPRESENTATION('',(#532),#536);
#532 = LINE('',#533,#534);
#533 = CARTESIAN_POINT('',(0.,0.));
#534 = VECTOR('',#535,1.);
#535 = DIRECTION('',(0.,-1.));
#536 = ( GEOMETRIC_REPRESENTATION_CONTEXT(2) 
PARAMETRIC_REPRESENTATION_CONTEXT() REPRESENTATION_CONTEXT('2D SPACE',''
  ) );
#537 = PCURVE('',#401,#538);
#538 = DEFINITIONAL_REPRESENTATION('',(#539),#543);
#539 = LINE('',#540,#541);
#540 = CARTESIAN_POINT('',(19.629909152447,0.));
#541 = VECTOR('',#542,1.);
#542 = DIRECTION('',(0.,-1.));
#543 = ( GEOMETRIC_REPRESENTATION_CONTEXT(2) 
PARAMETRIC_REPRESENTATION_CONTEXT() REPRESENTATION_CONTEXT('2D SPACE',''
  ) );
#544 = ORIENTED_EDGE('',*,*,#545,.T.);
#545 = EDGE_CURVE('',#523,#174,#546,.T.);
#546 = SURFACE_CURVE('',#547,(#551,#558),.PCURVE_S1.);
#547 = LINE('',#548,#549);
#548 = CARTESIAN_POINT('',(-9.814954576224,-17.,31.));
#549 = VECTOR('',#550,1.);
#550 = DIRECTION('',(1.,-3.619694468487E-16,0.));
#551 = PCURVE('',#189,#552);
#552 = DEFINITIONAL_REPRESENTATION('',(#553),#557);
#553 = LINE('',#554,#555);
#554 = CARTESIAN_POINT('',(0.,-11.));
#555 = VECTOR('',#556,1.);
#556 = DIRECTION('',(1.,0.));
#557 = ( GEOMETRIC_REPRESENTATION_CONTEXT(2) 
PARAMETRIC_REPRESENTATION_CONTEXT() REPRESENTATION_CONTEXT('2D SPACE',''
  ) );
#558 = PCURVE('',#559,#564);
#559 = PLANE('',#560);
#560 = AXIS2_PLACEMENT_3D('',#561,#562,#563);
#561 = CARTESIAN_POINT('',(-9.814954576224,-16.25,31.75));
#562 = DIRECTION('',(2.474761054327E-16,0.707106781187,-0.707106781187)
  );
#563 = DIRECTION('',(-1.,3.559767557574E-16,5.992691091271E-18));
#564 = DEFINITIONAL_REPRESENTATION('',(#565),#569);
#565 = LINE('',#566,#567);
#566 = CARTESIAN_POINT('',(-0.,-1.06066017178));
#567 = VECTOR('',#568,1.);
#568 = DIRECTION('',(-1.,0.));
#569 = ( GEOMETRIC_REPRESENTATION_CONTEXT(2) 
PARAMETRIC_REPRESENTATION_CONTEXT() REPRESENTATION_CONTEXT('2D SPACE',''
  ) );
#570 = ORIENTED_EDGE('',*,*,#171,.F.);
#571 = ORIENTED_EDGE('',*,*,#413,.F.);
#572 = ADVANCED_FACE('',(#573),#215,.F.);
#573 = FACE_BOUND('',#574,.T.);
#574 = EDGE_LOOP('',(#575,#598,#599,#600));
#575 = ORIENTED_EDGE('',*,*,#576,.F.);
#576 = EDGE_CURVE('',#174,#577,#579,.T.);
#577 = VERTEX_POINT('',#578);
#578 = CARTESIAN_POINT('',(8.948929172439,-15.5,32.5));
#579 = SURFACE_CURVE('',#580,(#584,#591),.PCURVE_S1.);
#580 = LINE('',#581,#582);
#581 = CARTESIAN_POINT('',(8.041664463713,-13.92857142857,
    34.071428571429));
#582 = VECTOR('',#583,1.);
#583 = DIRECTION('',(-0.377964473009,0.654653670708,0.654653670708));
#584 = PCURVE('',#215,#585);
#585 = DEFINITIONAL_REPRESENTATION('',(#586),#590);
#586 = LINE('',#587,#588);
#587 = CARTESIAN_POINT('',(-1.773290112511,3.282995769795));
#588 = VECTOR('',#589,1.);
#589 = DIRECTION('',(-0.377964473009,0.925820099773));
#590 = ( GEOMETRIC_REPRESENTATION_CONTEXT(2) 
PARAMETRIC_REPRESENTATION_CONTEXT() REPRESENTATION_CONTEXT('2D SPACE',''
  ) );
#591 = PCURVE('',#559,#592);
#592 = DEFINITIONAL_REPRESENTATION('',(#593),#597);
#593 = LINE('',#594,#595);
#594 = CARTESIAN_POINT('',(-17.85661903993,3.282995769795));
#595 = VECTOR('',#596,1.);
#596 = DIRECTION('',(0.377964473009,0.925820099773));
#597 = ( GEOMETRIC_REPRESENTATION_CONTEXT(2) 
PARAMETRIC_REPRESENTATION_CONTEXT() REPRESENTATION_CONTEXT('2D SPACE',''
  ) );
#598 = ORIENTED_EDGE('',*,*,#201,.T.);
#599 = ORIENTED_EDGE('',*,*,#252,.T.);
#600 = ORIENTED_EDGE('',*,*,#601,.F.);
#601 = EDGE_CURVE('',#577,#253,#602,.T.);
#602 = SURFACE_CURVE('',#603,(#607,#614),.PCURVE_S1.);
#603 = LINE('',#604,#605);
#604 = CARTESIAN_POINT('',(8.515916470547,-16.25,32.5));
#605 = VECTOR('',#606,1.);
#606 = DIRECTION('',(0.5,0.866025403784,0.));
#607 = PCURVE('',#215,#608);
#608 = DEFINITIONAL_REPRESENTATION('',(#609),#613);
#609 = LINE('',#610,#611);
#610 = CARTESIAN_POINT('',(-0.,1.06066017178));
#611 = VECTOR('',#612,1.);
#612 = DIRECTION('',(-1.,0.));
#613 = ( GEOMETRIC_REPRESENTATION_CONTEXT(2) 
PARAMETRIC_REPRESENTATION_CONTEXT() REPRESENTATION_CONTEXT('2D SPACE',''
  ) );
#614 = PCURVE('',#318,#615);
#615 = DEFINITIONAL_REPRESENTATION('',(#616),#620);
#616 = LINE('',#617,#618);
#617 = CARTESIAN_POINT('',(8.515916470547,-16.25));
#618 = VECTOR('',#619,1.);
#619 = DIRECTION('',(0.5,0.866025403784));
#620 = ( GEOMETRIC_REPRESENTATION_CONTEXT(2) 
PARAMETRIC_REPRESENTATION_CONTEXT() REPRESENTATION_CONTEXT('2D SPACE',''
  ) );
#621 = ADVANCED_FACE('',(#622,#726),#318,.T.);
#622 = FACE_BOUND('',#623,.T.);
#623 = EDGE_LOOP('',(#624,#625,#648,#676,#704,#725));
#624 = ORIENTED_EDGE('',*,*,#304,.T.);
#625 = ORIENTED_EDGE('',*,*,#626,.T.);
#626 = EDGE_CURVE('',#277,#627,#629,.T.);
#627 = VERTEX_POINT('',#628);
#628 = CARTESIAN_POINT('',(-8.948929172439,15.5,32.5));
#629 = SURFACE_CURVE('',#630,(#634,#641),.PCURVE_S1.);
#630 = LINE('',#631,#632);
#631 = CARTESIAN_POINT('',(9.814954576224,15.5,32.5));
#632 = VECTOR('',#633,1.);
#633 = DIRECTION('',(-1.,0.,0.));
#634 = PCURVE('',#318,#635);
#635 = DEFINITIONAL_REPRESENTATION('',(#636),#640);
#636 = LINE('',#637,#638);
#637 = CARTESIAN_POINT('',(9.814954576224,15.5));
#638 = VECTOR('',#639,1.);
#639 = DIRECTION('',(-1.,0.));
#640 = ( GEOMETRIC_REPRESENTATION_CONTEXT(2) 
PARAMETRIC_REPRESENTATION_CONTEXT() REPRESENTATION_CONTEXT('2D SPACE',''
  ) );
#641 = PCURVE('',#292,#642);
#642 = DEFINITIONAL_REPRESENTATION('',(#643),#647);
#643 = LINE('',#644,#645);
#644 = CARTESIAN_POINT('',(-0.,1.06066017178));
#645 = VECTOR('',#646,1.);
#646 = DIRECTION('',(-1.,0.));
#647 = ( GEOMETRIC_REPRESENTATION_CONTEXT(2) 
PARAMETRIC_REPRESENTATION_CONTEXT() REPRESENTATION_CONTEXT('2D SPACE',''
  ) );
#648 = ORIENTED_EDGE('',*,*,#649,.T.);
#649 = EDGE_CURVE('',#627,#650,#652,.T.);
#650 = VERTEX_POINT('',#651);
#651 = CARTESIAN_POINT('',(-17.89785834487,3.552713678801E-15,32.5));
#652 = SURFACE_CURVE('',#653,(#657,#664),.PCURVE_S1.);
#653 = LINE('',#654,#655);
#654 = CARTESIAN_POINT('',(-8.515916470547,16.25,32.5));
#655 = VECTOR('',#656,1.);
#656 = DIRECTION('',(-0.5,-0.866025403784,0.));
#657 = PCURVE('',#318,#658);
#658 = DEFINITIONAL_REPRESENTATION('',(#659),#663);
#659 = LINE('',#660,#661);
#660 = CARTESIAN_POINT('',(-8.515916470547,16.25));
#661 = VECTOR('',#662,1.);
#662 = DIRECTION('',(-0.5,-0.866025403784));
#663 = ( GEOMETRIC_REPRESENTATION_CONTEXT(2) 
PARAMETRIC_REPRESENTATION_CONTEXT() REPRESENTATION_CONTEXT('2D SPACE',''
  ) );
#664 = PCURVE('',#665,#670);
#665 = PLANE('',#666);
#666 = AXIS2_PLACEMENT_3D('',#667,#668,#669);
#667 = CARTESIAN_POINT('',(-9.165435523385,16.625,31.75));
#668 = DIRECTION('',(0.612372435696,-0.353553390593,-0.707106781187));
#669 = DIRECTION('',(0.5,0.866025403784,-4.01183451785E-17));
#670 = DEFINITIONAL_REPRESENTATION('',(#671),#675);
#671 = LINE('',#672,#673);
#672 = CARTESIAN_POINT('',(-0.,1.06066017178));
#673 = VECTOR('',#674,1.);
#674 = DIRECTION('',(-1.,0.));
#675 = ( GEOMETRIC_REPRESENTATION_CONTEXT(2) 
PARAMETRIC_REPRESENTATION_CONTEXT() REPRESENTATION_CONTEXT('2D SPACE',''
  ) );
#676 = ORIENTED_EDGE('',*,*,#677,.T.);
#677 = EDGE_CURVE('',#650,#678,#680,.T.);
#678 = VERTEX_POINT('',#679);
#679 = CARTESIAN_POINT('',(-8.948929172439,-15.5,32.5));
#680 = SURFACE_CURVE('',#681,(#685,#692),.PCURVE_S1.);
#681 = LINE('',#682,#683);
#682 = CARTESIAN_POINT('',(-18.33087104677,0.75,32.5));
#683 = VECTOR('',#684,1.);
#684 = DIRECTION('',(0.5,-0.866025403784,0.));
#685 = PCURVE('',#318,#686);
#686 = DEFINITIONAL_REPRESENTATION('',(#687),#691);
#687 = LINE('',#688,#689);
#688 = CARTESIAN_POINT('',(-18.33087104677,0.75));
#689 = VECTOR('',#690,1.);
#690 = DIRECTION('',(0.5,-0.866025403784));
#691 = ( GEOMETRIC_REPRESENTATION_CONTEXT(2) 
PARAMETRIC_REPRESENTATION_CONTEXT() REPRESENTATION_CONTEXT('2D SPACE',''
  ) );
#692 = PCURVE('',#693,#698);
#693 = PLANE('',#694);
#694 = AXIS2_PLACEMENT_3D('',#695,#696,#697);
#695 = CARTESIAN_POINT('',(-18.9803900996,0.375,31.75));
#696 = DIRECTION('',(0.612372435696,0.353553390593,-0.707106781187));
#697 = DIRECTION('',(-0.5,0.866025403784,2.03725699182E-20));
#698 = DEFINITIONAL_REPRESENTATION('',(#699),#703);
#699 = LINE('',#700,#701);
#700 = CARTESIAN_POINT('',(-0.,1.06066017178));
#701 = VECTOR('',#702,1.);
#702 = DIRECTION('',(-1.,0.));
#703 = ( GEOMETRIC_REPRESENTATION_CONTEXT(2) 
PARAMETRIC_REPRESENTATION_CONTEXT() REPRESENTATION_CONTEXT('2D SPACE',''
  ) );
#704 = ORIENTED_EDGE('',*,*,#705,.T.);
#705 = EDGE_CURVE('',#678,#577,#706,.T.);
#706 = SURFACE_CURVE('',#707,(#711,#718),.PCURVE_S1.);
#707 = LINE('',#708,#709);
#708 = CARTESIAN_POINT('',(-9.814954576224,-15.5,32.5));
#709 = VECTOR('',#710,1.);
#710 = DIRECTION('',(1.,-3.619694468487E-16,0.));
#711 = PCURVE('',#318,#712);
#712 = DEFINITIONAL_REPRESENTATION('',(#713),#717);
#713 = LINE('',#714,#715);
#714 = CARTESIAN_POINT('',(-9.814954576224,-15.5));
#715 = VECTOR('',#716,1.);
#716 = DIRECTION('',(1.,-3.619694468487E-16));
#717 = ( GEOMETRIC_REPRESENTATION_CONTEXT(2) 
PARAMETRIC_REPRESENTATION_CONTEXT() REPRESENTATION_CONTEXT('2D SPACE',''
  ) );
#718 = PCURVE('',#559,#719);
#719 = DEFINITIONAL_REPRESENTATION('',(#720),#724);
#720 = LINE('',#721,#722);
#721 = CARTESIAN_POINT('',(-0.,1.06066017178));
#722 = VECTOR('',#723,1.);
#723 = DIRECTION('',(-1.,0.));
#724 = ( GEOMETRIC_REPRESENTATION_CONTEXT(2) 
PARAMETRIC_REPRESENTATION_CONTEXT() REPRESENTATION_CONTEXT('2D SPACE',''
  ) );
#725 = ORIENTED_EDGE('',*,*,#601,.T.);
#726 = FACE_BOUND('',#727,.T.);
#727 = EDGE_LOOP('',(#728));
#728 = ORIENTED_EDGE('',*,*,#729,.F.);
#729 = EDGE_CURVE('',#730,#730,#732,.T.);
#730 = VERTEX_POINT('',#731);
#731 = CARTESIAN_POINT('',(5.,0.,32.5));
#732 = SURFACE_CURVE('',#733,(#738,#745),.PCURVE_S1.);
#733 = CIRCLE('',#734,5.);
#734 = AXIS2_PLACEMENT_3D('',#735,#736,#737);
#735 = CARTESIAN_POINT('',(0.,0.,32.5));
#736 = DIRECTION('',(0.,0.,1.));
#737 = DIRECTION('',(1.,0.,0.));
#738 = PCURVE('',#318,#739);
#739 = DEFINITIONAL_REPRESENTATION('',(#740),#744);
#740 = CIRCLE('',#741,5.);
#741 = AXIS2_PLACEMENT_2D('',#742,#743);
#742 = CARTESIAN_POINT('',(0.,-3.228683703721E-16));
#743 = DIRECTION('',(1.,0.));
#744 = ( GEOMETRIC_REPRESENTATION_CONTEXT(2) 
PARAMETRIC_REPRESENTATION_CONTEXT() REPRESENTATION_CONTEXT('2D SPACE',''
  ) );
#745 = PCURVE('',#746,#751);
#746 = CONICAL_SURFACE('',#747,5.,0.785398163397);
#747 = AXIS2_PLACEMENT_3D('',#748,#749,#750);
#748 = CARTESIAN_POINT('',(0.,0.,32.5));
#749 = DIRECTION('',(0.,0.,1.));
#750 = DIRECTION('',(1.,0.,0.));
#751 = DEFINITIONAL_REPRESENTATION('',(#752),#756);
#752 = LINE('',#753,#754);
#753 = CARTESIAN_POINT('',(0.,-0.));
#754 = VECTOR('',#755,1.);
#755 = DIRECTION('',(1.,-0.));
#756 = ( GEOMETRIC_REPRESENTATION_CONTEXT(2) 
PARAMETRIC_REPRESENTATION_CONTEXT() REPRESENTATION_CONTEXT('2D SPACE',''
  ) );
#757 = ADVANCED_FACE('',(#758),#292,.F.);
#758 = FACE_BOUND('',#759,.T.);
#759 = EDGE_LOOP('',(#760,#761,#762,#783));
#760 = ORIENTED_EDGE('',*,*,#276,.F.);
#761 = ORIENTED_EDGE('',*,*,#474,.T.);
#762 = ORIENTED_EDGE('',*,*,#763,.T.);
#763 = EDGE_CURVE('',#475,#627,#764,.T.);
#764 = SURFACE_CURVE('',#765,(#769,#776),.PCURVE_S1.);
#765 = LINE('',#766,#767);
#766 = CARTESIAN_POINT('',(-8.041664463713,13.928571428571,
    34.071428571429));
#767 = VECTOR('',#768,1.);
#768 = DIRECTION('',(0.377964473009,-0.654653670708,0.654653670708));
#769 = PCURVE('',#292,#770);
#770 = DEFINITIONAL_REPRESENTATION('',(#771),#775);
#771 = LINE('',#772,#773);
#772 = CARTESIAN_POINT('',(-17.85661903993,3.282995769795));
#773 = VECTOR('',#774,1.);
#774 = DIRECTION('',(0.377964473009,0.925820099773));
#775 = ( GEOMETRIC_REPRESENTATION_CONTEXT(2) 
PARAMETRIC_REPRESENTATION_CONTEXT() REPRESENTATION_CONTEXT('2D SPACE',''
  ) );
#776 = PCURVE('',#665,#777);
#777 = DEFINITIONAL_REPRESENTATION('',(#778),#782);
#778 = LINE('',#779,#780);
#779 = CARTESIAN_POINT('',(-1.773290112511,3.282995769795));
#780 = VECTOR('',#781,1.);
#781 = DIRECTION('',(-0.377964473009,0.925820099773));
#782 = ( GEOMETRIC_REPRESENTATION_CONTEXT(2) 
PARAMETRIC_REPRESENTATION_CONTEXT() REPRESENTATION_CONTEXT('2D SPACE',''
  ) );
#783 = ORIENTED_EDGE('',*,*,#626,.F.);
#784 = ADVANCED_FACE('',(#785),#373,.F.);
#785 = FACE_BOUND('',#786,.F.);
#786 = EDGE_LOOP('',(#787,#788,#811,#832));
#787 = ORIENTED_EDGE('',*,*,#497,.T.);
#788 = ORIENTED_EDGE('',*,*,#789,.T.);
#789 = EDGE_CURVE('',#475,#790,#792,.T.);
#790 = VERTEX_POINT('',#791);
#791 = CARTESIAN_POINT('',(-19.62990915244,3.552713678801E-15,31.));
#792 = SURFACE_CURVE('',#793,(#797,#804),.PCURVE_S1.);
#793 = LINE('',#794,#795);
#794 = CARTESIAN_POINT('',(-9.814954576224,17.,31.));
#795 = VECTOR('',#796,1.);
#796 = DIRECTION('',(-0.5,-0.866025403784,0.));
#797 = PCURVE('',#373,#798);
#798 = DEFINITIONAL_REPRESENTATION('',(#799),#803);
#799 = LINE('',#800,#801);
#800 = CARTESIAN_POINT('',(0.,-11.));
#801 = VECTOR('',#802,1.);
#802 = DIRECTION('',(1.,-0.));
#803 = ( GEOMETRIC_REPRESENTATION_CONTEXT(2) 
PARAMETRIC_REPRESENTATION_CONTEXT() REPRESENTATION_CONTEXT('2D SPACE',''
  ) );
#804 = PCURVE('',#665,#805);
#805 = DEFINITIONAL_REPRESENTATION('',(#806),#810);
#806 = LINE('',#807,#808);
#807 = CARTESIAN_POINT('',(-0.,-1.06066017178));
#808 = VECTOR('',#809,1.);
#809 = DIRECTION('',(-1.,0.));
#810 = ( GEOMETRIC_REPRESENTATION_CONTEXT(2) 
PARAMETRIC_REPRESENTATION_CONTEXT() REPRESENTATION_CONTEXT('2D SPACE',''
  ) );
#811 = ORIENTED_EDGE('',*,*,#812,.F.);
#812 = EDGE_CURVE('',#358,#790,#813,.T.);
#813 = SURFACE_CURVE('',#814,(#818,#825),.PCURVE_S1.);
#814 = LINE('',#815,#816);
#815 = CARTESIAN_POINT('',(-19.62990915244,2.40397054111E-15,20.));
#816 = VECTOR('',#817,1.);
#817 = DIRECTION('',(0.,0.,1.));
#818 = PCURVE('',#373,#819);
#819 = DEFINITIONAL_REPRESENTATION('',(#820),#824);
#820 = LINE('',#821,#822);
#821 = CARTESIAN_POINT('',(19.629909152447,0.));
#822 = VECTOR('',#823,1.);
#823 = DIRECTION('',(0.,-1.));
#824 = ( GEOMETRIC_REPRESENTATION_CONTEXT(2) 
PARAMETRIC_REPRESENTATION_CONTEXT() REPRESENTATION_CONTEXT('2D SPACE',''
  ) );
#825 = PCURVE('',#401,#826);
#826 = DEFINITIONAL_REPRESENTATION('',(#827),#831);
#827 = LINE('',#828,#829);
#828 = CARTESIAN_POINT('',(0.,0.));
#829 = VECTOR('',#830,1.);
#830 = DIRECTION('',(0.,-1.));
#831 = ( GEOMETRIC_REPRESENTATION_CONTEXT(2) 
PARAMETRIC_REPRESENTATION_CONTEXT() REPRESENTATION_CONTEXT('2D SPACE',''
  ) );
#832 = ORIENTED_EDGE('',*,*,#357,.F.);
#833 = ADVANCED_FACE('',(#834),#401,.F.);
#834 = FACE_BOUND('',#835,.F.);
#835 = EDGE_LOOP('',(#836,#837,#858,#859));
#836 = ORIENTED_EDGE('',*,*,#812,.T.);
#837 = ORIENTED_EDGE('',*,*,#838,.T.);
#838 = EDGE_CURVE('',#790,#523,#839,.T.);
#839 = SURFACE_CURVE('',#840,(#844,#851),.PCURVE_S1.);
#840 = LINE('',#841,#842);
#841 = CARTESIAN_POINT('',(-19.62990915244,2.684855829775E-15,31.));
#842 = VECTOR('',#843,1.);
#843 = DIRECTION('',(0.5,-0.866025403784,0.));
#844 = PCURVE('',#401,#845);
#845 = DEFINITIONAL_REPRESENTATION('',(#846),#850);
#846 = LINE('',#847,#848);
#847 = CARTESIAN_POINT('',(0.,-11.));
#848 = VECTOR('',#849,1.);
#849 = DIRECTION('',(1.,0.));
#850 = ( GEOMETRIC_REPRESENTATION_CONTEXT(2) 
PARAMETRIC_REPRESENTATION_CONTEXT() REPRESENTATION_CONTEXT('2D SPACE',''
  ) );
#851 = PCURVE('',#693,#852);
#852 = DEFINITIONAL_REPRESENTATION('',(#853),#857);
#853 = LINE('',#854,#855);
#854 = CARTESIAN_POINT('',(-0.,-1.06066017178));
#855 = VECTOR('',#856,1.);
#856 = DIRECTION('',(-1.,0.));
#857 = ( GEOMETRIC_REPRESENTATION_CONTEXT(2) 
PARAMETRIC_REPRESENTATION_CONTEXT() REPRESENTATION_CONTEXT('2D SPACE',''
  ) );
#858 = ORIENTED_EDGE('',*,*,#522,.F.);
#859 = ORIENTED_EDGE('',*,*,#385,.F.);
#860 = ADVANCED_FACE('',(#861),#458,.F.);
#861 = FACE_BOUND('',#862,.T.);
#862 = EDGE_LOOP('',(#863,#886,#913,#914));
#863 = ORIENTED_EDGE('',*,*,#864,.F.);
#864 = EDGE_CURVE('',#865,#438,#867,.T.);
#865 = VERTEX_POINT('',#866);
#866 = CARTESIAN_POINT('',(14.35,0.,21.45));
#867 = SEAM_CURVE('',#868,(#872,#879),.PCURVE_S1.);
#868 = LINE('',#869,#870);
#869 = CARTESIAN_POINT('',(14.35,0.,21.45));
#870 = VECTOR('',#871,1.);
#871 = DIRECTION('',(0.,0.,-1.));
#872 = PCURVE('',#458,#873);
#873 = DEFINITIONAL_REPRESENTATION('',(#874),#878);
#874 = LINE('',#875,#876);
#875 = CARTESIAN_POINT('',(-0.,0.));
#876 = VECTOR('',#877,1.);
#877 = DIRECTION('',(-0.,1.));
#878 = ( GEOMETRIC_REPRESENTATION_CONTEXT(2) 
PARAMETRIC_REPRESENTATION_CONTEXT() REPRESENTATION_CONTEXT('2D SPACE',''
  ) );
#879 = PCURVE('',#458,#880);
#880 = DEFINITIONAL_REPRESENTATION('',(#881),#885);
#881 = LINE('',#882,#883);
#882 = CARTESIAN_POINT('',(-6.28318530718,0.));
#883 = VECTOR('',#884,1.);
#884 = DIRECTION('',(-0.,1.));
#885 = ( GEOMETRIC_REPRESENTATION_CONTEXT(2) 
PARAMETRIC_REPRESENTATION_CONTEXT() REPRESENTATION_CONTEXT('2D SPACE',''
  ) );
#886 = ORIENTED_EDGE('',*,*,#887,.T.);
#887 = EDGE_CURVE('',#865,#865,#888,.T.);
#888 = SURFACE_CURVE('',#889,(#894,#901),.PCURVE_S1.);
#889 = CIRCLE('',#890,14.35);
#890 = AXIS2_PLACEMENT_3D('',#891,#892,#893);
#891 = CARTESIAN_POINT('',(0.,0.,21.45));
#892 = DIRECTION('',(0.,0.,1.));
#893 = DIRECTION('',(1.,0.,0.));
#894 = PCURVE('',#458,#895);
#895 = DEFINITIONAL_REPRESENTATION('',(#896),#900);
#896 = LINE('',#897,#898);
#897 = CARTESIAN_POINT('',(-0.,0.));
#898 = VECTOR('',#899,1.);
#899 = DIRECTION('',(-1.,0.));
#900 = ( GEOMETRIC_REPRESENTATION_CONTEXT(2) 
PARAMETRIC_REPRESENTATION_CONTEXT() REPRESENTATION_CONTEXT('2D SPACE',''
  ) );
#901 = PCURVE('',#902,#907);
#902 = PLANE('',#903);
#903 = AXIS2_PLACEMENT_3D('',#904,#905,#906);
#904 = CARTESIAN_POINT('',(0.,0.,21.45));
#905 = DIRECTION('',(0.,0.,1.));
#906 = DIRECTION('',(1.,0.,0.));
#907 = DEFINITIONAL_REPRESENTATION('',(#908),#912);
#908 = CIRCLE('',#909,14.35);
#909 = AXIS2_PLACEMENT_2D('',#910,#911);
#910 = CARTESIAN_POINT('',(0.,0.));
#911 = DIRECTION('',(1.,-0.));
#912 = ( GEOMETRIC_REPRESENTATION_CONTEXT(2) 
PARAMETRIC_REPRESENTATION_CONTEXT() REPRESENTATION_CONTEXT('2D SPACE',''
  ) );
#913 = ORIENTED_EDGE('',*,*,#864,.T.);
#914 = ORIENTED_EDGE('',*,*,#437,.T.);
#915 = ADVANCED_FACE('',(#916),#559,.F.);
#916 = FACE_BOUND('',#917,.T.);
#917 = EDGE_LOOP('',(#918,#939,#940,#941));
#918 = ORIENTED_EDGE('',*,*,#919,.F.);
#919 = EDGE_CURVE('',#523,#678,#920,.T.);
#920 = SURFACE_CURVE('',#921,(#925,#932),.PCURVE_S1.);
#921 = LINE('',#922,#923);
#922 = CARTESIAN_POINT('',(-8.041664463713,-13.92857142857,
    34.071428571429));
#923 = VECTOR('',#924,1.);
#924 = DIRECTION('',(0.377964473009,0.654653670708,0.654653670708));
#925 = PCURVE('',#559,#926);
#926 = DEFINITIONAL_REPRESENTATION('',(#927),#931);
#927 = LINE('',#928,#929);
#928 = CARTESIAN_POINT('',(-1.773290112511,3.282995769795));
#929 = VECTOR('',#930,1.);
#930 = DIRECTION('',(-0.377964473009,0.925820099773));
#931 = ( GEOMETRIC_REPRESENTATION_CONTEXT(2) 
PARAMETRIC_REPRESENTATION_CONTEXT() REPRESENTATION_CONTEXT('2D SPACE',''
  ) );
#932 = PCURVE('',#693,#933);
#933 = DEFINITIONAL_REPRESENTATION('',(#934),#938);
#934 = LINE('',#935,#936);
#935 = CARTESIAN_POINT('',(-17.85661903993,3.282995769795));
#936 = VECTOR('',#937,1.);
#937 = DIRECTION('',(0.377964473009,0.925820099773));
#938 = ( GEOMETRIC_REPRESENTATION_CONTEXT(2) 
PARAMETRIC_REPRESENTATION_CONTEXT() REPRESENTATION_CONTEXT('2D SPACE',''
  ) );
#939 = ORIENTED_EDGE('',*,*,#545,.T.);
#940 = ORIENTED_EDGE('',*,*,#576,.T.);
#941 = ORIENTED_EDGE('',*,*,#705,.F.);
#942 = ADVANCED_FACE('',(#943),#665,.F.);
#943 = FACE_BOUND('',#944,.T.);
#944 = EDGE_LOOP('',(#945,#946,#947,#968));
#945 = ORIENTED_EDGE('',*,*,#763,.F.);
#946 = ORIENTED_EDGE('',*,*,#789,.T.);
#947 = ORIENTED_EDGE('',*,*,#948,.T.);
#948 = EDGE_CURVE('',#790,#650,#949,.T.);
#949 = SURFACE_CURVE('',#950,(#954,#961),.PCURVE_S1.);
#950 = LINE('',#951,#952);
#951 = CARTESIAN_POINT('',(-16.08332892742,1.167083270821E-14,
    34.071428571429));
#952 = VECTOR('',#953,1.);
#953 = DIRECTION('',(0.755928946018,-3.27160143625E-16,0.654653670708));
#954 = PCURVE('',#665,#955);
#955 = DEFINITIONAL_REPRESENTATION('',(#956),#960);
#956 = LINE('',#957,#958);
#957 = CARTESIAN_POINT('',(-17.85661903993,3.282995769795));
#958 = VECTOR('',#959,1.);
#959 = DIRECTION('',(0.377964473009,0.925820099773));
#960 = ( GEOMETRIC_REPRESENTATION_CONTEXT(2) 
PARAMETRIC_REPRESENTATION_CONTEXT() REPRESENTATION_CONTEXT('2D SPACE',''
  ) );
#961 = PCURVE('',#693,#962);
#962 = DEFINITIONAL_REPRESENTATION('',(#963),#967);
#963 = LINE('',#964,#965);
#964 = CARTESIAN_POINT('',(-1.773290112511,3.282995769795));
#965 = VECTOR('',#966,1.);
#966 = DIRECTION('',(-0.377964473009,0.925820099773));
#967 = ( GEOMETRIC_REPRESENTATION_CONTEXT(2) 
PARAMETRIC_REPRESENTATION_CONTEXT() REPRESENTATION_CONTEXT('2D SPACE',''
  ) );
#968 = ORIENTED_EDGE('',*,*,#649,.F.);
#969 = ADVANCED_FACE('',(#970),#693,.F.);
#970 = FACE_BOUND('',#971,.T.);
#971 = EDGE_LOOP('',(#972,#973,#974,#975));
#972 = ORIENTED_EDGE('',*,*,#948,.F.);
#973 = ORIENTED_EDGE('',*,*,#838,.T.);
#974 = ORIENTED_EDGE('',*,*,#919,.T.);
#975 = ORIENTED_EDGE('',*,*,#677,.F.);
#976 = ADVANCED_FACE('',(#977),#746,.F.);
#977 = FACE_BOUND('',#978,.T.);
#978 = EDGE_LOOP('',(#979,#980,#1003,#1030));
#979 = ORIENTED_EDGE('',*,*,#729,.T.);
#980 = ORIENTED_EDGE('',*,*,#981,.T.);
#981 = EDGE_CURVE('',#730,#982,#984,.T.);
#982 = VERTEX_POINT('',#983);
#983 = CARTESIAN_POINT('',(4.5,0.,32.));
#984 = SEAM_CURVE('',#985,(#989,#996),.PCURVE_S1.);
#985 = LINE('',#986,#987);
#986 = CARTESIAN_POINT('',(5.,0.,32.5));
#987 = VECTOR('',#988,1.);
#988 = DIRECTION('',(-0.707106781187,0.,-0.707106781187));
#989 = PCURVE('',#746,#990);
#990 = DEFINITIONAL_REPRESENTATION('',(#991),#995);
#991 = LINE('',#992,#993);
#992 = CARTESIAN_POINT('',(0.,-0.));
#993 = VECTOR('',#994,1.);
#994 = DIRECTION('',(0.,-1.));
#995 = ( GEOMETRIC_REPRESENTATION_CONTEXT(2) 
PARAMETRIC_REPRESENTATION_CONTEXT() REPRESENTATION_CONTEXT('2D SPACE',''
  ) );
#996 = PCURVE('',#746,#997);
#997 = DEFINITIONAL_REPRESENTATION('',(#998),#1002);
#998 = LINE('',#999,#1000);
#999 = CARTESIAN_POINT('',(6.28318530718,-0.));
#1000 = VECTOR('',#1001,1.);
#1001 = DIRECTION('',(0.,-1.));
#1002 = ( GEOMETRIC_REPRESENTATION_CONTEXT(2) 
PARAMETRIC_REPRESENTATION_CONTEXT() REPRESENTATION_CONTEXT('2D SPACE',''
  ) );
#1003 = ORIENTED_EDGE('',*,*,#1004,.F.);
#1004 = EDGE_CURVE('',#982,#982,#1005,.T.);
#1005 = SURFACE_CURVE('',#1006,(#1011,#1018),.PCURVE_S1.);
#1006 = CIRCLE('',#1007,4.5);
#1007 = AXIS2_PLACEMENT_3D('',#1008,#1009,#1010);
#1008 = CARTESIAN_POINT('',(0.,0.,32.));
#1009 = DIRECTION('',(0.,0.,1.));
#1010 = DIRECTION('',(1.,0.,0.));
#1011 = PCURVE('',#746,#1012);
#1012 = DEFINITIONAL_REPRESENTATION('',(#1013),#1017);
#1013 = LINE('',#1014,#1015);
#1014 = CARTESIAN_POINT('',(0.,-0.5));
#1015 = VECTOR('',#1016,1.);
#1016 = DIRECTION('',(1.,-0.));
#1017 = ( GEOMETRIC_REPRESENTATION_CONTEXT(2) 
PARAMETRIC_REPRESENTATION_CONTEXT() REPRESENTATION_CONTEXT('2D SPACE',''
  ) );
#1018 = PCURVE('',#1019,#1024);
#1019 = CYLINDRICAL_SURFACE('',#1020,4.5);
#1020 = AXIS2_PLACEMENT_3D('',#1021,#1022,#1023);
#1021 = CARTESIAN_POINT('',(0.,0.,32.));
#1022 = DIRECTION('',(-0.,-0.,-1.));
#1023 = DIRECTION('',(1.,0.,0.));
#1024 = DEFINITIONAL_REPRESENTATION('',(#1025),#1029);
#1025 = LINE('',#1026,#1027);
#1026 = CARTESIAN_POINT('',(-0.,0.));
#1027 = VECTOR('',#1028,1.);
#1028 = DIRECTION('',(-1.,0.));
#1029 = ( GEOMETRIC_REPRESENTATION_CONTEXT(2) 
PARAMETRIC_REPRESENTATION_CONTEXT() REPRESENTATION_CONTEXT('2D SPACE',''
  ) );
#1030 = ORIENTED_EDGE('',*,*,#981,.F.);
#1031 = ADVANCED_FACE('',(#1032,#1063),#902,.F.);
#1032 = FACE_BOUND('',#1033,.T.);
#1033 = EDGE_LOOP('',(#1034));
#1034 = ORIENTED_EDGE('',*,*,#1035,.T.);
#1035 = EDGE_CURVE('',#1036,#1036,#1038,.T.);
#1036 = VERTEX_POINT('',#1037);
#1037 = CARTESIAN_POINT('',(11.65,0.,21.45));
#1038 = SURFACE_CURVE('',#1039,(#1044,#1051),.PCURVE_S1.);
#1039 = CIRCLE('',#1040,11.65);
#1040 = AXIS2_PLACEMENT_3D('',#1041,#1042,#1043);
#1041 = CARTESIAN_POINT('',(0.,0.,21.45));
#1042 = DIRECTION('',(0.,0.,1.));
#1043 = DIRECTION('',(1.,0.,0.));
#1044 = PCURVE('',#902,#1045);
#1045 = DEFINITIONAL_REPRESENTATION('',(#1046),#1050);
#1046 = CIRCLE('',#1047,11.65);
#1047 = AXIS2_PLACEMENT_2D('',#1048,#1049);
#1048 = CARTESIAN_POINT('',(0.,0.));
#1049 = DIRECTION('',(1.,-0.));
#1050 = ( GEOMETRIC_REPRESENTATION_CONTEXT(2) 
PARAMETRIC_REPRESENTATION_CONTEXT() REPRESENTATION_CONTEXT('2D SPACE',''
  ) );
#1051 = PCURVE('',#1052,#1057);
#1052 = CYLINDRICAL_SURFACE('',#1053,11.65);
#1053 = AXIS2_PLACEMENT_3D('',#1054,#1055,#1056);
#1054 = CARTESIAN_POINT('',(0.,0.,18.5));
#1055 = DIRECTION('',(0.,0.,1.));
#1056 = DIRECTION('',(1.,0.,0.));
#1057 = DEFINITIONAL_REPRESENTATION('',(#1058),#1062);
#1058 = LINE('',#1059,#1060);
#1059 = CARTESIAN_POINT('',(0.,2.95));
#1060 = VECTOR('',#1061,1.);
#1061 = DIRECTION('',(1.,0.));
#1062 = ( GEOMETRIC_REPRESENTATION_CONTEXT(2) 
PARAMETRIC_REPRESENTATION_CONTEXT() REPRESENTATION_CONTEXT('2D SPACE',''
  ) );
#1063 = FACE_BOUND('',#1064,.T.);
#1064 = EDGE_LOOP('',(#1065));
#1065 = ORIENTED_EDGE('',*,*,#887,.F.);
#1066 = ADVANCED_FACE('',(#1067),#1019,.F.);
#1067 = FACE_BOUND('',#1068,.T.);
#1068 = EDGE_LOOP('',(#1069,#1070,#1093,#1120));
#1069 = ORIENTED_EDGE('',*,*,#1004,.T.);
#1070 = ORIENTED_EDGE('',*,*,#1071,.T.);
#1071 = EDGE_CURVE('',#982,#1072,#1074,.T.);
#1072 = VERTEX_POINT('',#1073);
#1073 = CARTESIAN_POINT('',(4.5,0.,23.5));
#1074 = SEAM_CURVE('',#1075,(#1079,#1086),.PCURVE_S1.);
#1075 = LINE('',#1076,#1077);
#1076 = CARTESIAN_POINT('',(4.5,0.,32.));
#1077 = VECTOR('',#1078,1.);
#1078 = DIRECTION('',(0.,0.,-1.));
#1079 = PCURVE('',#1019,#1080);
#1080 = DEFINITIONAL_REPRESENTATION('',(#1081),#1085);
#1081 = LINE('',#1082,#1083);
#1082 = CARTESIAN_POINT('',(-0.,0.));
#1083 = VECTOR('',#1084,1.);
#1084 = DIRECTION('',(-0.,1.));
#1085 = ( GEOMETRIC_REPRESENTATION_CONTEXT(2) 
PARAMETRIC_REPRESENTATION_CONTEXT() REPRESENTATION_CONTEXT('2D SPACE',''
  ) );
#1086 = PCURVE('',#1019,#1087);
#1087 = DEFINITIONAL_REPRESENTATION('',(#1088),#1092);
#1088 = LINE('',#1089,#1090);
#1089 = CARTESIAN_POINT('',(-6.28318530718,0.));
#1090 = VECTOR('',#1091,1.);
#1091 = DIRECTION('',(-0.,1.));
#1092 = ( GEOMETRIC_REPRESENTATION_CONTEXT(2) 
PARAMETRIC_REPRESENTATION_CONTEXT() REPRESENTATION_CONTEXT('2D SPACE',''
  ) );
#1093 = ORIENTED_EDGE('',*,*,#1094,.F.);
#1094 = EDGE_CURVE('',#1072,#1072,#1095,.T.);
#1095 = SURFACE_CURVE('',#1096,(#1101,#1108),.PCURVE_S1.);
#1096 = CIRCLE('',#1097,4.5);
#1097 = AXIS2_PLACEMENT_3D('',#1098,#1099,#1100);
#1098 = CARTESIAN_POINT('',(0.,0.,23.5));
#1099 = DIRECTION('',(0.,0.,1.));
#1100 = DIRECTION('',(1.,0.,0.));
#1101 = PCURVE('',#1019,#1102);
#1102 = DEFINITIONAL_REPRESENTATION('',(#1103),#1107);
#1103 = LINE('',#1104,#1105);
#1104 = CARTESIAN_POINT('',(-0.,8.5));
#1105 = VECTOR('',#1106,1.);
#1106 = DIRECTION('',(-1.,0.));
#1107 = ( GEOMETRIC_REPRESENTATION_CONTEXT(2) 
PARAMETRIC_REPRESENTATION_CONTEXT() REPRESENTATION_CONTEXT('2D SPACE',''
  ) );
#1108 = PCURVE('',#1109,#1114);
#1109 = PLANE('',#1110);
#1110 = AXIS2_PLACEMENT_3D('',#1111,#1112,#1113);
#1111 = CARTESIAN_POINT('',(0.,0.,23.5));
#1112 = DIRECTION('',(0.,0.,1.));
#1113 = DIRECTION('',(1.,0.,0.));
#1114 = DEFINITIONAL_REPRESENTATION('',(#1115),#1119);
#1115 = CIRCLE('',#1116,4.5);
#1116 = AXIS2_PLACEMENT_2D('',#1117,#1118);
#1117 = CARTESIAN_POINT('',(0.,0.));
#1118 = DIRECTION('',(1.,0.));
#1119 = ( GEOMETRIC_REPRESENTATION_CONTEXT(2) 
PARAMETRIC_REPRESENTATION_CONTEXT() REPRESENTATION_CONTEXT('2D SPACE',''
  ) );
#1120 = ORIENTED_EDGE('',*,*,#1071,.F.);
#1121 = ADVANCED_FACE('',(#1122),#1052,.T.);
#1122 = FACE_BOUND('',#1123,.T.);
#1123 = EDGE_LOOP('',(#1124,#1153,#1174,#1175));
#1124 = ORIENTED_EDGE('',*,*,#1125,.T.);
#1125 = EDGE_CURVE('',#1126,#1126,#1128,.T.);
#1126 = VERTEX_POINT('',#1127);
#1127 = CARTESIAN_POINT('',(11.65,0.,20.));
#1128 = SURFACE_CURVE('',#1129,(#1134,#1141),.PCURVE_S1.);
#1129 = CIRCLE('',#1130,11.65);
#1130 = AXIS2_PLACEMENT_3D('',#1131,#1132,#1133);
#1131 = CARTESIAN_POINT('',(0.,0.,20.));
#1132 = DIRECTION('',(0.,0.,1.));
#1133 = DIRECTION('',(1.,0.,-0.));
#1134 = PCURVE('',#1052,#1135);
#1135 = DEFINITIONAL_REPRESENTATION('',(#1136),#1140);
#1136 = LINE('',#1137,#1138);
#1137 = CARTESIAN_POINT('',(0.,1.5));
#1138 = VECTOR('',#1139,1.);
#1139 = DIRECTION('',(1.,0.));
#1140 = ( GEOMETRIC_REPRESENTATION_CONTEXT(2) 
PARAMETRIC_REPRESENTATION_CONTEXT() REPRESENTATION_CONTEXT('2D SPACE',''
  ) );
#1141 = PCURVE('',#1142,#1147);
#1142 = PLANE('',#1143);
#1143 = AXIS2_PLACEMENT_3D('',#1144,#1145,#1146);
#1144 = CARTESIAN_POINT('',(0.,3.228683703721E-16,20.));
#1145 = DIRECTION('',(0.,0.,1.));
#1146 = DIRECTION('',(1.,0.,0.));
#1147 = DEFINITIONAL_REPRESENTATION('',(#1148),#1152);
#1148 = CIRCLE('',#1149,11.65);
#1149 = AXIS2_PLACEMENT_2D('',#1150,#1151);
#1150 = CARTESIAN_POINT('',(0.,-3.228683703721E-16));
#1151 = DIRECTION('',(1.,0.));
#1152 = ( GEOMETRIC_REPRESENTATION_CONTEXT(2) 
PARAMETRIC_REPRESENTATION_CONTEXT() REPRESENTATION_CONTEXT('2D SPACE',''
  ) );
#1153 = ORIENTED_EDGE('',*,*,#1154,.T.);
#1154 = EDGE_CURVE('',#1126,#1036,#1155,.T.);
#1155 = SEAM_CURVE('',#1156,(#1160,#1167),.PCURVE_S1.);
#1156 = LINE('',#1157,#1158);
#1157 = CARTESIAN_POINT('',(11.65,0.,18.5));
#1158 = VECTOR('',#1159,1.);
#1159 = DIRECTION('',(0.,0.,1.));
#1160 = PCURVE('',#1052,#1161);
#1161 = DEFINITIONAL_REPRESENTATION('',(#1162),#1166);
#1162 = LINE('',#1163,#1164);
#1163 = CARTESIAN_POINT('',(0.,0.));
#1164 = VECTOR('',#1165,1.);
#1165 = DIRECTION('',(0.,1.));
#1166 = ( GEOMETRIC_REPRESENTATION_CONTEXT(2) 
PARAMETRIC_REPRESENTATION_CONTEXT() REPRESENTATION_CONTEXT('2D SPACE',''
  ) );
#1167 = PCURVE('',#1052,#1168);
#1168 = DEFINITIONAL_REPRESENTATION('',(#1169),#1173);
#1169 = LINE('',#1170,#1171);
#1170 = CARTESIAN_POINT('',(6.28318530718,0.));
#1171 = VECTOR('',#1172,1.);
#1172 = DIRECTION('',(0.,1.));
#1173 = ( GEOMETRIC_REPRESENTATION_CONTEXT(2) 
PARAMETRIC_REPRESENTATION_CONTEXT() REPRESENTATION_CONTEXT('2D SPACE',''
  ) );
#1174 = ORIENTED_EDGE('',*,*,#1035,.F.);
#1175 = ORIENTED_EDGE('',*,*,#1154,.F.);
#1176 = ADVANCED_FACE('',(#1177,#1180),#1109,.T.);
#1177 = FACE_BOUND('',#1178,.T.);
#1178 = EDGE_LOOP('',(#1179));
#1179 = ORIENTED_EDGE('',*,*,#1094,.T.);
#1180 = FACE_BOUND('',#1181,.T.);
#1181 = EDGE_LOOP('',(#1182));
#1182 = ORIENTED_EDGE('',*,*,#1183,.F.);
#1183 = EDGE_CURVE('',#1184,#1184,#1186,.T.);
#1184 = VERTEX_POINT('',#1185);
#1185 = CARTESIAN_POINT('',(4.,0.,23.5));
#1186 = SURFACE_CURVE('',#1187,(#1192,#1199),.PCURVE_S1.);
#1187 = CIRCLE('',#1188,4.);
#1188 = AXIS2_PLACEMENT_3D('',#1189,#1190,#1191);
#1189 = CARTESIAN_POINT('',(0.,0.,23.5));
#1190 = DIRECTION('',(0.,0.,1.));
#1191 = DIRECTION('',(1.,0.,0.));
#1192 = PCURVE('',#1109,#1193);
#1193 = DEFINITIONAL_REPRESENTATION('',(#1194),#1198);
#1194 = CIRCLE('',#1195,4.);
#1195 = AXIS2_PLACEMENT_2D('',#1196,#1197);
#1196 = CARTESIAN_POINT('',(0.,0.));
#1197 = DIRECTION('',(1.,0.));
#1198 = ( GEOMETRIC_REPRESENTATION_CONTEXT(2) 
PARAMETRIC_REPRESENTATION_CONTEXT() REPRESENTATION_CONTEXT('2D SPACE',''
  ) );
#1199 = PCURVE('',#1200,#1205);
#1200 = CYLINDRICAL_SURFACE('',#1201,4.);
#1201 = AXIS2_PLACEMENT_3D('',#1202,#1203,#1204);
#1202 = CARTESIAN_POINT('',(0.,0.,23.5));
#1203 = DIRECTION('',(-0.,-0.,-1.));
#1204 = DIRECTION('',(1.,0.,0.));
#1205 = DEFINITIONAL_REPRESENTATION('',(#1206),#1210);
#1206 = LINE('',#1207,#1208);
#1207 = CARTESIAN_POINT('',(-0.,0.));
#1208 = VECTOR('',#1209,1.);
#1209 = DIRECTION('',(-1.,0.));
#1210 = ( GEOMETRIC_REPRESENTATION_CONTEXT(2) 
PARAMETRIC_REPRESENTATION_CONTEXT() REPRESENTATION_CONTEXT('2D SPACE',''
  ) );
#1211 = ADVANCED_FACE('',(#1212,#1247),#1142,.F.);
#1212 = FACE_BOUND('',#1213,.F.);
#1213 = EDGE_LOOP('',(#1214));
#1214 = ORIENTED_EDGE('',*,*,#1215,.T.);
#1215 = EDGE_CURVE('',#1216,#1216,#1218,.T.);
#1216 = VERTEX_POINT('',#1217);
#1217 = CARTESIAN_POINT('',(10.6,-2.596251214192E-15,20.));
#1218 = SURFACE_CURVE('',#1219,(#1224,#1235),.PCURVE_S1.);
#1219 = CIRCLE('',#1220,10.6);
#1220 = AXIS2_PLACEMENT_3D('',#1221,#1222,#1223);
#1221 = CARTESIAN_POINT('',(0.,0.,20.));
#1222 = DIRECTION('',(0.,-0.,-1.));
#1223 = DIRECTION('',(1.,-2.449293598295E-16,0.));
#1224 = PCURVE('',#1142,#1225);
#1225 = DEFINITIONAL_REPRESENTATION('',(#1226),#1234);
#1226 = ( BOUNDED_CURVE() B_SPLINE_CURVE(2,(#1227,#1228,#1229,#1230,
#1231,#1232,#1233),.UNSPECIFIED.,.T.,.F.) B_SPLINE_CURVE_WITH_KNOTS((1,2
    ,2,2,2,1),(-2.094395102393,0.,2.094395102393,4.188790204786,
6.28318530718,8.377580409573),.UNSPECIFIED.) CURVE() 
GEOMETRIC_REPRESENTATION_ITEM() RATIONAL_B_SPLINE_CURVE((1.,0.5,1.,0.5,
1.,0.5,1.)) REPRESENTATION_ITEM('') );
#1227 = CARTESIAN_POINT('',(10.6,-2.919119584564E-15));
#1228 = CARTESIAN_POINT('',(10.6,-18.35973856023));
#1229 = CARTESIAN_POINT('',(-5.3,-9.179869280115));
#1230 = CARTESIAN_POINT('',(-21.2,2.27338284382E-15));
#1231 = CARTESIAN_POINT('',(-5.3,9.179869280115));
#1232 = CARTESIAN_POINT('',(10.6,18.35973856023));
#1233 = CARTESIAN_POINT('',(10.6,-2.919119584564E-15));
#1234 = ( GEOMETRIC_REPRESENTATION_CONTEXT(2) 
PARAMETRIC_REPRESENTATION_CONTEXT() REPRESENTATION_CONTEXT('2D SPACE',''
  ) );
#1235 = PCURVE('',#1236,#1241);
#1236 = TOROIDAL_SURFACE('',#1237,10.6,0.6);
#1237 = AXIS2_PLACEMENT_3D('',#1238,#1239,#1240);
#1238 = CARTESIAN_POINT('',(0.,0.,19.4));
#1239 = DIRECTION('',(0.,0.,1.));
#1240 = DIRECTION('',(1.,-2.449293598295E-16,0.));
#1241 = DEFINITIONAL_REPRESENTATION('',(#1242),#1246);
#1242 = LINE('',#1243,#1244);
#1243 = CARTESIAN_POINT('',(-0.,1.570796326795));
#1244 = VECTOR('',#1245,1.);
#1245 = DIRECTION('',(-1.,0.));
#1246 = ( GEOMETRIC_REPRESENTATION_CONTEXT(2) 
PARAMETRIC_REPRESENTATION_CONTEXT() REPRESENTATION_CONTEXT('2D SPACE',''
  ) );
#1247 = FACE_BOUND('',#1248,.F.);
#1248 = EDGE_LOOP('',(#1249));
#1249 = ORIENTED_EDGE('',*,*,#1125,.T.);
#1250 = ADVANCED_FACE('',(#1251),#1200,.F.);
#1251 = FACE_BOUND('',#1252,.T.);
#1252 = EDGE_LOOP('',(#1253,#1254,#1277,#1304));
#1253 = ORIENTED_EDGE('',*,*,#1183,.T.);
#1254 = ORIENTED_EDGE('',*,*,#1255,.T.);
#1255 = EDGE_CURVE('',#1184,#1256,#1258,.T.);
#1256 = VERTEX_POINT('',#1257);
#1257 = CARTESIAN_POINT('',(4.,0.,21.35));
#1258 = SEAM_CURVE('',#1259,(#1263,#1270),.PCURVE_S1.);
#1259 = LINE('',#1260,#1261);
#1260 = CARTESIAN_POINT('',(4.,0.,23.5));
#1261 = VECTOR('',#1262,1.);
#1262 = DIRECTION('',(0.,0.,-1.));
#1263 = PCURVE('',#1200,#1264);
#1264 = DEFINITIONAL_REPRESENTATION('',(#1265),#1269);
#1265 = LINE('',#1266,#1267);
#1266 = CARTESIAN_POINT('',(-0.,0.));
#1267 = VECTOR('',#1268,1.);
#1268 = DIRECTION('',(-0.,1.));
#1269 = ( GEOMETRIC_REPRESENTATION_CONTEXT(2) 
PARAMETRIC_REPRESENTATION_CONTEXT() REPRESENTATION_CONTEXT('2D SPACE',''
  ) );
#1270 = PCURVE('',#1200,#1271);
#1271 = DEFINITIONAL_REPRESENTATION('',(#1272),#1276);
#1272 = LINE('',#1273,#1274);
#1273 = CARTESIAN_POINT('',(-6.28318530718,0.));
#1274 = VECTOR('',#1275,1.);
#1275 = DIRECTION('',(-0.,1.));
#1276 = ( GEOMETRIC_REPRESENTATION_CONTEXT(2) 
PARAMETRIC_REPRESENTATION_CONTEXT() REPRESENTATION_CONTEXT('2D SPACE',''
  ) );
#1277 = ORIENTED_EDGE('',*,*,#1278,.F.);
#1278 = EDGE_CURVE('',#1256,#1256,#1279,.T.);
#1279 = SURFACE_CURVE('',#1280,(#1285,#1292),.PCURVE_S1.);
#1280 = CIRCLE('',#1281,4.);
#1281 = AXIS2_PLACEMENT_3D('',#1282,#1283,#1284);
#1282 = CARTESIAN_POINT('',(0.,0.,21.35));
#1283 = DIRECTION('',(0.,0.,1.));
#1284 = DIRECTION('',(1.,0.,0.));
#1285 = PCURVE('',#1200,#1286);
#1286 = DEFINITIONAL_REPRESENTATION('',(#1287),#1291);
#1287 = LINE('',#1288,#1289);
#1288 = CARTESIAN_POINT('',(-0.,2.15));
#1289 = VECTOR('',#1290,1.);
#1290 = DIRECTION('',(-1.,0.));
#1291 = ( GEOMETRIC_REPRESENTATION_CONTEXT(2) 
PARAMETRIC_REPRESENTATION_CONTEXT() REPRESENTATION_CONTEXT('2D SPACE',''
  ) );
#1292 = PCURVE('',#1293,#1298);
#1293 = PLANE('',#1294);
#1294 = AXIS2_PLACEMENT_3D('',#1295,#1296,#1297);
#1295 = CARTESIAN_POINT('',(0.,0.,21.35));
#1296 = DIRECTION('',(0.,0.,1.));
#1297 = DIRECTION('',(1.,0.,0.));
#1298 = DEFINITIONAL_REPRESENTATION('',(#1299),#1303);
#1299 = CIRCLE('',#1300,4.);
#1300 = AXIS2_PLACEMENT_2D('',#1301,#1302);
#1301 = CARTESIAN_POINT('',(0.,0.));
#1302 = DIRECTION('',(1.,-0.));
#1303 = ( GEOMETRIC_REPRESENTATION_CONTEXT(2) 
PARAMETRIC_REPRESENTATION_CONTEXT() REPRESENTATION_CONTEXT('2D SPACE',''
  ) );
#1304 = ORIENTED_EDGE('',*,*,#1255,.F.);
#1305 = ADVANCED_FACE('',(#1306),#1236,.F.);
#1306 = FACE_BOUND('',#1307,.T.);
#1307 = EDGE_LOOP('',(#1308,#1330,#1331,#1332));
#1308 = ORIENTED_EDGE('',*,*,#1309,.F.);
#1309 = EDGE_CURVE('',#1216,#1310,#1312,.T.);
#1310 = VERTEX_POINT('',#1311);
#1311 = CARTESIAN_POINT('',(10.,-2.449293598295E-15,19.4));
#1312 = SEAM_CURVE('',#1313,(#1318,#1324),.PCURVE_S1.);
#1313 = CIRCLE('',#1314,0.6);
#1314 = AXIS2_PLACEMENT_3D('',#1315,#1316,#1317);
#1315 = CARTESIAN_POINT('',(10.6,-2.596251214192E-15,19.4));
#1316 = DIRECTION('',(-2.449293598295E-16,-1.,0.));
#1317 = DIRECTION('',(1.,-2.449293598295E-16,0.));
#1318 = PCURVE('',#1236,#1319);
#1319 = DEFINITIONAL_REPRESENTATION('',(#1320),#1323);
#1320 = B_SPLINE_CURVE_WITH_KNOTS('',1,(#1321,#1322),.UNSPECIFIED.,.F.,
  .F.,(2,2),(1.570796326795,3.14159265359),.PIECEWISE_BEZIER_KNOTS.);
#1321 = CARTESIAN_POINT('',(0.,1.570796326795));
#1322 = CARTESIAN_POINT('',(0.,3.14159265359));
#1323 = ( GEOMETRIC_REPRESENTATION_CONTEXT(2) 
PARAMETRIC_REPRESENTATION_CONTEXT() REPRESENTATION_CONTEXT('2D SPACE',''
  ) );
#1324 = PCURVE('',#1236,#1325);
#1325 = DEFINITIONAL_REPRESENTATION('',(#1326),#1329);
#1326 = B_SPLINE_CURVE_WITH_KNOTS('',1,(#1327,#1328),.UNSPECIFIED.,.F.,
  .F.,(2,2),(1.570796326795,3.14159265359),.PIECEWISE_BEZIER_KNOTS.);
#1327 = CARTESIAN_POINT('',(-6.28318530718,1.570796326795));
#1328 = CARTESIAN_POINT('',(-6.28318530718,3.14159265359));
#1329 = ( GEOMETRIC_REPRESENTATION_CONTEXT(2) 
PARAMETRIC_REPRESENTATION_CONTEXT() REPRESENTATION_CONTEXT('2D SPACE',''
  ) );
#1330 = ORIENTED_EDGE('',*,*,#1215,.F.);
#1331 = ORIENTED_EDGE('',*,*,#1309,.T.);
#1332 = ORIENTED_EDGE('',*,*,#1333,.T.);
#1333 = EDGE_CURVE('',#1310,#1310,#1334,.T.);
#1334 = SURFACE_CURVE('',#1335,(#1340,#1347),.PCURVE_S1.);
#1335 = CIRCLE('',#1336,10.);
#1336 = AXIS2_PLACEMENT_3D('',#1337,#1338,#1339);
#1337 = CARTESIAN_POINT('',(0.,0.,19.4));
#1338 = DIRECTION('',(0.,-0.,-1.));
#1339 = DIRECTION('',(1.,-2.449293598295E-16,0.));
#1340 = PCURVE('',#1236,#1341);
#1341 = DEFINITIONAL_REPRESENTATION('',(#1342),#1346);
#1342 = LINE('',#1343,#1344);
#1343 = CARTESIAN_POINT('',(-0.,3.14159265359));
#1344 = VECTOR('',#1345,1.);
#1345 = DIRECTION('',(-1.,0.));
#1346 = ( GEOMETRIC_REPRESENTATION_CONTEXT(2) 
PARAMETRIC_REPRESENTATION_CONTEXT() REPRESENTATION_CONTEXT('2D SPACE',''
  ) );
#1347 = PCURVE('',#1348,#1353);
#1348 = CYLINDRICAL_SURFACE('',#1349,10.);
#1349 = AXIS2_PLACEMENT_3D('',#1350,#1351,#1352);
#1350 = CARTESIAN_POINT('',(0.,0.,21.));
#1351 = DIRECTION('',(-0.,-0.,-1.));
#1352 = DIRECTION('',(1.,0.,0.));
#1353 = DEFINITIONAL_REPRESENTATION('',(#1354),#1358);
#1354 = LINE('',#1355,#1356);
#1355 = CARTESIAN_POINT('',(-6.28318530718,1.6));
#1356 = VECTOR('',#1357,1.);
#1357 = DIRECTION('',(1.,-0.));
#1358 = ( GEOMETRIC_REPRESENTATION_CONTEXT(2) 
PARAMETRIC_REPRESENTATION_CONTEXT() REPRESENTATION_CONTEXT('2D SPACE',''
  ) );
#1359 = ADVANCED_FACE('',(#1360,#1363),#1293,.F.);
#1360 = FACE_BOUND('',#1361,.T.);
#1361 = EDGE_LOOP('',(#1362));
#1362 = ORIENTED_EDGE('',*,*,#1278,.T.);
#1363 = FACE_BOUND('',#1364,.T.);
#1364 = EDGE_LOOP('',(#1365));
#1365 = ORIENTED_EDGE('',*,*,#1366,.F.);
#1366 = EDGE_CURVE('',#1367,#1367,#1369,.T.);
#1367 = VERTEX_POINT('',#1368);
#1368 = CARTESIAN_POINT('',(5.1,0.,21.35));
#1369 = SURFACE_CURVE('',#1370,(#1375,#1382),.PCURVE_S1.);
#1370 = CIRCLE('',#1371,5.1);
#1371 = AXIS2_PLACEMENT_3D('',#1372,#1373,#1374);
#1372 = CARTESIAN_POINT('',(0.,0.,21.35));
#1373 = DIRECTION('',(0.,0.,1.));
#1374 = DIRECTION('',(1.,0.,0.));
#1375 = PCURVE('',#1293,#1376);
#1376 = DEFINITIONAL_REPRESENTATION('',(#1377),#1381);
#1377 = CIRCLE('',#1378,5.1);
#1378 = AXIS2_PLACEMENT_2D('',#1379,#1380);
#1379 = CARTESIAN_POINT('',(0.,0.));
#1380 = DIRECTION('',(1.,-0.));
#1381 = ( GEOMETRIC_REPRESENTATION_CONTEXT(2) 
PARAMETRIC_REPRESENTATION_CONTEXT() REPRESENTATION_CONTEXT('2D SPACE',''
  ) );
#1382 = PCURVE('',#1383,#1388);
#1383 = CYLINDRICAL_SURFACE('',#1384,5.1);
#1384 = AXIS2_PLACEMENT_3D('',#1385,#1386,#1387);
#1385 = CARTESIAN_POINT('',(0.,0.,21.35));
#1386 = DIRECTION('',(-0.,-0.,-1.));
#1387 = DIRECTION('',(1.,0.,0.));
#1388 = DEFINITIONAL_REPRESENTATION('',(#1389),#1393);
#1389 = LINE('',#1390,#1391);
#1390 = CARTESIAN_POINT('',(-0.,0.));
#1391 = VECTOR('',#1392,1.);
#1392 = DIRECTION('',(-1.,0.));
#1393 = ( GEOMETRIC_REPRESENTATION_CONTEXT(2) 
PARAMETRIC_REPRESENTATION_CONTEXT() REPRESENTATION_CONTEXT('2D SPACE',''
  ) );
#1394 = ADVANCED_FACE('',(#1395),#1348,.T.);
#1395 = FACE_BOUND('',#1396,.F.);
#1396 = EDGE_LOOP('',(#1397,#1420,#1421,#1422));
#1397 = ORIENTED_EDGE('',*,*,#1398,.F.);
#1398 = EDGE_CURVE('',#1310,#1399,#1401,.T.);
#1399 = VERTEX_POINT('',#1400);
#1400 = CARTESIAN_POINT('',(10.,0.,1.6));
#1401 = SEAM_CURVE('',#1402,(#1406,#1413),.PCURVE_S1.);
#1402 = LINE('',#1403,#1404);
#1403 = CARTESIAN_POINT('',(10.,0.,21.));
#1404 = VECTOR('',#1405,1.);
#1405 = DIRECTION('',(0.,0.,-1.));
#1406 = PCURVE('',#1348,#1407);
#1407 = DEFINITIONAL_REPRESENTATION('',(#1408),#1412);
#1408 = LINE('',#1409,#1410);
#1409 = CARTESIAN_POINT('',(-0.,0.));
#1410 = VECTOR('',#1411,1.);
#1411 = DIRECTION('',(-0.,1.));
#1412 = ( GEOMETRIC_REPRESENTATION_CONTEXT(2) 
PARAMETRIC_REPRESENTATION_CONTEXT() REPRESENTATION_CONTEXT('2D SPACE',''
  ) );
#1413 = PCURVE('',#1348,#1414);
#1414 = DEFINITIONAL_REPRESENTATION('',(#1415),#1419);
#1415 = LINE('',#1416,#1417);
#1416 = CARTESIAN_POINT('',(-6.28318530718,0.));
#1417 = VECTOR('',#1418,1.);
#1418 = DIRECTION('',(-0.,1.));
#1419 = ( GEOMETRIC_REPRESENTATION_CONTEXT(2) 
PARAMETRIC_REPRESENTATION_CONTEXT() REPRESENTATION_CONTEXT('2D SPACE',''
  ) );
#1420 = ORIENTED_EDGE('',*,*,#1333,.F.);
#1421 = ORIENTED_EDGE('',*,*,#1398,.T.);
#1422 = ORIENTED_EDGE('',*,*,#1423,.F.);
#1423 = EDGE_CURVE('',#1399,#1399,#1424,.T.);
#1424 = SURFACE_CURVE('',#1425,(#1430,#1437),.PCURVE_S1.);
#1425 = CIRCLE('',#1426,10.);
#1426 = AXIS2_PLACEMENT_3D('',#1427,#1428,#1429);
#1427 = CARTESIAN_POINT('',(0.,0.,1.6));
#1428 = DIRECTION('',(0.,0.,1.));
#1429 = DIRECTION('',(1.,0.,0.));
#1430 = PCURVE('',#1348,#1431);
#1431 = DEFINITIONAL_REPRESENTATION('',(#1432),#1436);
#1432 = LINE('',#1433,#1434);
#1433 = CARTESIAN_POINT('',(-0.,19.4));
#1434 = VECTOR('',#1435,1.);
#1435 = DIRECTION('',(-1.,0.));
#1436 = ( GEOMETRIC_REPRESENTATION_CONTEXT(2) 
PARAMETRIC_REPRESENTATION_CONTEXT() REPRESENTATION_CONTEXT('2D SPACE',''
  ) );
#1437 = PCURVE('',#1438,#1443);
#1438 = PLANE('',#1439);
#1439 = AXIS2_PLACEMENT_3D('',#1440,#1441,#1442);
#1440 = CARTESIAN_POINT('',(0.,0.,1.6));
#1441 = DIRECTION('',(0.,0.,1.));
#1442 = DIRECTION('',(1.,0.,0.));
#1443 = DEFINITIONAL_REPRESENTATION('',(#1444),#1448);
#1444 = CIRCLE('',#1445,10.);
#1445 = AXIS2_PLACEMENT_2D('',#1446,#1447);
#1446 = CARTESIAN_POINT('',(0.,0.));
#1447 = DIRECTION('',(1.,0.));
#1448 = ( GEOMETRIC_REPRESENTATION_CONTEXT(2) 
PARAMETRIC_REPRESENTATION_CONTEXT() REPRESENTATION_CONTEXT('2D SPACE',''
  ) );
#1449 = ADVANCED_FACE('',(#1450),#1383,.F.);
#1450 = FACE_BOUND('',#1451,.T.);
#1451 = EDGE_LOOP('',(#1452,#1453,#1476,#1503));
#1452 = ORIENTED_EDGE('',*,*,#1366,.T.);
#1453 = ORIENTED_EDGE('',*,*,#1454,.T.);
#1454 = EDGE_CURVE('',#1367,#1455,#1457,.T.);
#1455 = VERTEX_POINT('',#1456);
#1456 = CARTESIAN_POINT('',(5.1,0.,19.15));
#1457 = SEAM_CURVE('',#1458,(#1462,#1469),.PCURVE_S1.);
#1458 = LINE('',#1459,#1460);
#1459 = CARTESIAN_POINT('',(5.1,0.,21.35));
#1460 = VECTOR('',#1461,1.);
#1461 = DIRECTION('',(0.,0.,-1.));
#1462 = PCURVE('',#1383,#1463);
#1463 = DEFINITIONAL_REPRESENTATION('',(#1464),#1468);
#1464 = LINE('',#1465,#1466);
#1465 = CARTESIAN_POINT('',(-0.,0.));
#1466 = VECTOR('',#1467,1.);
#1467 = DIRECTION('',(-0.,1.));
#1468 = ( GEOMETRIC_REPRESENTATION_CONTEXT(2) 
PARAMETRIC_REPRESENTATION_CONTEXT() REPRESENTATION_CONTEXT('2D SPACE',''
  ) );
#1469 = PCURVE('',#1383,#1470);
#1470 = DEFINITIONAL_REPRESENTATION('',(#1471),#1475);
#1471 = LINE('',#1472,#1473);
#1472 = CARTESIAN_POINT('',(-6.28318530718,0.));
#1473 = VECTOR('',#1474,1.);
#1474 = DIRECTION('',(-0.,1.));
#1475 = ( GEOMETRIC_REPRESENTATION_CONTEXT(2) 
PARAMETRIC_REPRESENTATION_CONTEXT() REPRESENTATION_CONTEXT('2D SPACE',''
  ) );
#1476 = ORIENTED_EDGE('',*,*,#1477,.F.);
#1477 = EDGE_CURVE('',#1455,#1455,#1478,.T.);
#1478 = SURFACE_CURVE('',#1479,(#1484,#1491),.PCURVE_S1.);
#1479 = CIRCLE('',#1480,5.1);
#1480 = AXIS2_PLACEMENT_3D('',#1481,#1482,#1483);
#1481 = CARTESIAN_POINT('',(0.,0.,19.15));
#1482 = DIRECTION('',(0.,0.,1.));
#1483 = DIRECTION('',(1.,0.,0.));
#1484 = PCURVE('',#1383,#1485);
#1485 = DEFINITIONAL_REPRESENTATION('',(#1486),#1490);
#1486 = LINE('',#1487,#1488);
#1487 = CARTESIAN_POINT('',(-0.,2.2));
#1488 = VECTOR('',#1489,1.);
#1489 = DIRECTION('',(-1.,0.));
#1490 = ( GEOMETRIC_REPRESENTATION_CONTEXT(2) 
PARAMETRIC_REPRESENTATION_CONTEXT() REPRESENTATION_CONTEXT('2D SPACE',''
  ) );
#1491 = PCURVE('',#1492,#1497);
#1492 = PLANE('',#1493);
#1493 = AXIS2_PLACEMENT_3D('',#1494,#1495,#1496);
#1494 = CARTESIAN_POINT('',(0.,0.,19.15));
#1495 = DIRECTION('',(0.,0.,1.));
#1496 = DIRECTION('',(1.,0.,0.));
#1497 = DEFINITIONAL_REPRESENTATION('',(#1498),#1502);
#1498 = CIRCLE('',#1499,5.1);
#1499 = AXIS2_PLACEMENT_2D('',#1500,#1501);
#1500 = CARTESIAN_POINT('',(0.,0.));
#1501 = DIRECTION('',(1.,0.));
#1502 = ( GEOMETRIC_REPRESENTATION_CONTEXT(2) 
PARAMETRIC_REPRESENTATION_CONTEXT() REPRESENTATION_CONTEXT('2D SPACE',''
  ) );
#1503 = ORIENTED_EDGE('',*,*,#1454,.F.);
#1504 = ADVANCED_FACE('',(#1505,#1508),#1438,.F.);
#1505 = FACE_BOUND('',#1506,.F.);
#1506 = EDGE_LOOP('',(#1507));
#1507 = ORIENTED_EDGE('',*,*,#1423,.T.);
#1508 = FACE_BOUND('',#1509,.F.);
#1509 = EDGE_LOOP('',(#1510));
#1510 = ORIENTED_EDGE('',*,*,#1511,.F.);
#1511 = EDGE_CURVE('',#1512,#1512,#1514,.T.);
#1512 = VERTEX_POINT('',#1513);
#1513 = CARTESIAN_POINT('',(7.05,0.,1.6));
#1514 = SURFACE_CURVE('',#1515,(#1520,#1527),.PCURVE_S1.);
#1515 = CIRCLE('',#1516,7.05);
#1516 = AXIS2_PLACEMENT_3D('',#1517,#1518,#1519);
#1517 = CARTESIAN_POINT('',(0.,0.,1.6));
#1518 = DIRECTION('',(0.,0.,1.));
#1519 = DIRECTION('',(1.,0.,0.));
#1520 = PCURVE('',#1438,#1521);
#1521 = DEFINITIONAL_REPRESENTATION('',(#1522),#1526);
#1522 = CIRCLE('',#1523,7.05);
#1523 = AXIS2_PLACEMENT_2D('',#1524,#1525);
#1524 = CARTESIAN_POINT('',(0.,0.));
#1525 = DIRECTION('',(1.,0.));
#1526 = ( GEOMETRIC_REPRESENTATION_CONTEXT(2) 
PARAMETRIC_REPRESENTATION_CONTEXT() REPRESENTATION_CONTEXT('2D SPACE',''
  ) );
#1527 = PCURVE('',#1528,#1533);
#1528 = TOROIDAL_SURFACE('',#1529,7.05,0.3);
#1529 = AXIS2_PLACEMENT_3D('',#1530,#1531,#1532);
#1530 = CARTESIAN_POINT('',(0.,0.,1.3));
#1531 = DIRECTION('',(0.,0.,1.));
#1532 = DIRECTION('',(1.,0.,0.));
#1533 = DEFINITIONAL_REPRESENTATION('',(#1534),#1538);
#1534 = LINE('',#1535,#1536);
#1535 = CARTESIAN_POINT('',(0.,1.570796326795));
#1536 = VECTOR('',#1537,1.);
#1537 = DIRECTION('',(1.,0.));
#1538 = ( GEOMETRIC_REPRESENTATION_CONTEXT(2) 
PARAMETRIC_REPRESENTATION_CONTEXT() REPRESENTATION_CONTEXT('2D SPACE',''
  ) );
#1539 = ADVANCED_FACE('',(#1540,#1543),#1492,.T.);
#1540 = FACE_BOUND('',#1541,.T.);
#1541 = EDGE_LOOP('',(#1542));
#1542 = ORIENTED_EDGE('',*,*,#1477,.T.);
#1543 = FACE_BOUND('',#1544,.T.);
#1544 = EDGE_LOOP('',(#1545));
#1545 = ORIENTED_EDGE('',*,*,#1546,.F.);
#1546 = EDGE_CURVE('',#1547,#1547,#1549,.T.);
#1547 = VERTEX_POINT('',#1548);
#1548 = CARTESIAN_POINT('',(4.,0.,19.15));
#1549 = SURFACE_CURVE('',#1550,(#1555,#1562),.PCURVE_S1.);
#1550 = CIRCLE('',#1551,4.);
#1551 = AXIS2_PLACEMENT_3D('',#1552,#1553,#1554);
#1552 = CARTESIAN_POINT('',(0.,0.,19.15));
#1553 = DIRECTION('',(0.,0.,1.));
#1554 = DIRECTION('',(1.,0.,0.));
#1555 = PCURVE('',#1492,#1556);
#1556 = DEFINITIONAL_REPRESENTATION('',(#1557),#1561);
#1557 = CIRCLE('',#1558,4.);
#1558 = AXIS2_PLACEMENT_2D('',#1559,#1560);
#1559 = CARTESIAN_POINT('',(0.,0.));
#1560 = DIRECTION('',(1.,0.));
#1561 = ( GEOMETRIC_REPRESENTATION_CONTEXT(2) 
PARAMETRIC_REPRESENTATION_CONTEXT() REPRESENTATION_CONTEXT('2D SPACE',''
  ) );
#1562 = PCURVE('',#1563,#1568);
#1563 = CYLINDRICAL_SURFACE('',#1564,4.);
#1564 = AXIS2_PLACEMENT_3D('',#1565,#1566,#1567);
#1565 = CARTESIAN_POINT('',(0.,0.,19.15));
#1566 = DIRECTION('',(-0.,-0.,-1.));
#1567 = DIRECTION('',(1.,0.,0.));
#1568 = DEFINITIONAL_REPRESENTATION('',(#1569),#1573);
#1569 = LINE('',#1570,#1571);
#1570 = CARTESIAN_POINT('',(-0.,0.));
#1571 = VECTOR('',#1572,1.);
#1572 = DIRECTION('',(-1.,0.));
#1573 = ( GEOMETRIC_REPRESENTATION_CONTEXT(2) 
PARAMETRIC_REPRESENTATION_CONTEXT() REPRESENTATION_CONTEXT('2D SPACE',''
  ) );
#1574 = ADVANCED_FACE('',(#1575),#1528,.F.);
#1575 = FACE_BOUND('',#1576,.F.);
#1576 = EDGE_LOOP('',(#1577,#1578,#1602,#1629));
#1577 = ORIENTED_EDGE('',*,*,#1511,.T.);
#1578 = ORIENTED_EDGE('',*,*,#1579,.T.);
#1579 = EDGE_CURVE('',#1512,#1580,#1582,.T.);
#1580 = VERTEX_POINT('',#1581);
#1581 = CARTESIAN_POINT('',(6.75,0.,1.3));
#1582 = SEAM_CURVE('',#1583,(#1588,#1595),.PCURVE_S1.);
#1583 = CIRCLE('',#1584,0.3);
#1584 = AXIS2_PLACEMENT_3D('',#1585,#1586,#1587);
#1585 = CARTESIAN_POINT('',(7.05,0.,1.3));
#1586 = DIRECTION('',(0.,-1.,0.));
#1587 = DIRECTION('',(-2.960594732334E-15,0.,1.));
#1588 = PCURVE('',#1528,#1589);
#1589 = DEFINITIONAL_REPRESENTATION('',(#1590),#1594);
#1590 = LINE('',#1591,#1592);
#1591 = CARTESIAN_POINT('',(0.,1.570796326795));
#1592 = VECTOR('',#1593,1.);
#1593 = DIRECTION('',(0.,1.));
#1594 = ( GEOMETRIC_REPRESENTATION_CONTEXT(2) 
PARAMETRIC_REPRESENTATION_CONTEXT() REPRESENTATION_CONTEXT('2D SPACE',''
  ) );
#1595 = PCURVE('',#1528,#1596);
#1596 = DEFINITIONAL_REPRESENTATION('',(#1597),#1601);
#1597 = LINE('',#1598,#1599);
#1598 = CARTESIAN_POINT('',(6.28318530718,1.570796326795));
#1599 = VECTOR('',#1600,1.);
#1600 = DIRECTION('',(0.,1.));
#1601 = ( GEOMETRIC_REPRESENTATION_CONTEXT(2) 
PARAMETRIC_REPRESENTATION_CONTEXT() REPRESENTATION_CONTEXT('2D SPACE',''
  ) );
#1602 = ORIENTED_EDGE('',*,*,#1603,.F.);
#1603 = EDGE_CURVE('',#1580,#1580,#1604,.T.);
#1604 = SURFACE_CURVE('',#1605,(#1610,#1617),.PCURVE_S1.);
#1605 = CIRCLE('',#1606,6.75);
#1606 = AXIS2_PLACEMENT_3D('',#1607,#1608,#1609);
#1607 = CARTESIAN_POINT('',(0.,0.,1.3));
#1608 = DIRECTION('',(0.,0.,1.));
#1609 = DIRECTION('',(1.,0.,0.));
#1610 = PCURVE('',#1528,#1611);
#1611 = DEFINITIONAL_REPRESENTATION('',(#1612),#1616);
#1612 = LINE('',#1613,#1614);
#1613 = CARTESIAN_POINT('',(0.,3.14159265359));
#1614 = VECTOR('',#1615,1.);
#1615 = DIRECTION('',(1.,0.));
#1616 = ( GEOMETRIC_REPRESENTATION_CONTEXT(2) 
PARAMETRIC_REPRESENTATION_CONTEXT() REPRESENTATION_CONTEXT('2D SPACE',''
  ) );
#1617 = PCURVE('',#1618,#1623);
#1618 = CYLINDRICAL_SURFACE('',#1619,6.75);
#1619 = AXIS2_PLACEMENT_3D('',#1620,#1621,#1622);
#1620 = CARTESIAN_POINT('',(0.,0.,1.3));
#1621 = DIRECTION('',(-0.,-0.,-1.));
#1622 = DIRECTION('',(1.,0.,0.));
#1623 = DEFINITIONAL_REPRESENTATION('',(#1624),#1628);
#1624 = LINE('',#1625,#1626);
#1625 = CARTESIAN_POINT('',(-0.,0.));
#1626 = VECTOR('',#1627,1.);
#1627 = DIRECTION('',(-1.,0.));
#1628 = ( GEOMETRIC_REPRESENTATION_CONTEXT(2) 
PARAMETRIC_REPRESENTATION_CONTEXT() REPRESENTATION_CONTEXT('2D SPACE',''
  ) );
#1629 = ORIENTED_EDGE('',*,*,#1579,.F.);
#1630 = ADVANCED_FACE('',(#1631),#1563,.F.);
#1631 = FACE_BOUND('',#1632,.T.);
#1632 = EDGE_LOOP('',(#1633,#1634,#1657,#1684));
#1633 = ORIENTED_EDGE('',*,*,#1546,.T.);
#1634 = ORIENTED_EDGE('',*,*,#1635,.T.);
#1635 = EDGE_CURVE('',#1547,#1636,#1638,.T.);
#1636 = VERTEX_POINT('',#1637);
#1637 = CARTESIAN_POINT('',(4.,0.,17.));
#1638 = SEAM_CURVE('',#1639,(#1643,#1650),.PCURVE_S1.);
#1639 = LINE('',#1640,#1641);
#1640 = CARTESIAN_POINT('',(4.,0.,19.15));
#1641 = VECTOR('',#1642,1.);
#1642 = DIRECTION('',(0.,0.,-1.));
#1643 = PCURVE('',#1563,#1644);
#1644 = DEFINITIONAL_REPRESENTATION('',(#1645),#1649);
#1645 = LINE('',#1646,#1647);
#1646 = CARTESIAN_POINT('',(-0.,0.));
#1647 = VECTOR('',#1648,1.);
#1648 = DIRECTION('',(-0.,1.));
#1649 = ( GEOMETRIC_REPRESENTATION_CONTEXT(2) 
PARAMETRIC_REPRESENTATION_CONTEXT() REPRESENTATION_CONTEXT('2D SPACE',''
  ) );
#1650 = PCURVE('',#1563,#1651);
#1651 = DEFINITIONAL_REPRESENTATION('',(#1652),#1656);
#1652 = LINE('',#1653,#1654);
#1653 = CARTESIAN_POINT('',(-6.28318530718,0.));
#1654 = VECTOR('',#1655,1.);
#1655 = DIRECTION('',(-0.,1.));
#1656 = ( GEOMETRIC_REPRESENTATION_CONTEXT(2) 
PARAMETRIC_REPRESENTATION_CONTEXT() REPRESENTATION_CONTEXT('2D SPACE',''
  ) );
#1657 = ORIENTED_EDGE('',*,*,#1658,.F.);
#1658 = EDGE_CURVE('',#1636,#1636,#1659,.T.);
#1659 = SURFACE_CURVE('',#1660,(#1665,#1672),.PCURVE_S1.);
#1660 = CIRCLE('',#1661,4.);
#1661 = AXIS2_PLACEMENT_3D('',#1662,#1663,#1664);
#1662 = CARTESIAN_POINT('',(0.,0.,17.));
#1663 = DIRECTION('',(0.,0.,1.));
#1664 = DIRECTION('',(1.,0.,0.));
#1665 = PCURVE('',#1563,#1666);
#1666 = DEFINITIONAL_REPRESENTATION('',(#1667),#1671);
#1667 = LINE('',#1668,#1669);
#1668 = CARTESIAN_POINT('',(-0.,2.15));
#1669 = VECTOR('',#1670,1.);
#1670 = DIRECTION('',(-1.,0.));
#1671 = ( GEOMETRIC_REPRESENTATION_CONTEXT(2) 
PARAMETRIC_REPRESENTATION_CONTEXT() REPRESENTATION_CONTEXT('2D SPACE',''
  ) );
#1672 = PCURVE('',#1673,#1678);
#1673 = PLANE('',#1674);
#1674 = AXIS2_PLACEMENT_3D('',#1675,#1676,#1677);
#1675 = CARTESIAN_POINT('',(0.,0.,17.));
#1676 = DIRECTION('',(0.,0.,1.));
#1677 = DIRECTION('',(1.,0.,0.));
#1678 = DEFINITIONAL_REPRESENTATION('',(#1679),#1683);
#1679 = CIRCLE('',#1680,4.);
#1680 = AXIS2_PLACEMENT_2D('',#1681,#1682);
#1681 = CARTESIAN_POINT('',(0.,0.));
#1682 = DIRECTION('',(1.,0.));
#1683 = ( GEOMETRIC_REPRESENTATION_CONTEXT(2) 
PARAMETRIC_REPRESENTATION_CONTEXT() REPRESENTATION_CONTEXT('2D SPACE',''
  ) );
#1684 = ORIENTED_EDGE('',*,*,#1635,.F.);
#1685 = ADVANCED_FACE('',(#1686),#1618,.T.);
#1686 = FACE_BOUND('',#1687,.F.);
#1687 = EDGE_LOOP('',(#1688,#1689,#1712,#1739));
#1688 = ORIENTED_EDGE('',*,*,#1603,.T.);
#1689 = ORIENTED_EDGE('',*,*,#1690,.T.);
#1690 = EDGE_CURVE('',#1580,#1691,#1693,.T.);
#1691 = VERTEX_POINT('',#1692);
#1692 = CARTESIAN_POINT('',(6.75,0.,-1.3));
#1693 = SEAM_CURVE('',#1694,(#1698,#1705),.PCURVE_S1.);
#1694 = LINE('',#1695,#1696);
#1695 = CARTESIAN_POINT('',(6.75,0.,1.3));
#1696 = VECTOR('',#1697,1.);
#1697 = DIRECTION('',(0.,0.,-1.));
#1698 = PCURVE('',#1618,#1699);
#1699 = DEFINITIONAL_REPRESENTATION('',(#1700),#1704);
#1700 = LINE('',#1701,#1702);
#1701 = CARTESIAN_POINT('',(-0.,0.));
#1702 = VECTOR('',#1703,1.);
#1703 = DIRECTION('',(-0.,1.));
#1704 = ( GEOMETRIC_REPRESENTATION_CONTEXT(2) 
PARAMETRIC_REPRESENTATION_CONTEXT() REPRESENTATION_CONTEXT('2D SPACE',''
  ) );
#1705 = PCURVE('',#1618,#1706);
#1706 = DEFINITIONAL_REPRESENTATION('',(#1707),#1711);
#1707 = LINE('',#1708,#1709);
#1708 = CARTESIAN_POINT('',(-6.28318530718,0.));
#1709 = VECTOR('',#1710,1.);
#1710 = DIRECTION('',(-0.,1.));
#1711 = ( GEOMETRIC_REPRESENTATION_CONTEXT(2) 
PARAMETRIC_REPRESENTATION_CONTEXT() REPRESENTATION_CONTEXT('2D SPACE',''
  ) );
#1712 = ORIENTED_EDGE('',*,*,#1713,.F.);
#1713 = EDGE_CURVE('',#1691,#1691,#1714,.T.);
#1714 = SURFACE_CURVE('',#1715,(#1720,#1727),.PCURVE_S1.);
#1715 = CIRCLE('',#1716,6.75);
#1716 = AXIS2_PLACEMENT_3D('',#1717,#1718,#1719);
#1717 = CARTESIAN_POINT('',(0.,0.,-1.3));
#1718 = DIRECTION('',(0.,0.,1.));
#1719 = DIRECTION('',(1.,0.,0.));
#1720 = PCURVE('',#1618,#1721);
#1721 = DEFINITIONAL_REPRESENTATION('',(#1722),#1726);
#1722 = LINE('',#1723,#1724);
#1723 = CARTESIAN_POINT('',(-0.,2.6));
#1724 = VECTOR('',#1725,1.);
#1725 = DIRECTION('',(-1.,0.));
#1726 = ( GEOMETRIC_REPRESENTATION_CONTEXT(2) 
PARAMETRIC_REPRESENTATION_CONTEXT() REPRESENTATION_CONTEXT('2D SPACE',''
  ) );
#1727 = PCURVE('',#1728,#1733);
#1728 = TOROIDAL_SURFACE('',#1729,7.05,0.3);
#1729 = AXIS2_PLACEMENT_3D('',#1730,#1731,#1732);
#1730 = CARTESIAN_POINT('',(0.,0.,-1.3));
#1731 = DIRECTION('',(0.,0.,1.));
#1732 = DIRECTION('',(1.,0.,0.));
#1733 = DEFINITIONAL_REPRESENTATION('',(#1734),#1738);
#1734 = LINE('',#1735,#1736);
#1735 = CARTESIAN_POINT('',(0.,3.14159265359));
#1736 = VECTOR('',#1737,1.);
#1737 = DIRECTION('',(1.,0.));
#1738 = ( GEOMETRIC_REPRESENTATION_CONTEXT(2) 
PARAMETRIC_REPRESENTATION_CONTEXT() REPRESENTATION_CONTEXT('2D SPACE',''
  ) );
#1739 = ORIENTED_EDGE('',*,*,#1690,.F.);
#1740 = ADVANCED_FACE('',(#1741,#1744),#1673,.T.);
#1741 = FACE_BOUND('',#1742,.T.);
#1742 = EDGE_LOOP('',(#1743));
#1743 = ORIENTED_EDGE('',*,*,#1658,.T.);
#1744 = FACE_BOUND('',#1745,.T.);
#1745 = EDGE_LOOP('',(#1746));
#1746 = ORIENTED_EDGE('',*,*,#1747,.F.);
#1747 = EDGE_CURVE('',#1748,#1748,#1750,.T.);
#1748 = VERTEX_POINT('',#1749);
#1749 = CARTESIAN_POINT('',(2.,0.,17.));
#1750 = SURFACE_CURVE('',#1751,(#1756,#1763),.PCURVE_S1.);
#1751 = CIRCLE('',#1752,2.);
#1752 = AXIS2_PLACEMENT_3D('',#1753,#1754,#1755);
#1753 = CARTESIAN_POINT('',(0.,0.,17.));
#1754 = DIRECTION('',(0.,0.,1.));
#1755 = DIRECTION('',(1.,0.,0.));
#1756 = PCURVE('',#1673,#1757);
#1757 = DEFINITIONAL_REPRESENTATION('',(#1758),#1762);
#1758 = CIRCLE('',#1759,2.);
#1759 = AXIS2_PLACEMENT_2D('',#1760,#1761);
#1760 = CARTESIAN_POINT('',(0.,0.));
#1761 = DIRECTION('',(1.,0.));
#1762 = ( GEOMETRIC_REPRESENTATION_CONTEXT(2) 
PARAMETRIC_REPRESENTATION_CONTEXT() REPRESENTATION_CONTEXT('2D SPACE',''
  ) );
#1763 = PCURVE('',#1764,#1769);
#1764 = CYLINDRICAL_SURFACE('',#1765,2.);
#1765 = AXIS2_PLACEMENT_3D('',#1766,#1767,#1768);
#1766 = CARTESIAN_POINT('',(0.,0.,17.));
#1767 = DIRECTION('',(-0.,-0.,-1.));
#1768 = DIRECTION('',(1.,0.,0.));
#1769 = DEFINITIONAL_REPRESENTATION('',(#1770),#1774);
#1770 = LINE('',#1771,#1772);
#1771 = CARTESIAN_POINT('',(-0.,0.));
#1772 = VECTOR('',#1773,1.);
#1773 = DIRECTION('',(-1.,0.));
#1774 = ( GEOMETRIC_REPRESENTATION_CONTEXT(2) 
PARAMETRIC_REPRESENTATION_CONTEXT() REPRESENTATION_CONTEXT('2D SPACE',''
  ) );
#1775 = ADVANCED_FACE('',(#1776),#1728,.F.);
#1776 = FACE_BOUND('',#1777,.F.);
#1777 = EDGE_LOOP('',(#1778,#1779,#1803,#1830));
#1778 = ORIENTED_EDGE('',*,*,#1713,.T.);
#1779 = ORIENTED_EDGE('',*,*,#1780,.T.);
#1780 = EDGE_CURVE('',#1691,#1781,#1783,.T.);
#1781 = VERTEX_POINT('',#1782);
#1782 = CARTESIAN_POINT('',(7.05,0.,-1.6));
#1783 = SEAM_CURVE('',#1784,(#1789,#1796),.PCURVE_S1.);
#1784 = CIRCLE('',#1785,0.3);
#1785 = AXIS2_PLACEMENT_3D('',#1786,#1787,#1788);
#1786 = CARTESIAN_POINT('',(7.05,0.,-1.3));
#1787 = DIRECTION('',(0.,-1.,0.));
#1788 = DIRECTION('',(-1.,-0.,-7.401486830834E-16));
#1789 = PCURVE('',#1728,#1790);
#1790 = DEFINITIONAL_REPRESENTATION('',(#1791),#1795);
#1791 = LINE('',#1792,#1793);
#1792 = CARTESIAN_POINT('',(0.,3.14159265359));
#1793 = VECTOR('',#1794,1.);
#1794 = DIRECTION('',(0.,1.));
#1795 = ( GEOMETRIC_REPRESENTATION_CONTEXT(2) 
PARAMETRIC_REPRESENTATION_CONTEXT() REPRESENTATION_CONTEXT('2D SPACE',''
  ) );
#1796 = PCURVE('',#1728,#1797);
#1797 = DEFINITIONAL_REPRESENTATION('',(#1798),#1802);
#1798 = LINE('',#1799,#1800);
#1799 = CARTESIAN_POINT('',(6.28318530718,3.14159265359));
#1800 = VECTOR('',#1801,1.);
#1801 = DIRECTION('',(0.,1.));
#1802 = ( GEOMETRIC_REPRESENTATION_CONTEXT(2) 
PARAMETRIC_REPRESENTATION_CONTEXT() REPRESENTATION_CONTEXT('2D SPACE',''
  ) );
#1803 = ORIENTED_EDGE('',*,*,#1804,.F.);
#1804 = EDGE_CURVE('',#1781,#1781,#1805,.T.);
#1805 = SURFACE_CURVE('',#1806,(#1811,#1818),.PCURVE_S1.);
#1806 = CIRCLE('',#1807,7.05);
#1807 = AXIS2_PLACEMENT_3D('',#1808,#1809,#1810);
#1808 = CARTESIAN_POINT('',(0.,0.,-1.6));
#1809 = DIRECTION('',(0.,0.,1.));
#1810 = DIRECTION('',(1.,0.,0.));
#1811 = PCURVE('',#1728,#1812);
#1812 = DEFINITIONAL_REPRESENTATION('',(#1813),#1817);
#1813 = LINE('',#1814,#1815);
#1814 = CARTESIAN_POINT('',(0.,4.712388980385));
#1815 = VECTOR('',#1816,1.);
#1816 = DIRECTION('',(1.,0.));
#1817 = ( GEOMETRIC_REPRESENTATION_CONTEXT(2) 
PARAMETRIC_REPRESENTATION_CONTEXT() REPRESENTATION_CONTEXT('2D SPACE',''
  ) );
#1818 = PCURVE('',#1819,#1824);
#1819 = PLANE('',#1820);
#1820 = AXIS2_PLACEMENT_3D('',#1821,#1822,#1823);
#1821 = CARTESIAN_POINT('',(0.,0.,-1.6));
#1822 = DIRECTION('',(0.,0.,1.));
#1823 = DIRECTION('',(1.,0.,0.));
#1824 = DEFINITIONAL_REPRESENTATION('',(#1825),#1829);
#1825 = CIRCLE('',#1826,7.05);
#1826 = AXIS2_PLACEMENT_2D('',#1827,#1828);
#1827 = CARTESIAN_POINT('',(0.,0.));
#1828 = DIRECTION('',(1.,-0.));
#1829 = ( GEOMETRIC_REPRESENTATION_CONTEXT(2) 
PARAMETRIC_REPRESENTATION_CONTEXT() REPRESENTATION_CONTEXT('2D SPACE',''
  ) );
#1830 = ORIENTED_EDGE('',*,*,#1780,.F.);
#1831 = ADVANCED_FACE('',(#1832),#1764,.F.);
#1832 = FACE_BOUND('',#1833,.T.);
#1833 = EDGE_LOOP('',(#1834,#1835,#1858,#1885));
#1834 = ORIENTED_EDGE('',*,*,#1747,.T.);
#1835 = ORIENTED_EDGE('',*,*,#1836,.T.);
#1836 = EDGE_CURVE('',#1748,#1837,#1839,.T.);
#1837 = VERTEX_POINT('',#1838);
#1838 = CARTESIAN_POINT('',(2.,0.,14.));
#1839 = SEAM_CURVE('',#1840,(#1844,#1851),.PCURVE_S1.);
#1840 = LINE('',#1841,#1842);
#1841 = CARTESIAN_POINT('',(2.,0.,17.));
#1842 = VECTOR('',#1843,1.);
#1843 = DIRECTION('',(0.,0.,-1.));
#1844 = PCURVE('',#1764,#1845);
#1845 = DEFINITIONAL_REPRESENTATION('',(#1846),#1850);
#1846 = LINE('',#1847,#1848);
#1847 = CARTESIAN_POINT('',(-0.,0.));
#1848 = VECTOR('',#1849,1.);
#1849 = DIRECTION('',(-0.,1.));
#1850 = ( GEOMETRIC_REPRESENTATION_CONTEXT(2) 
PARAMETRIC_REPRESENTATION_CONTEXT() REPRESENTATION_CONTEXT('2D SPACE',''
  ) );
#1851 = PCURVE('',#1764,#1852);
#1852 = DEFINITIONAL_REPRESENTATION('',(#1853),#1857);
#1853 = LINE('',#1854,#1855);
#1854 = CARTESIAN_POINT('',(-6.28318530718,0.));
#1855 = VECTOR('',#1856,1.);
#1856 = DIRECTION('',(-0.,1.));
#1857 = ( GEOMETRIC_REPRESENTATION_CONTEXT(2) 
PARAMETRIC_REPRESENTATION_CONTEXT() REPRESENTATION_CONTEXT('2D SPACE',''
  ) );
#1858 = ORIENTED_EDGE('',*,*,#1859,.F.);
#1859 = EDGE_CURVE('',#1837,#1837,#1860,.T.);
#1860 = SURFACE_CURVE('',#1861,(#1866,#1873),.PCURVE_S1.);
#1861 = CIRCLE('',#1862,2.);
#1862 = AXIS2_PLACEMENT_3D('',#1863,#1864,#1865);
#1863 = CARTESIAN_POINT('',(0.,0.,14.));
#1864 = DIRECTION('',(0.,0.,1.));
#1865 = DIRECTION('',(1.,0.,0.));
#1866 = PCURVE('',#1764,#1867);
#1867 = DEFINITIONAL_REPRESENTATION('',(#1868),#1872);
#1868 = LINE('',#1869,#1870);
#1869 = CARTESIAN_POINT('',(-0.,3.));
#1870 = VECTOR('',#1871,1.);
#1871 = DIRECTION('',(-1.,0.));
#1872 = ( GEOMETRIC_REPRESENTATION_CONTEXT(2) 
PARAMETRIC_REPRESENTATION_CONTEXT() REPRESENTATION_CONTEXT('2D SPACE',''
  ) );
#1873 = PCURVE('',#1874,#1879);
#1874 = PLANE('',#1875);
#1875 = AXIS2_PLACEMENT_3D('',#1876,#1877,#1878);
#1876 = CARTESIAN_POINT('',(0.,0.,14.));
#1877 = DIRECTION('',(0.,0.,1.));
#1878 = DIRECTION('',(1.,0.,0.));
#1879 = DEFINITIONAL_REPRESENTATION('',(#1880),#1884);
#1880 = CIRCLE('',#1881,2.);
#1881 = AXIS2_PLACEMENT_2D('',#1882,#1883);
#1882 = CARTESIAN_POINT('',(0.,0.));
#1883 = DIRECTION('',(1.,-0.));
#1884 = ( GEOMETRIC_REPRESENTATION_CONTEXT(2) 
PARAMETRIC_REPRESENTATION_CONTEXT() REPRESENTATION_CONTEXT('2D SPACE',''
  ) );
#1885 = ORIENTED_EDGE('',*,*,#1836,.F.);
#1886 = ADVANCED_FACE('',(#1887,#1890),#1819,.T.);
#1887 = FACE_BOUND('',#1888,.F.);
#1888 = EDGE_LOOP('',(#1889));
#1889 = ORIENTED_EDGE('',*,*,#1804,.T.);
#1890 = FACE_BOUND('',#1891,.F.);
#1891 = EDGE_LOOP('',(#1892));
#1892 = ORIENTED_EDGE('',*,*,#1893,.F.);
#1893 = EDGE_CURVE('',#1894,#1894,#1896,.T.);
#1894 = VERTEX_POINT('',#1895);
#1895 = CARTESIAN_POINT('',(10.,0.,-1.6));
#1896 = SURFACE_CURVE('',#1897,(#1902,#1909),.PCURVE_S1.);
#1897 = CIRCLE('',#1898,10.);
#1898 = AXIS2_PLACEMENT_3D('',#1899,#1900,#1901);
#1899 = CARTESIAN_POINT('',(0.,0.,-1.6));
#1900 = DIRECTION('',(0.,0.,1.));
#1901 = DIRECTION('',(1.,0.,0.));
#1902 = PCURVE('',#1819,#1903);
#1903 = DEFINITIONAL_REPRESENTATION('',(#1904),#1908);
#1904 = CIRCLE('',#1905,10.);
#1905 = AXIS2_PLACEMENT_2D('',#1906,#1907);
#1906 = CARTESIAN_POINT('',(0.,0.));
#1907 = DIRECTION('',(1.,-0.));
#1908 = ( GEOMETRIC_REPRESENTATION_CONTEXT(2) 
PARAMETRIC_REPRESENTATION_CONTEXT() REPRESENTATION_CONTEXT('2D SPACE',''
  ) );
#1909 = PCURVE('',#1910,#1915);
#1910 = CYLINDRICAL_SURFACE('',#1911,10.);
#1911 = AXIS2_PLACEMENT_3D('',#1912,#1913,#1914);
#1912 = CARTESIAN_POINT('',(0.,0.,-1.6));
#1913 = DIRECTION('',(-0.,-0.,-1.));
#1914 = DIRECTION('',(1.,0.,0.));
#1915 = DEFINITIONAL_REPRESENTATION('',(#1916),#1920);
#1916 = LINE('',#1917,#1918);
#1917 = CARTESIAN_POINT('',(-0.,0.));
#1918 = VECTOR('',#1919,1.);
#1919 = DIRECTION('',(-1.,0.));
#1920 = ( GEOMETRIC_REPRESENTATION_CONTEXT(2) 
PARAMETRIC_REPRESENTATION_CONTEXT() REPRESENTATION_CONTEXT('2D SPACE',''
  ) );
#1921 = ADVANCED_FACE('',(#1922,#1925),#1874,.F.);
#1922 = FACE_BOUND('',#1923,.T.);
#1923 = EDGE_LOOP('',(#1924));
#1924 = ORIENTED_EDGE('',*,*,#1859,.T.);
#1925 = FACE_BOUND('',#1926,.T.);
#1926 = EDGE_LOOP('',(#1927));
#1927 = ORIENTED_EDGE('',*,*,#1928,.F.);
#1928 = EDGE_CURVE('',#1929,#1929,#1931,.T.);
#1929 = VERTEX_POINT('',#1930);
#1930 = CARTESIAN_POINT('',(5.25,0.,14.));
#1931 = SURFACE_CURVE('',#1932,(#1937,#1944),.PCURVE_S1.);
#1932 = CIRCLE('',#1933,5.25);
#1933 = AXIS2_PLACEMENT_3D('',#1934,#1935,#1936);
#1934 = CARTESIAN_POINT('',(0.,0.,14.));
#1935 = DIRECTION('',(0.,0.,1.));
#1936 = DIRECTION('',(1.,0.,0.));
#1937 = PCURVE('',#1874,#1938);
#1938 = DEFINITIONAL_REPRESENTATION('',(#1939),#1943);
#1939 = CIRCLE('',#1940,5.25);
#1940 = AXIS2_PLACEMENT_2D('',#1941,#1942);
#1941 = CARTESIAN_POINT('',(0.,0.));
#1942 = DIRECTION('',(1.,-0.));
#1943 = ( GEOMETRIC_REPRESENTATION_CONTEXT(2) 
PARAMETRIC_REPRESENTATION_CONTEXT() REPRESENTATION_CONTEXT('2D SPACE',''
  ) );
#1944 = PCURVE('',#1945,#1950);
#1945 = CYLINDRICAL_SURFACE('',#1946,5.25);
#1946 = AXIS2_PLACEMENT_3D('',#1947,#1948,#1949);
#1947 = CARTESIAN_POINT('',(0.,0.,14.));
#1948 = DIRECTION('',(-0.,-0.,-1.));
#1949 = DIRECTION('',(1.,0.,0.));
#1950 = DEFINITIONAL_REPRESENTATION('',(#1951),#1955);
#1951 = LINE('',#1952,#1953);
#1952 = CARTESIAN_POINT('',(-0.,0.));
#1953 = VECTOR('',#1954,1.);
#1954 = DIRECTION('',(-1.,0.));
#1955 = ( GEOMETRIC_REPRESENTATION_CONTEXT(2) 
PARAMETRIC_REPRESENTATION_CONTEXT() REPRESENTATION_CONTEXT('2D SPACE',''
  ) );
#1956 = ADVANCED_FACE('',(#1957),#1910,.T.);
#1957 = FACE_BOUND('',#1958,.F.);
#1958 = EDGE_LOOP('',(#1959,#1960,#1983,#2010));
#1959 = ORIENTED_EDGE('',*,*,#1893,.T.);
#1960 = ORIENTED_EDGE('',*,*,#1961,.T.);
#1961 = EDGE_CURVE('',#1894,#1962,#1964,.T.);
#1962 = VERTEX_POINT('',#1963);
#1963 = CARTESIAN_POINT('',(10.,0.,-6.5));
#1964 = SEAM_CURVE('',#1965,(#1969,#1976),.PCURVE_S1.);
#1965 = LINE('',#1966,#1967);
#1966 = CARTESIAN_POINT('',(10.,0.,-1.6));
#1967 = VECTOR('',#1968,1.);
#1968 = DIRECTION('',(0.,0.,-1.));
#1969 = PCURVE('',#1910,#1970);
#1970 = DEFINITIONAL_REPRESENTATION('',(#1971),#1975);
#1971 = LINE('',#1972,#1973);
#1972 = CARTESIAN_POINT('',(-0.,0.));
#1973 = VECTOR('',#1974,1.);
#1974 = DIRECTION('',(-0.,1.));
#1975 = ( GEOMETRIC_REPRESENTATION_CONTEXT(2) 
PARAMETRIC_REPRESENTATION_CONTEXT() REPRESENTATION_CONTEXT('2D SPACE',''
  ) );
#1976 = PCURVE('',#1910,#1977);
#1977 = DEFINITIONAL_REPRESENTATION('',(#1978),#1982);
#1978 = LINE('',#1979,#1980);
#1979 = CARTESIAN_POINT('',(-6.28318530718,0.));
#1980 = VECTOR('',#1981,1.);
#1981 = DIRECTION('',(-0.,1.));
#1982 = ( GEOMETRIC_REPRESENTATION_CONTEXT(2) 
PARAMETRIC_REPRESENTATION_CONTEXT() REPRESENTATION_CONTEXT('2D SPACE',''
  ) );
#1983 = ORIENTED_EDGE('',*,*,#1984,.F.);
#1984 = EDGE_CURVE('',#1962,#1962,#1985,.T.);
#1985 = SURFACE_CURVE('',#1986,(#1991,#1998),.PCURVE_S1.);
#1986 = CIRCLE('',#1987,10.);
#1987 = AXIS2_PLACEMENT_3D('',#1988,#1989,#1990);
#1988 = CARTESIAN_POINT('',(0.,0.,-6.5));
#1989 = DIRECTION('',(0.,0.,1.));
#1990 = DIRECTION('',(1.,0.,0.));
#1991 = PCURVE('',#1910,#1992);
#1992 = DEFINITIONAL_REPRESENTATION('',(#1993),#1997);
#1993 = LINE('',#1994,#1995);
#1994 = CARTESIAN_POINT('',(-0.,4.9));
#1995 = VECTOR('',#1996,1.);
#1996 = DIRECTION('',(-1.,0.));
#1997 = ( GEOMETRIC_REPRESENTATION_CONTEXT(2) 
PARAMETRIC_REPRESENTATION_CONTEXT() REPRESENTATION_CONTEXT('2D SPACE',''
  ) );
#1998 = PCURVE('',#1999,#2004);
#1999 = TOROIDAL_SURFACE('',#2000,9.5,0.5);
#2000 = AXIS2_PLACEMENT_3D('',#2001,#2002,#2003);
#2001 = CARTESIAN_POINT('',(0.,0.,-6.5));
#2002 = DIRECTION('',(-0.,-0.,-1.));
#2003 = DIRECTION('',(1.,0.,0.));
#2004 = DEFINITIONAL_REPRESENTATION('',(#2005),#2009);
#2005 = LINE('',#2006,#2007);
#2006 = CARTESIAN_POINT('',(-0.,1.7763568394E-15));
#2007 = VECTOR('',#2008,1.);
#2008 = DIRECTION('',(-1.,0.));
#2009 = ( GEOMETRIC_REPRESENTATION_CONTEXT(2) 
PARAMETRIC_REPRESENTATION_CONTEXT() REPRESENTATION_CONTEXT('2D SPACE',''
  ) );
#2010 = ORIENTED_EDGE('',*,*,#1961,.F.);
#2011 = ADVANCED_FACE('',(#2012),#1945,.F.);
#2012 = FACE_BOUND('',#2013,.T.);
#2013 = EDGE_LOOP('',(#2014,#2015,#2038,#2065));
#2014 = ORIENTED_EDGE('',*,*,#1928,.T.);
#2015 = ORIENTED_EDGE('',*,*,#2016,.T.);
#2016 = EDGE_CURVE('',#1929,#2017,#2019,.T.);
#2017 = VERTEX_POINT('',#2018);
#2018 = CARTESIAN_POINT('',(5.25,0.,-4.));
#2019 = SEAM_CURVE('',#2020,(#2024,#2031),.PCURVE_S1.);
#2020 = LINE('',#2021,#2022);
#2021 = CARTESIAN_POINT('',(5.25,0.,14.));
#2022 = VECTOR('',#2023,1.);
#2023 = DIRECTION('',(0.,0.,-1.));
#2024 = PCURVE('',#1945,#2025);
#2025 = DEFINITIONAL_REPRESENTATION('',(#2026),#2030);
#2026 = LINE('',#2027,#2028);
#2027 = CARTESIAN_POINT('',(-0.,0.));
#2028 = VECTOR('',#2029,1.);
#2029 = DIRECTION('',(-0.,1.));
#2030 = ( GEOMETRIC_REPRESENTATION_CONTEXT(2) 
PARAMETRIC_REPRESENTATION_CONTEXT() REPRESENTATION_CONTEXT('2D SPACE',''
  ) );
#2031 = PCURVE('',#1945,#2032);
#2032 = DEFINITIONAL_REPRESENTATION('',(#2033),#2037);
#2033 = LINE('',#2034,#2035);
#2034 = CARTESIAN_POINT('',(-6.28318530718,0.));
#2035 = VECTOR('',#2036,1.);
#2036 = DIRECTION('',(-0.,1.));
#2037 = ( GEOMETRIC_REPRESENTATION_CONTEXT(2) 
PARAMETRIC_REPRESENTATION_CONTEXT() REPRESENTATION_CONTEXT('2D SPACE',''
  ) );
#2038 = ORIENTED_EDGE('',*,*,#2039,.F.);
#2039 = EDGE_CURVE('',#2017,#2017,#2040,.T.);
#2040 = SURFACE_CURVE('',#2041,(#2046,#2053),.PCURVE_S1.);
#2041 = CIRCLE('',#2042,5.25);
#2042 = AXIS2_PLACEMENT_3D('',#2043,#2044,#2045);
#2043 = CARTESIAN_POINT('',(0.,0.,-4.));
#2044 = DIRECTION('',(0.,0.,1.));
#2045 = DIRECTION('',(1.,0.,0.));
#2046 = PCURVE('',#1945,#2047);
#2047 = DEFINITIONAL_REPRESENTATION('',(#2048),#2052);
#2048 = LINE('',#2049,#2050);
#2049 = CARTESIAN_POINT('',(-0.,18.));
#2050 = VECTOR('',#2051,1.);
#2051 = DIRECTION('',(-1.,0.));
#2052 = ( GEOMETRIC_REPRESENTATION_CONTEXT(2) 
PARAMETRIC_REPRESENTATION_CONTEXT() REPRESENTATION_CONTEXT('2D SPACE',''
  ) );
#2053 = PCURVE('',#2054,#2059);
#2054 = CONICAL_SURFACE('',#2055,5.25,1.029744258677);
#2055 = AXIS2_PLACEMENT_3D('',#2056,#2057,#2058);
#2056 = CARTESIAN_POINT('',(0.,0.,-4.));
#2057 = DIRECTION('',(0.,0.,1.));
#2058 = DIRECTION('',(1.,0.,0.));
#2059 = DEFINITIONAL_REPRESENTATION('',(#2060),#2064);
#2060 = LINE('',#2061,#2062);
#2061 = CARTESIAN_POINT('',(0.,-0.));
#2062 = VECTOR('',#2063,1.);
#2063 = DIRECTION('',(1.,-0.));
#2064 = ( GEOMETRIC_REPRESENTATION_CONTEXT(2) 
PARAMETRIC_REPRESENTATION_CONTEXT() REPRESENTATION_CONTEXT('2D SPACE',''
  ) );
#2065 = ORIENTED_EDGE('',*,*,#2016,.F.);
#2066 = ADVANCED_FACE('',(#2067),#1999,.T.);
#2067 = FACE_BOUND('',#2068,.F.);
#2068 = EDGE_LOOP('',(#2069,#2070,#2094,#2121));
#2069 = ORIENTED_EDGE('',*,*,#1984,.T.);
#2070 = ORIENTED_EDGE('',*,*,#2071,.T.);
#2071 = EDGE_CURVE('',#1962,#2072,#2074,.T.);
#2072 = VERTEX_POINT('',#2073);
#2073 = CARTESIAN_POINT('',(9.5,0.,-7.));
#2074 = SEAM_CURVE('',#2075,(#2080,#2087),.PCURVE_S1.);
#2075 = CIRCLE('',#2076,0.5);
#2076 = AXIS2_PLACEMENT_3D('',#2077,#2078,#2079);
#2077 = CARTESIAN_POINT('',(9.5,0.,-6.5));
#2078 = DIRECTION('',(0.,1.,0.));
#2079 = DIRECTION('',(1.,0.,-1.7763568394E-15));
#2080 = PCURVE('',#1999,#2081);
#2081 = DEFINITIONAL_REPRESENTATION('',(#2082),#2086);
#2082 = LINE('',#2083,#2084);
#2083 = CARTESIAN_POINT('',(-0.,1.7763568394E-15));
#2084 = VECTOR('',#2085,1.);
#2085 = DIRECTION('',(-0.,1.));
#2086 = ( GEOMETRIC_REPRESENTATION_CONTEXT(2) 
PARAMETRIC_REPRESENTATION_CONTEXT() REPRESENTATION_CONTEXT('2D SPACE',''
  ) );
#2087 = PCURVE('',#1999,#2088);
#2088 = DEFINITIONAL_REPRESENTATION('',(#2089),#2093);
#2089 = LINE('',#2090,#2091);
#2090 = CARTESIAN_POINT('',(-6.28318530718,1.7763568394E-15));
#2091 = VECTOR('',#2092,1.);
#2092 = DIRECTION('',(-0.,1.));
#2093 = ( GEOMETRIC_REPRESENTATION_CONTEXT(2) 
PARAMETRIC_REPRESENTATION_CONTEXT() REPRESENTATION_CONTEXT('2D SPACE',''
  ) );
#2094 = ORIENTED_EDGE('',*,*,#2095,.F.);
#2095 = EDGE_CURVE('',#2072,#2072,#2096,.T.);
#2096 = SURFACE_CURVE('',#2097,(#2102,#2109),.PCURVE_S1.);
#2097 = CIRCLE('',#2098,9.5);
#2098 = AXIS2_PLACEMENT_3D('',#2099,#2100,#2101);
#2099 = CARTESIAN_POINT('',(0.,0.,-7.));
#2100 = DIRECTION('',(0.,0.,1.));
#2101 = DIRECTION('',(1.,0.,0.));
#2102 = PCURVE('',#1999,#2103);
#2103 = DEFINITIONAL_REPRESENTATION('',(#2104),#2108);
#2104 = LINE('',#2105,#2106);
#2105 = CARTESIAN_POINT('',(-0.,1.570796326795));
#2106 = VECTOR('',#2107,1.);
#2107 = DIRECTION('',(-1.,0.));
#2108 = ( GEOMETRIC_REPRESENTATION_CONTEXT(2) 
PARAMETRIC_REPRESENTATION_CONTEXT() REPRESENTATION_CONTEXT('2D SPACE',''
  ) );
#2109 = PCURVE('',#2110,#2115);
#2110 = PLANE('',#2111);
#2111 = AXIS2_PLACEMENT_3D('',#2112,#2113,#2114);
#2112 = CARTESIAN_POINT('',(0.,0.,-7.));
#2113 = DIRECTION('',(0.,0.,1.));
#2114 = DIRECTION('',(1.,0.,0.));
#2115 = DEFINITIONAL_REPRESENTATION('',(#2116),#2120);
#2116 = CIRCLE('',#2117,9.5);
#2117 = AXIS2_PLACEMENT_2D('',#2118,#2119);
#2118 = CARTESIAN_POINT('',(0.,0.));
#2119 = DIRECTION('',(1.,0.));
#2120 = ( GEOMETRIC_REPRESENTATION_CONTEXT(2) 
PARAMETRIC_REPRESENTATION_CONTEXT() REPRESENTATION_CONTEXT('2D SPACE',''
  ) );
#2121 = ORIENTED_EDGE('',*,*,#2071,.F.);
#2122 = ADVANCED_FACE('',(#2123),#2054,.F.);
#2123 = FACE_BOUND('',#2124,.T.);
#2124 = EDGE_LOOP('',(#2125,#2126,#2149));
#2125 = ORIENTED_EDGE('',*,*,#2039,.T.);
#2126 = ORIENTED_EDGE('',*,*,#2127,.T.);
#2127 = EDGE_CURVE('',#2017,#2128,#2130,.T.);
#2128 = VERTEX_POINT('',#2129);
#2129 = CARTESIAN_POINT('',(0.,0.,-7.154518249895));
#2130 = SEAM_CURVE('',#2131,(#2135,#2142),.PCURVE_S1.);
#2131 = LINE('',#2132,#2133);
#2132 = CARTESIAN_POINT('',(5.25,0.,-4.));
#2133 = VECTOR('',#2134,1.);
#2134 = DIRECTION('',(-0.857167300702,0.,-0.51503807491));
#2135 = PCURVE('',#2054,#2136);
#2136 = DEFINITIONAL_REPRESENTATION('',(#2137),#2141);
#2137 = LINE('',#2138,#2139);
#2138 = CARTESIAN_POINT('',(0.,-0.));
#2139 = VECTOR('',#2140,1.);
#2140 = DIRECTION('',(0.,-1.));
#2141 = ( GEOMETRIC_REPRESENTATION_CONTEXT(2) 
PARAMETRIC_REPRESENTATION_CONTEXT() REPRESENTATION_CONTEXT('2D SPACE',''
  ) );
#2142 = PCURVE('',#2054,#2143);
#2143 = DEFINITIONAL_REPRESENTATION('',(#2144),#2148);
#2144 = LINE('',#2145,#2146);
#2145 = CARTESIAN_POINT('',(6.28318530718,-0.));
#2146 = VECTOR('',#2147,1.);
#2147 = DIRECTION('',(0.,-1.));
#2148 = ( GEOMETRIC_REPRESENTATION_CONTEXT(2) 
PARAMETRIC_REPRESENTATION_CONTEXT() REPRESENTATION_CONTEXT('2D SPACE',''
  ) );
#2149 = ORIENTED_EDGE('',*,*,#2127,.F.);
#2150 = ADVANCED_FACE('',(#2151,#2154),#2110,.F.);
#2151 = FACE_BOUND('',#2152,.F.);
#2152 = EDGE_LOOP('',(#2153));
#2153 = ORIENTED_EDGE('',*,*,#2095,.T.);
#2154 = FACE_BOUND('',#2155,.F.);
#2155 = EDGE_LOOP('',(#2156));
#2156 = ORIENTED_EDGE('',*,*,#2157,.F.);
#2157 = EDGE_CURVE('',#2158,#2158,#2160,.T.);
#2158 = VERTEX_POINT('',#2159);
#2159 = CARTESIAN_POINT('',(8.65,0.,-7.));
#2160 = SURFACE_CURVE('',#2161,(#2166,#2173),.PCURVE_S1.);
#2161 = CIRCLE('',#2162,8.65);
#2162 = AXIS2_PLACEMENT_3D('',#2163,#2164,#2165);
#2163 = CARTESIAN_POINT('',(0.,0.,-7.));
#2164 = DIRECTION('',(0.,0.,1.));
#2165 = DIRECTION('',(1.,0.,0.));
#2166 = PCURVE('',#2110,#2167);
#2167 = DEFINITIONAL_REPRESENTATION('',(#2168),#2172);
#2168 = CIRCLE('',#2169,8.65);
#2169 = AXIS2_PLACEMENT_2D('',#2170,#2171);
#2170 = CARTESIAN_POINT('',(0.,0.));
#2171 = DIRECTION('',(1.,0.));
#2172 = ( GEOMETRIC_REPRESENTATION_CONTEXT(2) 
PARAMETRIC_REPRESENTATION_CONTEXT() REPRESENTATION_CONTEXT('2D SPACE',''
  ) );
#2173 = PCURVE('',#2174,#2179);
#2174 = CYLINDRICAL_SURFACE('',#2175,8.65);
#2175 = AXIS2_PLACEMENT_3D('',#2176,#2177,#2178);
#2176 = CARTESIAN_POINT('',(0.,0.,-7.));
#2177 = DIRECTION('',(-0.,-0.,-1.));
#2178 = DIRECTION('',(1.,0.,0.));
#2179 = DEFINITIONAL_REPRESENTATION('',(#2180),#2184);
#2180 = LINE('',#2181,#2182);
#2181 = CARTESIAN_POINT('',(-0.,0.));
#2182 = VECTOR('',#2183,1.);
#2183 = DIRECTION('',(-1.,0.));
#2184 = ( GEOMETRIC_REPRESENTATION_CONTEXT(2) 
PARAMETRIC_REPRESENTATION_CONTEXT() REPRESENTATION_CONTEXT('2D SPACE',''
  ) );
#2185 = ADVANCED_FACE('',(#2186),#2174,.T.);
#2186 = FACE_BOUND('',#2187,.F.);
#2187 = EDGE_LOOP('',(#2188,#2189,#2212,#2239));
#2188 = ORIENTED_EDGE('',*,*,#2157,.T.);
#2189 = ORIENTED_EDGE('',*,*,#2190,.T.);
#2190 = EDGE_CURVE('',#2158,#2191,#2193,.T.);
#2191 = VERTEX_POINT('',#2192);
#2192 = CARTESIAN_POINT('',(8.65,0.,-9.5));
#2193 = SEAM_CURVE('',#2194,(#2198,#2205),.PCURVE_S1.);
#2194 = LINE('',#2195,#2196);
#2195 = CARTESIAN_POINT('',(8.65,0.,-7.));
#2196 = VECTOR('',#2197,1.);
#2197 = DIRECTION('',(0.,0.,-1.));
#2198 = PCURVE('',#2174,#2199);
#2199 = DEFINITIONAL_REPRESENTATION('',(#2200),#2204);
#2200 = LINE('',#2201,#2202);
#2201 = CARTESIAN_POINT('',(-0.,0.));
#2202 = VECTOR('',#2203,1.);
#2203 = DIRECTION('',(-0.,1.));
#2204 = ( GEOMETRIC_REPRESENTATION_CONTEXT(2) 
PARAMETRIC_REPRESENTATION_CONTEXT() REPRESENTATION_CONTEXT('2D SPACE',''
  ) );
#2205 = PCURVE('',#2174,#2206);
#2206 = DEFINITIONAL_REPRESENTATION('',(#2207),#2211);
#2207 = LINE('',#2208,#2209);
#2208 = CARTESIAN_POINT('',(-6.28318530718,0.));
#2209 = VECTOR('',#2210,1.);
#2210 = DIRECTION('',(-0.,1.));
#2211 = ( GEOMETRIC_REPRESENTATION_CONTEXT(2) 
PARAMETRIC_REPRESENTATION_CONTEXT() REPRESENTATION_CONTEXT('2D SPACE',''
  ) );
#2212 = ORIENTED_EDGE('',*,*,#2213,.F.);
#2213 = EDGE_CURVE('',#2191,#2191,#2214,.T.);
#2214 = SURFACE_CURVE('',#2215,(#2220,#2227),.PCURVE_S1.);
#2215 = CIRCLE('',#2216,8.65);
#2216 = AXIS2_PLACEMENT_3D('',#2217,#2218,#2219);
#2217 = CARTESIAN_POINT('',(0.,0.,-9.5));
#2218 = DIRECTION('',(0.,0.,1.));
#2219 = DIRECTION('',(1.,0.,0.));
#2220 = PCURVE('',#2174,#2221);
#2221 = DEFINITIONAL_REPRESENTATION('',(#2222),#2226);
#2222 = LINE('',#2223,#2224);
#2223 = CARTESIAN_POINT('',(-0.,2.5));
#2224 = VECTOR('',#2225,1.);
#2225 = DIRECTION('',(-1.,0.));
#2226 = ( GEOMETRIC_REPRESENTATION_CONTEXT(2) 
PARAMETRIC_REPRESENTATION_CONTEXT() REPRESENTATION_CONTEXT('2D SPACE',''
  ) );
#2227 = PCURVE('',#2228,#2233);
#2228 = TOROIDAL_SURFACE('',#2229,9.15,0.5);
#2229 = AXIS2_PLACEMENT_3D('',#2230,#2231,#2232);
#2230 = CARTESIAN_POINT('',(0.,0.,-9.5));
#2231 = DIRECTION('',(0.,0.,1.));
#2232 = DIRECTION('',(1.,0.,0.));
#2233 = DEFINITIONAL_REPRESENTATION('',(#2234),#2238);
#2234 = LINE('',#2235,#2236);
#2235 = CARTESIAN_POINT('',(0.,3.14159265359));
#2236 = VECTOR('',#2237,1.);
#2237 = DIRECTION('',(1.,0.));
#2238 = ( GEOMETRIC_REPRESENTATION_CONTEXT(2) 
PARAMETRIC_REPRESENTATION_CONTEXT() REPRESENTATION_CONTEXT('2D SPACE',''
  ) );
#2239 = ORIENTED_EDGE('',*,*,#2190,.F.);
#2240 = ADVANCED_FACE('',(#2241),#2228,.F.);
#2241 = FACE_BOUND('',#2242,.F.);
#2242 = EDGE_LOOP('',(#2243,#2244,#2268,#2295));
#2243 = ORIENTED_EDGE('',*,*,#2213,.T.);
#2244 = ORIENTED_EDGE('',*,*,#2245,.T.);
#2245 = EDGE_CURVE('',#2191,#2246,#2248,.T.);
#2246 = VERTEX_POINT('',#2247);
#2247 = CARTESIAN_POINT('',(9.15,0.,-10.));
#2248 = SEAM_CURVE('',#2249,(#2254,#2261),.PCURVE_S1.);
#2249 = CIRCLE('',#2250,0.5);
#2250 = AXIS2_PLACEMENT_3D('',#2251,#2252,#2253);
#2251 = CARTESIAN_POINT('',(9.15,0.,-9.5));
#2252 = DIRECTION('',(0.,-1.,0.));
#2253 = DIRECTION('',(-1.,-0.,-3.5527136788E-15));
#2254 = PCURVE('',#2228,#2255);
#2255 = DEFINITIONAL_REPRESENTATION('',(#2256),#2260);
#2256 = LINE('',#2257,#2258);
#2257 = CARTESIAN_POINT('',(0.,3.14159265359));
#2258 = VECTOR('',#2259,1.);
#2259 = DIRECTION('',(0.,1.));
#2260 = ( GEOMETRIC_REPRESENTATION_CONTEXT(2) 
PARAMETRIC_REPRESENTATION_CONTEXT() REPRESENTATION_CONTEXT('2D SPACE',''
  ) );
#2261 = PCURVE('',#2228,#2262);
#2262 = DEFINITIONAL_REPRESENTATION('',(#2263),#2267);
#2263 = LINE('',#2264,#2265);
#2264 = CARTESIAN_POINT('',(6.28318530718,3.14159265359));
#2265 = VECTOR('',#2266,1.);
#2266 = DIRECTION('',(0.,1.));
#2267 = ( GEOMETRIC_REPRESENTATION_CONTEXT(2) 
PARAMETRIC_REPRESENTATION_CONTEXT() REPRESENTATION_CONTEXT('2D SPACE',''
  ) );
#2268 = ORIENTED_EDGE('',*,*,#2269,.F.);
#2269 = EDGE_CURVE('',#2246,#2246,#2270,.T.);
#2270 = SURFACE_CURVE('',#2271,(#2276,#2283),.PCURVE_S1.);
#2271 = CIRCLE('',#2272,9.15);
#2272 = AXIS2_PLACEMENT_3D('',#2273,#2274,#2275);
#2273 = CARTESIAN_POINT('',(0.,0.,-10.));
#2274 = DIRECTION('',(0.,0.,1.));
#2275 = DIRECTION('',(1.,0.,0.));
#2276 = PCURVE('',#2228,#2277);
#2277 = DEFINITIONAL_REPRESENTATION('',(#2278),#2282);
#2278 = LINE('',#2279,#2280);
#2279 = CARTESIAN_POINT('',(0.,4.712388980385));
#2280 = VECTOR('',#2281,1.);
#2281 = DIRECTION('',(1.,0.));
#2282 = ( GEOMETRIC_REPRESENTATION_CONTEXT(2) 
PARAMETRIC_REPRESENTATION_CONTEXT() REPRESENTATION_CONTEXT('2D SPACE',''
  ) );
#2283 = PCURVE('',#2284,#2289);
#2284 = PLANE('',#2285);
#2285 = AXIS2_PLACEMENT_3D('',#2286,#2287,#2288);
#2286 = CARTESIAN_POINT('',(0.,0.,-10.));
#2287 = DIRECTION('',(0.,0.,1.));
#2288 = DIRECTION('',(1.,0.,0.));
#2289 = DEFINITIONAL_REPRESENTATION('',(#2290),#2294);
#2290 = CIRCLE('',#2291,9.15);
#2291 = AXIS2_PLACEMENT_2D('',#2292,#2293);
#2292 = CARTESIAN_POINT('',(0.,0.));
#2293 = DIRECTION('',(1.,-0.));
#2294 = ( GEOMETRIC_REPRESENTATION_CONTEXT(2) 
PARAMETRIC_REPRESENTATION_CONTEXT() REPRESENTATION_CONTEXT('2D SPACE',''
  ) );
#2295 = ORIENTED_EDGE('',*,*,#2245,.F.);
#2296 = ADVANCED_FACE('',(#2297,#2300),#2284,.T.);
#2297 = FACE_BOUND('',#2298,.F.);
#2298 = EDGE_LOOP('',(#2299));
#2299 = ORIENTED_EDGE('',*,*,#2269,.T.);
#2300 = FACE_BOUND('',#2301,.F.);
#2301 = EDGE_LOOP('',(#2302));
#2302 = ORIENTED_EDGE('',*,*,#2303,.F.);
#2303 = EDGE_CURVE('',#2304,#2304,#2306,.T.);
#2304 = VERTEX_POINT('',#2305);
#2305 = CARTESIAN_POINT('',(10.,0.,-10.));
#2306 = SURFACE_CURVE('',#2307,(#2312,#2319),.PCURVE_S1.);
#2307 = CIRCLE('',#2308,10.);
#2308 = AXIS2_PLACEMENT_3D('',#2309,#2310,#2311);
#2309 = CARTESIAN_POINT('',(0.,0.,-10.));
#2310 = DIRECTION('',(0.,0.,1.));
#2311 = DIRECTION('',(1.,0.,0.));
#2312 = PCURVE('',#2284,#2313);
#2313 = DEFINITIONAL_REPRESENTATION('',(#2314),#2318);
#2314 = CIRCLE('',#2315,10.);
#2315 = AXIS2_PLACEMENT_2D('',#2316,#2317);
#2316 = CARTESIAN_POINT('',(0.,0.));
#2317 = DIRECTION('',(1.,-0.));
#2318 = ( GEOMETRIC_REPRESENTATION_CONTEXT(2) 
PARAMETRIC_REPRESENTATION_CONTEXT() REPRESENTATION_CONTEXT('2D SPACE',''
  ) );
#2319 = PCURVE('',#2320,#2325);
#2320 = CYLINDRICAL_SURFACE('',#2321,10.);
#2321 = AXIS2_PLACEMENT_3D('',#2322,#2323,#2324);
#2322 = CARTESIAN_POINT('',(0.,0.,-10.));
#2323 = DIRECTION('',(-0.,-0.,-1.));
#2324 = DIRECTION('',(1.,0.,0.));
#2325 = DEFINITIONAL_REPRESENTATION('',(#2326),#2330);
#2326 = LINE('',#2327,#2328);
#2327 = CARTESIAN_POINT('',(-0.,0.));
#2328 = VECTOR('',#2329,1.);
#2329 = DIRECTION('',(-1.,0.));
#2330 = ( GEOMETRIC_REPRESENTATION_CONTEXT(2) 
PARAMETRIC_REPRESENTATION_CONTEXT() REPRESENTATION_CONTEXT('2D SPACE',''
  ) );
#2331 = ADVANCED_FACE('',(#2332),#2320,.T.);
#2332 = FACE_BOUND('',#2333,.F.);
#2333 = EDGE_LOOP('',(#2334,#2335,#2358,#2385));
#2334 = ORIENTED_EDGE('',*,*,#2303,.T.);
#2335 = ORIENTED_EDGE('',*,*,#2336,.T.);
#2336 = EDGE_CURVE('',#2304,#2337,#2339,.T.);
#2337 = VERTEX_POINT('',#2338);
#2338 = CARTESIAN_POINT('',(10.,0.,-39.5));
#2339 = SEAM_CURVE('',#2340,(#2344,#2351),.PCURVE_S1.);
#2340 = LINE('',#2341,#2342);
#2341 = CARTESIAN_POINT('',(10.,0.,-10.));
#2342 = VECTOR('',#2343,1.);
#2343 = DIRECTION('',(0.,0.,-1.));
#2344 = PCURVE('',#2320,#2345);
#2345 = DEFINITIONAL_REPRESENTATION('',(#2346),#2350);
#2346 = LINE('',#2347,#2348);
#2347 = CARTESIAN_POINT('',(-0.,0.));
#2348 = VECTOR('',#2349,1.);
#2349 = DIRECTION('',(-0.,1.));
#2350 = ( GEOMETRIC_REPRESENTATION_CONTEXT(2) 
PARAMETRIC_REPRESENTATION_CONTEXT() REPRESENTATION_CONTEXT('2D SPACE',''
  ) );
#2351 = PCURVE('',#2320,#2352);
#2352 = DEFINITIONAL_REPRESENTATION('',(#2353),#2357);
#2353 = LINE('',#2354,#2355);
#2354 = CARTESIAN_POINT('',(-6.28318530718,0.));
#2355 = VECTOR('',#2356,1.);
#2356 = DIRECTION('',(-0.,1.));
#2357 = ( GEOMETRIC_REPRESENTATION_CONTEXT(2) 
PARAMETRIC_REPRESENTATION_CONTEXT() REPRESENTATION_CONTEXT('2D SPACE',''
  ) );
#2358 = ORIENTED_EDGE('',*,*,#2359,.F.);
#2359 = EDGE_CURVE('',#2337,#2337,#2360,.T.);
#2360 = SURFACE_CURVE('',#2361,(#2366,#2373),.PCURVE_S1.);
#2361 = CIRCLE('',#2362,10.);
#2362 = AXIS2_PLACEMENT_3D('',#2363,#2364,#2365);
#2363 = CARTESIAN_POINT('',(0.,0.,-39.5));
#2364 = DIRECTION('',(0.,0.,1.));
#2365 = DIRECTION('',(1.,0.,0.));
#2366 = PCURVE('',#2320,#2367);
#2367 = DEFINITIONAL_REPRESENTATION('',(#2368),#2372);
#2368 = LINE('',#2369,#2370);
#2369 = CARTESIAN_POINT('',(-0.,29.5));
#2370 = VECTOR('',#2371,1.);
#2371 = DIRECTION('',(-1.,0.));
#2372 = ( GEOMETRIC_REPRESENTATION_CONTEXT(2) 
PARAMETRIC_REPRESENTATION_CONTEXT() REPRESENTATION_CONTEXT('2D SPACE',''
  ) );
#2373 = PCURVE('',#2374,#2379);
#2374 = CONICAL_SURFACE('',#2375,10.,0.785398163397);
#2375 = AXIS2_PLACEMENT_3D('',#2376,#2377,#2378);
#2376 = CARTESIAN_POINT('',(0.,0.,-39.5));
#2377 = DIRECTION('',(0.,0.,1.));
#2378 = DIRECTION('',(1.,0.,0.));
#2379 = DEFINITIONAL_REPRESENTATION('',(#2380),#2384);
#2380 = LINE('',#2381,#2382);
#2381 = CARTESIAN_POINT('',(0.,-0.));
#2382 = VECTOR('',#2383,1.);
#2383 = DIRECTION('',(1.,-0.));
#2384 = ( GEOMETRIC_REPRESENTATION_CONTEXT(2) 
PARAMETRIC_REPRESENTATION_CONTEXT() REPRESENTATION_CONTEXT('2D SPACE',''
  ) );
#2385 = ORIENTED_EDGE('',*,*,#2336,.F.);
#2386 = ADVANCED_FACE('',(#2387),#2374,.T.);
#2387 = FACE_BOUND('',#2388,.F.);
#2388 = EDGE_LOOP('',(#2389,#2390,#2413,#2440));
#2389 = ORIENTED_EDGE('',*,*,#2359,.T.);
#2390 = ORIENTED_EDGE('',*,*,#2391,.T.);
#2391 = EDGE_CURVE('',#2337,#2392,#2394,.T.);
#2392 = VERTEX_POINT('',#2393);
#2393 = CARTESIAN_POINT('',(7.5,0.,-42.));
#2394 = SEAM_CURVE('',#2395,(#2399,#2406),.PCURVE_S1.);
#2395 = LINE('',#2396,#2397);
#2396 = CARTESIAN_POINT('',(10.,0.,-39.5));
#2397 = VECTOR('',#2398,1.);
#2398 = DIRECTION('',(-0.707106781187,0.,-0.707106781187));
#2399 = PCURVE('',#2374,#2400);
#2400 = DEFINITIONAL_REPRESENTATION('',(#2401),#2405);
#2401 = LINE('',#2402,#2403);
#2402 = CARTESIAN_POINT('',(0.,-0.));
#2403 = VECTOR('',#2404,1.);
#2404 = DIRECTION('',(0.,-1.));
#2405 = ( GEOMETRIC_REPRESENTATION_CONTEXT(2) 
PARAMETRIC_REPRESENTATION_CONTEXT() REPRESENTATION_CONTEXT('2D SPACE',''
  ) );
#2406 = PCURVE('',#2374,#2407);
#2407 = DEFINITIONAL_REPRESENTATION('',(#2408),#2412);
#2408 = LINE('',#2409,#2410);
#2409 = CARTESIAN_POINT('',(6.28318530718,-0.));
#2410 = VECTOR('',#2411,1.);
#2411 = DIRECTION('',(0.,-1.));
#2412 = ( GEOMETRIC_REPRESENTATION_CONTEXT(2) 
PARAMETRIC_REPRESENTATION_CONTEXT() REPRESENTATION_CONTEXT('2D SPACE',''
  ) );
#2413 = ORIENTED_EDGE('',*,*,#2414,.F.);
#2414 = EDGE_CURVE('',#2392,#2392,#2415,.T.);
#2415 = SURFACE_CURVE('',#2416,(#2421,#2428),.PCURVE_S1.);
#2416 = CIRCLE('',#2417,7.5);
#2417 = AXIS2_PLACEMENT_3D('',#2418,#2419,#2420);
#2418 = CARTESIAN_POINT('',(0.,0.,-42.));
#2419 = DIRECTION('',(0.,0.,1.));
#2420 = DIRECTION('',(1.,0.,0.));
#2421 = PCURVE('',#2374,#2422);
#2422 = DEFINITIONAL_REPRESENTATION('',(#2423),#2427);
#2423 = LINE('',#2424,#2425);
#2424 = CARTESIAN_POINT('',(0.,-2.5));
#2425 = VECTOR('',#2426,1.);
#2426 = DIRECTION('',(1.,-0.));
#2427 = ( GEOMETRIC_REPRESENTATION_CONTEXT(2) 
PARAMETRIC_REPRESENTATION_CONTEXT() REPRESENTATION_CONTEXT('2D SPACE',''
  ) );
#2428 = PCURVE('',#2429,#2434);
#2429 = PLANE('',#2430);
#2430 = AXIS2_PLACEMENT_3D('',#2431,#2432,#2433);
#2431 = CARTESIAN_POINT('',(0.,0.,-42.));
#2432 = DIRECTION('',(0.,0.,1.));
#2433 = DIRECTION('',(1.,0.,0.));
#2434 = DEFINITIONAL_REPRESENTATION('',(#2435),#2439);
#2435 = CIRCLE('',#2436,7.5);
#2436 = AXIS2_PLACEMENT_2D('',#2437,#2438);
#2437 = CARTESIAN_POINT('',(0.,0.));
#2438 = DIRECTION('',(1.,0.));
#2439 = ( GEOMETRIC_REPRESENTATION_CONTEXT(2) 
PARAMETRIC_REPRESENTATION_CONTEXT() REPRESENTATION_CONTEXT('2D SPACE',''
  ) );
#2440 = ORIENTED_EDGE('',*,*,#2391,.F.);
#2441 = ADVANCED_FACE('',(#2442),#2429,.F.);
#2442 = FACE_BOUND('',#2443,.F.);
#2443 = EDGE_LOOP('',(#2444));
#2444 = ORIENTED_EDGE('',*,*,#2414,.T.);
#2445 = ( GEOMETRIC_REPRESENTATION_CONTEXT(3) 
GLOBAL_UNCERTAINTY_ASSIGNED_CONTEXT((#2449)) 
GLOBAL_UNIT_ASSIGNED_CONTEXT((#2446,#2447,#2448)) REPRESENTATION_CONTEXT
('Context #1','3D Context with UNIT and UNCERTAINTY') );
#2446 = ( LENGTH_UNIT() NAMED_UNIT(*) SI_UNIT(.MILLI.,.METRE.) );
#2447 = ( NAMED_UNIT(*) PLANE_ANGLE_UNIT() SI_UNIT($,.RADIAN.) );
#2448 = ( NAMED_UNIT(*) SI_UNIT($,.STERADIAN.) SOLID_ANGLE_UNIT() );
#2449 = UNCERTAINTY_MEASURE_WITH_UNIT(LENGTH_MEASURE(2.E-05),#2446,
  'distance_accuracy_value','confusion accuracy');
#2450 = CONTEXT_DEPENDENT_SHAPE_REPRESENTATION(#2451,#2453);
#2451 = ( REPRESENTATION_RELATIONSHIP('','',#44,#10) 
REPRESENTATION_RELATIONSHIP_WITH_TRANSFORMATION(#2452) 
SHAPE_REPRESENTATION_RELATIONSHIP() );
#2452 = ITEM_DEFINED_TRANSFORMATION('','',#11,#15);
#2453 = PRODUCT_DEFINITION_SHAPE('Placement','Placement of an item',
  #2454);
#2454 = NEXT_ASSEMBLY_USAGE_OCCURRENCE('1','explosive_bolt_m20','',#5,
  #39,$);
#2455 = PRODUCT_RELATED_PRODUCT_CATEGORY('part',$,(#41));
#2456 = SHAPE_DEFINITION_REPRESENTATION(#2457,#2463);
#2457 = PRODUCT_DEFINITION_SHAPE('','',#2458);
#2458 = PRODUCT_DEFINITION('design','',#2459,#2462);
#2459 = PRODUCT_DEFINITION_FORMATION('','',#2460);
#2460 = PRODUCT('electric_initiator','electric_initiator','',(#2461));
#2461 = PRODUCT_CONTEXT('',#2,'mechanical');
#2462 = PRODUCT_DEFINITION_CONTEXT('part definition',#2,'design');
#2463 = ADVANCED_BREP_SHAPE_REPRESENTATION('',(#11,#2464),#2832);
#2464 = MANIFOLD_SOLID_BREP('',#2465);
#2465 = CLOSED_SHELL('',(#2466,#2554,#2589,#2624,#2679,#2734,#2738,#2773
    ,#2828));
#2466 = ADVANCED_FACE('',(#2467),#2480,.T.);
#2467 = FACE_BOUND('',#2468,.T.);
#2468 = EDGE_LOOP('',(#2469,#2503,#2526,#2553));
#2469 = ORIENTED_EDGE('',*,*,#2470,.F.);
#2470 = EDGE_CURVE('',#2471,#2471,#2473,.T.);
#2471 = VERTEX_POINT('',#2472);
#2472 = CARTESIAN_POINT('',(6.5,-1.592040838892E-15,3.));
#2473 = SURFACE_CURVE('',#2474,(#2479,#2491),.PCURVE_S1.);
#2474 = CIRCLE('',#2475,6.5);
#2475 = AXIS2_PLACEMENT_3D('',#2476,#2477,#2478);
#2476 = CARTESIAN_POINT('',(0.,0.,3.));
#2477 = DIRECTION('',(0.,0.,1.));
#2478 = DIRECTION('',(1.,0.,-0.));
#2479 = PCURVE('',#2480,#2485);
#2480 = CYLINDRICAL_SURFACE('',#2481,6.5);
#2481 = AXIS2_PLACEMENT_3D('',#2482,#2483,#2484);
#2482 = CARTESIAN_POINT('',(0.,0.,0.));
#2483 = DIRECTION('',(0.,0.,1.));
#2484 = DIRECTION('',(1.,0.,-0.));
#2485 = DEFINITIONAL_REPRESENTATION('',(#2486),#2490);
#2486 = LINE('',#2487,#2488);
#2487 = CARTESIAN_POINT('',(0.,3.));
#2488 = VECTOR('',#2489,1.);
#2489 = DIRECTION('',(1.,0.));
#2490 = ( GEOMETRIC_REPRESENTATION_CONTEXT(2) 
PARAMETRIC_REPRESENTATION_CONTEXT() REPRESENTATION_CONTEXT('2D SPACE',''
  ) );
#2491 = PCURVE('',#2492,#2497);
#2492 = PLANE('',#2493);
#2493 = AXIS2_PLACEMENT_3D('',#2494,#2495,#2496);
#2494 = CARTESIAN_POINT('',(0.,0.,3.));
#2495 = DIRECTION('',(0.,0.,1.));
#2496 = DIRECTION('',(1.,0.,-0.));
#2497 = DEFINITIONAL_REPRESENTATION('',(#2498),#2502);
#2498 = CIRCLE('',#2499,6.5);
#2499 = AXIS2_PLACEMENT_2D('',#2500,#2501);
#2500 = CARTESIAN_POINT('',(0.,0.));
#2501 = DIRECTION('',(1.,0.));
#2502 = ( GEOMETRIC_REPRESENTATION_CONTEXT(2) 
PARAMETRIC_REPRESENTATION_CONTEXT() REPRESENTATION_CONTEXT('2D SPACE',''
  ) );
#2503 = ORIENTED_EDGE('',*,*,#2504,.F.);
#2504 = EDGE_CURVE('',#2505,#2471,#2507,.T.);
#2505 = VERTEX_POINT('',#2506);
#2506 = CARTESIAN_POINT('',(6.5,-1.592040838892E-15,0.));
#2507 = SEAM_CURVE('',#2508,(#2512,#2519),.PCURVE_S1.);
#2508 = LINE('',#2509,#2510);
#2509 = CARTESIAN_POINT('',(6.5,-1.592040838892E-15,0.));
#2510 = VECTOR('',#2511,1.);
#2511 = DIRECTION('',(0.,0.,1.));
#2512 = PCURVE('',#2480,#2513);
#2513 = DEFINITIONAL_REPRESENTATION('',(#2514),#2518);
#2514 = LINE('',#2515,#2516);
#2515 = CARTESIAN_POINT('',(6.28318530718,-0.));
#2516 = VECTOR('',#2517,1.);
#2517 = DIRECTION('',(0.,1.));
#2518 = ( GEOMETRIC_REPRESENTATION_CONTEXT(2) 
PARAMETRIC_REPRESENTATION_CONTEXT() REPRESENTATION_CONTEXT('2D SPACE',''
  ) );
#2519 = PCURVE('',#2480,#2520);
#2520 = DEFINITIONAL_REPRESENTATION('',(#2521),#2525);
#2521 = LINE('',#2522,#2523);
#2522 = CARTESIAN_POINT('',(0.,-0.));
#2523 = VECTOR('',#2524,1.);
#2524 = DIRECTION('',(0.,1.));
#2525 = ( GEOMETRIC_REPRESENTATION_CONTEXT(2) 
PARAMETRIC_REPRESENTATION_CONTEXT() REPRESENTATION_CONTEXT('2D SPACE',''
  ) );
#2526 = ORIENTED_EDGE('',*,*,#2527,.T.);
#2527 = EDGE_CURVE('',#2505,#2505,#2528,.T.);
#2528 = SURFACE_CURVE('',#2529,(#2534,#2541),.PCURVE_S1.);
#2529 = CIRCLE('',#2530,6.5);
#2530 = AXIS2_PLACEMENT_3D('',#2531,#2532,#2533);
#2531 = CARTESIAN_POINT('',(0.,0.,0.));
#2532 = DIRECTION('',(0.,0.,1.));
#2533 = DIRECTION('',(1.,0.,-0.));
#2534 = PCURVE('',#2480,#2535);
#2535 = DEFINITIONAL_REPRESENTATION('',(#2536),#2540);
#2536 = LINE('',#2537,#2538);
#2537 = CARTESIAN_POINT('',(0.,0.));
#2538 = VECTOR('',#2539,1.);
#2539 = DIRECTION('',(1.,0.));
#2540 = ( GEOMETRIC_REPRESENTATION_CONTEXT(2) 
PARAMETRIC_REPRESENTATION_CONTEXT() REPRESENTATION_CONTEXT('2D SPACE',''
  ) );
#2541 = PCURVE('',#2542,#2547);
#2542 = PLANE('',#2543);
#2543 = AXIS2_PLACEMENT_3D('',#2544,#2545,#2546);
#2544 = CARTESIAN_POINT('',(0.,0.,0.));
#2545 = DIRECTION('',(0.,0.,1.));
#2546 = DIRECTION('',(1.,0.,-0.));
#2547 = DEFINITIONAL_REPRESENTATION('',(#2548),#2552);
#2548 = CIRCLE('',#2549,6.5);
#2549 = AXIS2_PLACEMENT_2D('',#2550,#2551);
#2550 = CARTESIAN_POINT('',(0.,0.));
#2551 = DIRECTION('',(1.,0.));
#2552 = ( GEOMETRIC_REPRESENTATION_CONTEXT(2) 
PARAMETRIC_REPRESENTATION_CONTEXT() REPRESENTATION_CONTEXT('2D SPACE',''
  ) );
#2553 = ORIENTED_EDGE('',*,*,#2504,.T.);
#2554 = ADVANCED_FACE('',(#2555,#2558),#2492,.T.);
#2555 = FACE_BOUND('',#2556,.T.);
#2556 = EDGE_LOOP('',(#2557));
#2557 = ORIENTED_EDGE('',*,*,#2470,.T.);
#2558 = FACE_BOUND('',#2559,.T.);
#2559 = EDGE_LOOP('',(#2560));
#2560 = ORIENTED_EDGE('',*,*,#2561,.F.);
#2561 = EDGE_CURVE('',#2562,#2562,#2564,.T.);
#2562 = VERTEX_POINT('',#2563);
#2563 = CARTESIAN_POINT('',(3.,-7.347880794884E-16,3.));
#2564 = SURFACE_CURVE('',#2565,(#2570,#2577),.PCURVE_S1.);
#2565 = CIRCLE('',#2566,3.);
#2566 = AXIS2_PLACEMENT_3D('',#2567,#2568,#2569);
#2567 = CARTESIAN_POINT('',(0.,0.,3.));
#2568 = DIRECTION('',(0.,0.,1.));
#2569 = DIRECTION('',(1.,0.,-0.));
#2570 = PCURVE('',#2492,#2571);
#2571 = DEFINITIONAL_REPRESENTATION('',(#2572),#2576);
#2572 = CIRCLE('',#2573,3.);
#2573 = AXIS2_PLACEMENT_2D('',#2574,#2575);
#2574 = CARTESIAN_POINT('',(0.,0.));
#2575 = DIRECTION('',(1.,0.));
#2576 = ( GEOMETRIC_REPRESENTATION_CONTEXT(2) 
PARAMETRIC_REPRESENTATION_CONTEXT() REPRESENTATION_CONTEXT('2D SPACE',''
  ) );
#2577 = PCURVE('',#2578,#2583);
#2578 = CYLINDRICAL_SURFACE('',#2579,3.);
#2579 = AXIS2_PLACEMENT_3D('',#2580,#2581,#2582);
#2580 = CARTESIAN_POINT('',(0.,0.,2.5));
#2581 = DIRECTION('',(0.,0.,1.));
#2582 = DIRECTION('',(1.,0.,-0.));
#2583 = DEFINITIONAL_REPRESENTATION('',(#2584),#2588);
#2584 = LINE('',#2585,#2586);
#2585 = CARTESIAN_POINT('',(0.,0.5));
#2586 = VECTOR('',#2587,1.);
#2587 = DIRECTION('',(1.,0.));
#2588 = ( GEOMETRIC_REPRESENTATION_CONTEXT(2) 
PARAMETRIC_REPRESENTATION_CONTEXT() REPRESENTATION_CONTEXT('2D SPACE',''
  ) );
#2589 = ADVANCED_FACE('',(#2590,#2593),#2542,.F.);
#2590 = FACE_BOUND('',#2591,.F.);
#2591 = EDGE_LOOP('',(#2592));
#2592 = ORIENTED_EDGE('',*,*,#2527,.T.);
#2593 = FACE_BOUND('',#2594,.F.);
#2594 = EDGE_LOOP('',(#2595));
#2595 = ORIENTED_EDGE('',*,*,#2596,.F.);
#2596 = EDGE_CURVE('',#2597,#2597,#2599,.T.);
#2597 = VERTEX_POINT('',#2598);
#2598 = CARTESIAN_POINT('',(4.9,-1.200153863164E-15,0.));
#2599 = SURFACE_CURVE('',#2600,(#2605,#2612),.PCURVE_S1.);
#2600 = CIRCLE('',#2601,4.9);
#2601 = AXIS2_PLACEMENT_3D('',#2602,#2603,#2604);
#2602 = CARTESIAN_POINT('',(0.,0.,0.));
#2603 = DIRECTION('',(0.,0.,1.));
#2604 = DIRECTION('',(1.,0.,-0.));
#2605 = PCURVE('',#2542,#2606);
#2606 = DEFINITIONAL_REPRESENTATION('',(#2607),#2611);
#2607 = CIRCLE('',#2608,4.9);
#2608 = AXIS2_PLACEMENT_2D('',#2609,#2610);
#2609 = CARTESIAN_POINT('',(0.,0.));
#2610 = DIRECTION('',(1.,0.));
#2611 = ( GEOMETRIC_REPRESENTATION_CONTEXT(2) 
PARAMETRIC_REPRESENTATION_CONTEXT() REPRESENTATION_CONTEXT('2D SPACE',''
  ) );
#2612 = PCURVE('',#2613,#2618);
#2613 = CYLINDRICAL_SURFACE('',#2614,4.9);
#2614 = AXIS2_PLACEMENT_3D('',#2615,#2616,#2617);
#2615 = CARTESIAN_POINT('',(0.,0.,-9.));
#2616 = DIRECTION('',(0.,0.,1.));
#2617 = DIRECTION('',(1.,0.,-0.));
#2618 = DEFINITIONAL_REPRESENTATION('',(#2619),#2623);
#2619 = LINE('',#2620,#2621);
#2620 = CARTESIAN_POINT('',(0.,9.));
#2621 = VECTOR('',#2622,1.);
#2622 = DIRECTION('',(1.,0.));
#2623 = ( GEOMETRIC_REPRESENTATION_CONTEXT(2) 
PARAMETRIC_REPRESENTATION_CONTEXT() REPRESENTATION_CONTEXT('2D SPACE',''
  ) );
#2624 = ADVANCED_FACE('',(#2625),#2578,.T.);
#2625 = FACE_BOUND('',#2626,.T.);
#2626 = EDGE_LOOP('',(#2627,#2650,#2677,#2678));
#2627 = ORIENTED_EDGE('',*,*,#2628,.T.);
#2628 = EDGE_CURVE('',#2562,#2629,#2631,.T.);
#2629 = VERTEX_POINT('',#2630);
#2630 = CARTESIAN_POINT('',(3.,-7.347880794884E-16,10.));
#2631 = SEAM_CURVE('',#2632,(#2636,#2643),.PCURVE_S1.);
#2632 = LINE('',#2633,#2634);
#2633 = CARTESIAN_POINT('',(3.,-7.347880794884E-16,2.5));
#2634 = VECTOR('',#2635,1.);
#2635 = DIRECTION('',(0.,0.,1.));
#2636 = PCURVE('',#2578,#2637);
#2637 = DEFINITIONAL_REPRESENTATION('',(#2638),#2642);
#2638 = LINE('',#2639,#2640);
#2639 = CARTESIAN_POINT('',(6.28318530718,-0.));
#2640 = VECTOR('',#2641,1.);
#2641 = DIRECTION('',(0.,1.));
#2642 = ( GEOMETRIC_REPRESENTATION_CONTEXT(2) 
PARAMETRIC_REPRESENTATION_CONTEXT() REPRESENTATION_CONTEXT('2D SPACE',''
  ) );
#2643 = PCURVE('',#2578,#2644);
#2644 = DEFINITIONAL_REPRESENTATION('',(#2645),#2649);
#2645 = LINE('',#2646,#2647);
#2646 = CARTESIAN_POINT('',(0.,-0.));
#2647 = VECTOR('',#2648,1.);
#2648 = DIRECTION('',(0.,1.));
#2649 = ( GEOMETRIC_REPRESENTATION_CONTEXT(2) 
PARAMETRIC_REPRESENTATION_CONTEXT() REPRESENTATION_CONTEXT('2D SPACE',''
  ) );
#2650 = ORIENTED_EDGE('',*,*,#2651,.F.);
#2651 = EDGE_CURVE('',#2629,#2629,#2652,.T.);
#2652 = SURFACE_CURVE('',#2653,(#2658,#2665),.PCURVE_S1.);
#2653 = CIRCLE('',#2654,3.);
#2654 = AXIS2_PLACEMENT_3D('',#2655,#2656,#2657);
#2655 = CARTESIAN_POINT('',(0.,0.,10.));
#2656 = DIRECTION('',(0.,0.,1.));
#2657 = DIRECTION('',(1.,0.,-0.));
#2658 = PCURVE('',#2578,#2659);
#2659 = DEFINITIONAL_REPRESENTATION('',(#2660),#2664);
#2660 = LINE('',#2661,#2662);
#2661 = CARTESIAN_POINT('',(0.,7.5));
#2662 = VECTOR('',#2663,1.);
#2663 = DIRECTION('',(1.,0.));
#2664 = ( GEOMETRIC_REPRESENTATION_CONTEXT(2) 
PARAMETRIC_REPRESENTATION_CONTEXT() REPRESENTATION_CONTEXT('2D SPACE',''
  ) );
#2665 = PCURVE('',#2666,#2671);
#2666 = PLANE('',#2667);
#2667 = AXIS2_PLACEMENT_3D('',#2668,#2669,#2670);
#2668 = CARTESIAN_POINT('',(0.,0.,10.));
#2669 = DIRECTION('',(0.,0.,1.));
#2670 = DIRECTION('',(1.,0.,-0.));
#2671 = DEFINITIONAL_REPRESENTATION('',(#2672),#2676);
#2672 = CIRCLE('',#2673,3.);
#2673 = AXIS2_PLACEMENT_2D('',#2674,#2675);
#2674 = CARTESIAN_POINT('',(0.,0.));
#2675 = DIRECTION('',(1.,0.));
#2676 = ( GEOMETRIC_REPRESENTATION_CONTEXT(2) 
PARAMETRIC_REPRESENTATION_CONTEXT() REPRESENTATION_CONTEXT('2D SPACE',''
  ) );
#2677 = ORIENTED_EDGE('',*,*,#2628,.F.);
#2678 = ORIENTED_EDGE('',*,*,#2561,.T.);
#2679 = ADVANCED_FACE('',(#2680),#2613,.T.);
#2680 = FACE_BOUND('',#2681,.T.);
#2681 = EDGE_LOOP('',(#2682,#2683,#2706,#2733));
#2682 = ORIENTED_EDGE('',*,*,#2596,.F.);
#2683 = ORIENTED_EDGE('',*,*,#2684,.F.);
#2684 = EDGE_CURVE('',#2685,#2597,#2687,.T.);
#2685 = VERTEX_POINT('',#2686);
#2686 = CARTESIAN_POINT('',(4.9,-1.200153863164E-15,-9.));
#2687 = SEAM_CURVE('',#2688,(#2692,#2699),.PCURVE_S1.);
#2688 = LINE('',#2689,#2690);
#2689 = CARTESIAN_POINT('',(4.9,-1.200153863164E-15,-9.));
#2690 = VECTOR('',#2691,1.);
#2691 = DIRECTION('',(0.,0.,1.));
#2692 = PCURVE('',#2613,#2693);
#2693 = DEFINITIONAL_REPRESENTATION('',(#2694),#2698);
#2694 = LINE('',#2695,#2696);
#2695 = CARTESIAN_POINT('',(6.28318530718,-0.));
#2696 = VECTOR('',#2697,1.);
#2697 = DIRECTION('',(0.,1.));
#2698 = ( GEOMETRIC_REPRESENTATION_CONTEXT(2) 
PARAMETRIC_REPRESENTATION_CONTEXT() REPRESENTATION_CONTEXT('2D SPACE',''
  ) );
#2699 = PCURVE('',#2613,#2700);
#2700 = DEFINITIONAL_REPRESENTATION('',(#2701),#2705);
#2701 = LINE('',#2702,#2703);
#2702 = CARTESIAN_POINT('',(0.,-0.));
#2703 = VECTOR('',#2704,1.);
#2704 = DIRECTION('',(0.,1.));
#2705 = ( GEOMETRIC_REPRESENTATION_CONTEXT(2) 
PARAMETRIC_REPRESENTATION_CONTEXT() REPRESENTATION_CONTEXT('2D SPACE',''
  ) );
#2706 = ORIENTED_EDGE('',*,*,#2707,.T.);
#2707 = EDGE_CURVE('',#2685,#2685,#2708,.T.);
#2708 = SURFACE_CURVE('',#2709,(#2714,#2721),.PCURVE_S1.);
#2709 = CIRCLE('',#2710,4.9);
#2710 = AXIS2_PLACEMENT_3D('',#2711,#2712,#2713);
#2711 = CARTESIAN_POINT('',(0.,0.,-9.));
#2712 = DIRECTION('',(0.,0.,1.));
#2713 = DIRECTION('',(1.,0.,-0.));
#2714 = PCURVE('',#2613,#2715);
#2715 = DEFINITIONAL_REPRESENTATION('',(#2716),#2720);
#2716 = LINE('',#2717,#2718);
#2717 = CARTESIAN_POINT('',(0.,0.));
#2718 = VECTOR('',#2719,1.);
#2719 = DIRECTION('',(1.,0.));
#2720 = ( GEOMETRIC_REPRESENTATION_CONTEXT(2) 
PARAMETRIC_REPRESENTATION_CONTEXT() REPRESENTATION_CONTEXT('2D SPACE',''
  ) );
#2721 = PCURVE('',#2722,#2727);
#2722 = PLANE('',#2723);
#2723 = AXIS2_PLACEMENT_3D('',#2724,#2725,#2726);
#2724 = CARTESIAN_POINT('',(0.,0.,-9.));
#2725 = DIRECTION('',(0.,0.,1.));
#2726 = DIRECTION('',(1.,0.,-0.));
#2727 = DEFINITIONAL_REPRESENTATION('',(#2728),#2732);
#2728 = CIRCLE('',#2729,4.9);
#2729 = AXIS2_PLACEMENT_2D('',#2730,#2731);
#2730 = CARTESIAN_POINT('',(0.,0.));
#2731 = DIRECTION('',(1.,0.));
#2732 = ( GEOMETRIC_REPRESENTATION_CONTEXT(2) 
PARAMETRIC_REPRESENTATION_CONTEXT() REPRESENTATION_CONTEXT('2D SPACE',''
  ) );
#2733 = ORIENTED_EDGE('',*,*,#2684,.T.);
#2734 = ADVANCED_FACE('',(#2735),#2666,.T.);
#2735 = FACE_BOUND('',#2736,.T.);
#2736 = EDGE_LOOP('',(#2737));
#2737 = ORIENTED_EDGE('',*,*,#2651,.T.);
#2738 = ADVANCED_FACE('',(#2739,#2742),#2722,.F.);
#2739 = FACE_BOUND('',#2740,.F.);
#2740 = EDGE_LOOP('',(#2741));
#2741 = ORIENTED_EDGE('',*,*,#2707,.T.);
#2742 = FACE_BOUND('',#2743,.F.);
#2743 = EDGE_LOOP('',(#2744));
#2744 = ORIENTED_EDGE('',*,*,#2745,.F.);
#2745 = EDGE_CURVE('',#2746,#2746,#2748,.T.);
#2746 = VERTEX_POINT('',#2747);
#2747 = CARTESIAN_POINT('',(3.9,-9.552245033349E-16,-9.));
#2748 = SURFACE_CURVE('',#2749,(#2754,#2761),.PCURVE_S1.);
#2749 = CIRCLE('',#2750,3.9);
#2750 = AXIS2_PLACEMENT_3D('',#2751,#2752,#2753);
#2751 = CARTESIAN_POINT('',(0.,0.,-9.));
#2752 = DIRECTION('',(0.,0.,1.));
#2753 = DIRECTION('',(1.,0.,-0.));
#2754 = PCURVE('',#2722,#2755);
#2755 = DEFINITIONAL_REPRESENTATION('',(#2756),#2760);
#2756 = CIRCLE('',#2757,3.9);
#2757 = AXIS2_PLACEMENT_2D('',#2758,#2759);
#2758 = CARTESIAN_POINT('',(0.,0.));
#2759 = DIRECTION('',(1.,0.));
#2760 = ( GEOMETRIC_REPRESENTATION_CONTEXT(2) 
PARAMETRIC_REPRESENTATION_CONTEXT() REPRESENTATION_CONTEXT('2D SPACE',''
  ) );
#2761 = PCURVE('',#2762,#2767);
#2762 = CYLINDRICAL_SURFACE('',#2763,3.9);
#2763 = AXIS2_PLACEMENT_3D('',#2764,#2765,#2766);
#2764 = CARTESIAN_POINT('',(0.,0.,-15.));
#2765 = DIRECTION('',(0.,0.,1.));
#2766 = DIRECTION('',(1.,0.,-0.));
#2767 = DEFINITIONAL_REPRESENTATION('',(#2768),#2772);
#2768 = LINE('',#2769,#2770);
#2769 = CARTESIAN_POINT('',(0.,6.));
#2770 = VECTOR('',#2771,1.);
#2771 = DIRECTION('',(1.,0.));
#2772 = ( GEOMETRIC_REPRESENTATION_CONTEXT(2) 
PARAMETRIC_REPRESENTATION_CONTEXT() REPRESENTATION_CONTEXT('2D SPACE',''
  ) );
#2773 = ADVANCED_FACE('',(#2774),#2762,.T.);
#2774 = FACE_BOUND('',#2775,.T.);
#2775 = EDGE_LOOP('',(#2776,#2777,#2800,#2827));
#2776 = ORIENTED_EDGE('',*,*,#2745,.F.);
#2777 = ORIENTED_EDGE('',*,*,#2778,.F.);
#2778 = EDGE_CURVE('',#2779,#2746,#2781,.T.);
#2779 = VERTEX_POINT('',#2780);
#2780 = CARTESIAN_POINT('',(3.9,-9.552245033349E-16,-15.));
#2781 = SEAM_CURVE('',#2782,(#2786,#2793),.PCURVE_S1.);
#2782 = LINE('',#2783,#2784);
#2783 = CARTESIAN_POINT('',(3.9,-9.552245033349E-16,-15.));
#2784 = VECTOR('',#2785,1.);
#2785 = DIRECTION('',(0.,0.,1.));
#2786 = PCURVE('',#2762,#2787);
#2787 = DEFINITIONAL_REPRESENTATION('',(#2788),#2792);
#2788 = LINE('',#2789,#2790);
#2789 = CARTESIAN_POINT('',(6.28318530718,-0.));
#2790 = VECTOR('',#2791,1.);
#2791 = DIRECTION('',(0.,1.));
#2792 = ( GEOMETRIC_REPRESENTATION_CONTEXT(2) 
PARAMETRIC_REPRESENTATION_CONTEXT() REPRESENTATION_CONTEXT('2D SPACE',''
  ) );
#2793 = PCURVE('',#2762,#2794);
#2794 = DEFINITIONAL_REPRESENTATION('',(#2795),#2799);
#2795 = LINE('',#2796,#2797);
#2796 = CARTESIAN_POINT('',(0.,-0.));
#2797 = VECTOR('',#2798,1.);
#2798 = DIRECTION('',(0.,1.));
#2799 = ( GEOMETRIC_REPRESENTATION_CONTEXT(2) 
PARAMETRIC_REPRESENTATION_CONTEXT() REPRESENTATION_CONTEXT('2D SPACE',''
  ) );
#2800 = ORIENTED_EDGE('',*,*,#2801,.T.);
#2801 = EDGE_CURVE('',#2779,#2779,#2802,.T.);
#2802 = SURFACE_CURVE('',#2803,(#2808,#2815),.PCURVE_S1.);
#2803 = CIRCLE('',#2804,3.9);
#2804 = AXIS2_PLACEMENT_3D('',#2805,#2806,#2807);
#2805 = CARTESIAN_POINT('',(0.,0.,-15.));
#2806 = DIRECTION('',(0.,0.,1.));
#2807 = DIRECTION('',(1.,0.,-0.));
#2808 = PCURVE('',#2762,#2809);
#2809 = DEFINITIONAL_REPRESENTATION('',(#2810),#2814);
#2810 = LINE('',#2811,#2812);
#2811 = CARTESIAN_POINT('',(0.,0.));
#2812 = VECTOR('',#2813,1.);
#2813 = DIRECTION('',(1.,0.));
#2814 = ( GEOMETRIC_REPRESENTATION_CONTEXT(2) 
PARAMETRIC_REPRESENTATION_CONTEXT() REPRESENTATION_CONTEXT('2D SPACE',''
  ) );
#2815 = PCURVE('',#2816,#2821);
#2816 = PLANE('',#2817);
#2817 = AXIS2_PLACEMENT_3D('',#2818,#2819,#2820);
#2818 = CARTESIAN_POINT('',(0.,0.,-15.));
#2819 = DIRECTION('',(0.,0.,1.));
#2820 = DIRECTION('',(1.,0.,-0.));
#2821 = DEFINITIONAL_REPRESENTATION('',(#2822),#2826);
#2822 = CIRCLE('',#2823,3.9);
#2823 = AXIS2_PLACEMENT_2D('',#2824,#2825);
#2824 = CARTESIAN_POINT('',(0.,0.));
#2825 = DIRECTION('',(1.,0.));
#2826 = ( GEOMETRIC_REPRESENTATION_CONTEXT(2) 
PARAMETRIC_REPRESENTATION_CONTEXT() REPRESENTATION_CONTEXT('2D SPACE',''
  ) );
#2827 = ORIENTED_EDGE('',*,*,#2778,.T.);
#2828 = ADVANCED_FACE('',(#2829),#2816,.F.);
#2829 = FACE_BOUND('',#2830,.T.);
#2830 = EDGE_LOOP('',(#2831));
#2831 = ORIENTED_EDGE('',*,*,#2801,.F.);
#2832 = ( GEOMETRIC_REPRESENTATION_CONTEXT(3) 
GLOBAL_UNCERTAINTY_ASSIGNED_CONTEXT((#2836)) 
GLOBAL_UNIT_ASSIGNED_CONTEXT((#2833,#2834,#2835)) REPRESENTATION_CONTEXT
('Context #1','3D Context with UNIT and UNCERTAINTY') );
#2833 = ( LENGTH_UNIT() NAMED_UNIT(*) SI_UNIT(.MILLI.,.METRE.) );
#2834 = ( NAMED_UNIT(*) PLANE_ANGLE_UNIT() SI_UNIT($,.RADIAN.) );
#2835 = ( NAMED_UNIT(*) SI_UNIT($,.STERADIAN.) SOLID_ANGLE_UNIT() );
#2836 = UNCERTAINTY_MEASURE_WITH_UNIT(LENGTH_MEASURE(1.E-07),#2833,
  'distance_accuracy_value','confusion accuracy');
#2837 = CONTEXT_DEPENDENT_SHAPE_REPRESENTATION(#2838,#2840);
#2838 = ( REPRESENTATION_RELATIONSHIP('','',#2463,#10) 
REPRESENTATION_RELATIONSHIP_WITH_TRANSFORMATION(#2839) 
SHAPE_REPRESENTATION_RELATIONSHIP() );
#2839 = ITEM_DEFINED_TRANSFORMATION('','',#11,#19);
#2840 = PRODUCT_DEFINITION_SHAPE('Placement','Placement of an item',
  #2841);
#2841 = NEXT_ASSEMBLY_USAGE_OCCURRENCE('2','electric_initiator','',#5,
  #2458,$);
#2842 = PRODUCT_RELATED_PRODUCT_CATEGORY('part',$,(#2460));
#2843 = SHAPE_DEFINITION_REPRESENTATION(#2844,#2850);
#2844 = PRODUCT_DEFINITION_SHAPE('','',#2845);
#2845 = PRODUCT_DEFINITION('design','',#2846,#2849);
#2846 = PRODUCT_DEFINITION_FORMATION('','',#2847);
#2847 = PRODUCT('o_ring_port_seal','o_ring_port_seal','',(#2848));
#2848 = PRODUCT_CONTEXT('',#2,'mechanical');
#2849 = PRODUCT_DEFINITION_CONTEXT('part definition',#2,'design');
#2850 = ADVANCED_BREP_SHAPE_REPRESENTATION('',(#11,#2851),#2909);
#2851 = MANIFOLD_SOLID_BREP('',#2852);
#2852 = CLOSED_SHELL('',(#2853));
#2853 = ADVANCED_FACE('',(#2854),#2867,.T.);
#2854 = FACE_BOUND('',#2855,.T.);
#2855 = EDGE_LOOP('',(#2856,#2885,#2907,#2908));
#2856 = ORIENTED_EDGE('',*,*,#2857,.F.);
#2857 = EDGE_CURVE('',#2858,#2858,#2860,.T.);
#2858 = VERTEX_POINT('',#2859);
#2859 = CARTESIAN_POINT('',(5.1,-1.24913973513E-15,-1.469576158977E-16)
  );
#2860 = SEAM_CURVE('',#2861,(#2866,#2878),.PCURVE_S1.);
#2861 = CIRCLE('',#2862,5.1);
#2862 = AXIS2_PLACEMENT_3D('',#2863,#2864,#2865);
#2863 = CARTESIAN_POINT('',(0.,0.,-1.469576158977E-16));
#2864 = DIRECTION('',(0.,0.,1.));
#2865 = DIRECTION('',(1.,0.,-0.));
#2866 = PCURVE('',#2867,#2872);
#2867 = TOROIDAL_SURFACE('',#2868,4.5,0.6);
#2868 = AXIS2_PLACEMENT_3D('',#2869,#2870,#2871);
#2869 = CARTESIAN_POINT('',(0.,0.,0.));
#2870 = DIRECTION('',(0.,0.,1.));
#2871 = DIRECTION('',(1.,0.,-0.));
#2872 = DEFINITIONAL_REPRESENTATION('',(#2873),#2877);
#2873 = LINE('',#2874,#2875);
#2874 = CARTESIAN_POINT('',(0.,6.28318530718));
#2875 = VECTOR('',#2876,1.);
#2876 = DIRECTION('',(1.,0.));
#2877 = ( GEOMETRIC_REPRESENTATION_CONTEXT(2) 
PARAMETRIC_REPRESENTATION_CONTEXT() REPRESENTATION_CONTEXT('2D SPACE',''
  ) );
#2878 = PCURVE('',#2867,#2879);
#2879 = DEFINITIONAL_REPRESENTATION('',(#2880),#2884);
#2880 = LINE('',#2881,#2882);
#2881 = CARTESIAN_POINT('',(0.,0.));
#2882 = VECTOR('',#2883,1.);
#2883 = DIRECTION('',(1.,0.));
#2884 = ( GEOMETRIC_REPRESENTATION_CONTEXT(2) 
PARAMETRIC_REPRESENTATION_CONTEXT() REPRESENTATION_CONTEXT('2D SPACE',''
  ) );
#2885 = ORIENTED_EDGE('',*,*,#2886,.F.);
#2886 = EDGE_CURVE('',#2858,#2858,#2887,.T.);
#2887 = SEAM_CURVE('',#2888,(#2893,#2900),.PCURVE_S1.);
#2888 = CIRCLE('',#2889,0.6);
#2889 = AXIS2_PLACEMENT_3D('',#2890,#2891,#2892);
#2890 = CARTESIAN_POINT('',(4.5,-1.102182119233E-15,0.));
#2891 = DIRECTION('',(-2.449293598295E-16,-1.,0.));
#2892 = DIRECTION('',(1.,-2.449293598295E-16,0.));
#2893 = PCURVE('',#2867,#2894);
#2894 = DEFINITIONAL_REPRESENTATION('',(#2895),#2899);
#2895 = LINE('',#2896,#2897);
#2896 = CARTESIAN_POINT('',(6.28318530718,-0.));
#2897 = VECTOR('',#2898,1.);
#2898 = DIRECTION('',(0.,1.));
#2899 = ( GEOMETRIC_REPRESENTATION_CONTEXT(2) 
PARAMETRIC_REPRESENTATION_CONTEXT() REPRESENTATION_CONTEXT('2D SPACE',''
  ) );
#2900 = PCURVE('',#2867,#2901);
#2901 = DEFINITIONAL_REPRESENTATION('',(#2902),#2906);
#2902 = LINE('',#2903,#2904);
#2903 = CARTESIAN_POINT('',(0.,-0.));
#2904 = VECTOR('',#2905,1.);
#2905 = DIRECTION('',(0.,1.));
#2906 = ( GEOMETRIC_REPRESENTATION_CONTEXT(2) 
PARAMETRIC_REPRESENTATION_CONTEXT() REPRESENTATION_CONTEXT('2D SPACE',''
  ) );
#2907 = ORIENTED_EDGE('',*,*,#2857,.T.);
#2908 = ORIENTED_EDGE('',*,*,#2886,.T.);
#2909 = ( GEOMETRIC_REPRESENTATION_CONTEXT(3) 
GLOBAL_UNCERTAINTY_ASSIGNED_CONTEXT((#2913)) 
GLOBAL_UNIT_ASSIGNED_CONTEXT((#2910,#2911,#2912)) REPRESENTATION_CONTEXT
('Context #1','3D Context with UNIT and UNCERTAINTY') );
#2910 = ( LENGTH_UNIT() NAMED_UNIT(*) SI_UNIT(.MILLI.,.METRE.) );
#2911 = ( NAMED_UNIT(*) PLANE_ANGLE_UNIT() SI_UNIT($,.RADIAN.) );
#2912 = ( NAMED_UNIT(*) SI_UNIT($,.STERADIAN.) SOLID_ANGLE_UNIT() );
#2913 = UNCERTAINTY_MEASURE_WITH_UNIT(LENGTH_MEASURE(1.E-07),#2910,
  'distance_accuracy_value','confusion accuracy');
#2914 = CONTEXT_DEPENDENT_SHAPE_REPRESENTATION(#2915,#2917);
#2915 = ( REPRESENTATION_RELATIONSHIP('','',#2850,#10) 
REPRESENTATION_RELATIONSHIP_WITH_TRANSFORMATION(#2916) 
SHAPE_REPRESENTATION_RELATIONSHIP() );
#2916 = ITEM_DEFINED_TRANSFORMATION('','',#11,#23);
#2917 = PRODUCT_DEFINITION_SHAPE('Placement','Placement of an item',
  #2918);
#2918 = NEXT_ASSEMBLY_USAGE_OCCURRENCE('3','o_ring_port_seal','',#5,
  #2845,$);
#2919 = PRODUCT_RELATED_PRODUCT_CATEGORY('part',$,(#2847));
#2920 = SHAPE_DEFINITION_REPRESENTATION(#2921,#2927);
#2921 = PRODUCT_DEFINITION_SHAPE('','',#2922);
#2922 = PRODUCT_DEFINITION('design','',#2923,#2926);
#2923 = PRODUCT_DEFINITION_FORMATION('','',#2924);
#2924 = PRODUCT('o_ring_face_seal','o_ring_face_seal','',(#2925));
#2925 = PRODUCT_CONTEXT('',#2,'mechanical');
#2926 = PRODUCT_DEFINITION_CONTEXT('part definition',#2,'design');
#2927 = ADVANCED_BREP_SHAPE_REPRESENTATION('',(#11,#2928),#2986);
#2928 = MANIFOLD_SOLID_BREP('',#2929);
#2929 = CLOSED_SHELL('',(#2930));
#2930 = ADVANCED_FACE('',(#2931),#2944,.T.);
#2931 = FACE_BOUND('',#2932,.T.);
#2932 = EDGE_LOOP('',(#2933,#2962,#2984,#2985));
#2933 = ORIENTED_EDGE('',*,*,#2934,.F.);
#2934 = EDGE_CURVE('',#2935,#2935,#2937,.T.);
#2935 = VERTEX_POINT('',#2936);
#2936 = CARTESIAN_POINT('',(13.725,-3.361655463659E-15,
    -1.775737858764E-16));
#2937 = SEAM_CURVE('',#2938,(#2943,#2955),.PCURVE_S1.);
#2938 = CIRCLE('',#2939,13.725);
#2939 = AXIS2_PLACEMENT_3D('',#2940,#2941,#2942);
#2940 = CARTESIAN_POINT('',(0.,0.,-1.775737858764E-16));
#2941 = DIRECTION('',(0.,0.,1.));
#2942 = DIRECTION('',(1.,0.,-0.));
#2943 = PCURVE('',#2944,#2949);
#2944 = TOROIDAL_SURFACE('',#2945,13.,0.725);
#2945 = AXIS2_PLACEMENT_3D('',#2946,#2947,#2948);
#2946 = CARTESIAN_POINT('',(0.,0.,0.));
#2947 = DIRECTION('',(0.,0.,1.));
#2948 = DIRECTION('',(1.,0.,-0.));
#2949 = DEFINITIONAL_REPRESENTATION('',(#2950),#2954);
#2950 = LINE('',#2951,#2952);
#2951 = CARTESIAN_POINT('',(0.,6.28318530718));
#2952 = VECTOR('',#2953,1.);
#2953 = DIRECTION('',(1.,0.));
#2954 = ( GEOMETRIC_REPRESENTATION_CONTEXT(2) 
PARAMETRIC_REPRESENTATION_CONTEXT() REPRESENTATION_CONTEXT('2D SPACE',''
  ) );
#2955 = PCURVE('',#2944,#2956);
#2956 = DEFINITIONAL_REPRESENTATION('',(#2957),#2961);
#2957 = LINE('',#2958,#2959);
#2958 = CARTESIAN_POINT('',(0.,0.));
#2959 = VECTOR('',#2960,1.);
#2960 = DIRECTION('',(1.,0.));
#2961 = ( GEOMETRIC_REPRESENTATION_CONTEXT(2) 
PARAMETRIC_REPRESENTATION_CONTEXT() REPRESENTATION_CONTEXT('2D SPACE',''
  ) );
#2962 = ORIENTED_EDGE('',*,*,#2963,.F.);
#2963 = EDGE_CURVE('',#2935,#2935,#2964,.T.);
#2964 = SEAM_CURVE('',#2965,(#2970,#2977),.PCURVE_S1.);
#2965 = CIRCLE('',#2966,0.725);
#2966 = AXIS2_PLACEMENT_3D('',#2967,#2968,#2969);
#2967 = CARTESIAN_POINT('',(13.,-3.184081677783E-15,0.));
#2968 = DIRECTION('',(-2.449293598295E-16,-1.,0.));
#2969 = DIRECTION('',(1.,-2.449293598295E-16,0.));
#2970 = PCURVE('',#2944,#2971);
#2971 = DEFINITIONAL_REPRESENTATION('',(#2972),#2976);
#2972 = LINE('',#2973,#2974);
#2973 = CARTESIAN_POINT('',(6.28318530718,-0.));
#2974 = VECTOR('',#2975,1.);
#2975 = DIRECTION('',(0.,1.));
#2976 = ( GEOMETRIC_REPRESENTATION_CONTEXT(2) 
PARAMETRIC_REPRESENTATION_CONTEXT() REPRESENTATION_CONTEXT('2D SPACE',''
  ) );
#2977 = PCURVE('',#2944,#2978);
#2978 = DEFINITIONAL_REPRESENTATION('',(#2979),#2983);
#2979 = LINE('',#2980,#2981);
#2980 = CARTESIAN_POINT('',(0.,-0.));
#2981 = VECTOR('',#2982,1.);
#2982 = DIRECTION('',(0.,1.));
#2983 = ( GEOMETRIC_REPRESENTATION_CONTEXT(2) 
PARAMETRIC_REPRESENTATION_CONTEXT() REPRESENTATION_CONTEXT('2D SPACE',''
  ) );
#2984 = ORIENTED_EDGE('',*,*,#2934,.T.);
#2985 = ORIENTED_EDGE('',*,*,#2963,.T.);
#2986 = ( GEOMETRIC_REPRESENTATION_CONTEXT(3) 
GLOBAL_UNCERTAINTY_ASSIGNED_CONTEXT((#2990)) 
GLOBAL_UNIT_ASSIGNED_CONTEXT((#2987,#2988,#2989)) REPRESENTATION_CONTEXT
('Context #1','3D Context with UNIT and UNCERTAINTY') );
#2987 = ( LENGTH_UNIT() NAMED_UNIT(*) SI_UNIT(.MILLI.,.METRE.) );
#2988 = ( NAMED_UNIT(*) PLANE_ANGLE_UNIT() SI_UNIT($,.RADIAN.) );
#2989 = ( NAMED_UNIT(*) SI_UNIT($,.STERADIAN.) SOLID_ANGLE_UNIT() );
#2990 = UNCERTAINTY_MEASURE_WITH_UNIT(LENGTH_MEASURE(1.E-07),#2987,
  'distance_accuracy_value','confusion accuracy');
#2991 = CONTEXT_DEPENDENT_SHAPE_REPRESENTATION(#2992,#2994);
#2992 = ( REPRESENTATION_RELATIONSHIP('','',#2927,#10) 
REPRESENTATION_RELATIONSHIP_WITH_TRANSFORMATION(#2993) 
SHAPE_REPRESENTATION_RELATIONSHIP() );
#2993 = ITEM_DEFINED_TRANSFORMATION('','',#11,#27);
#2994 = PRODUCT_DEFINITION_SHAPE('Placement','Placement of an item',
  #2995);
#2995 = NEXT_ASSEMBLY_USAGE_OCCURRENCE('4','o_ring_face_seal','',#5,
  #2922,$);
#2996 = PRODUCT_RELATED_PRODUCT_CATEGORY('part',$,(#2924));
#2997 = SHAPE_DEFINITION_REPRESENTATION(#2453,#2998);
#2998 = SHAPE_REPRESENTATION('',(#15),#2445);
#2999 = SHAPE_DEFINITION_REPRESENTATION(#2840,#3000);
#3000 = SHAPE_REPRESENTATION('',(#19),#2832);
#3001 = SHAPE_DEFINITION_REPRESENTATION(#2917,#3002);
#3002 = SHAPE_REPRESENTATION('',(#23),#2909);
#3003 = SHAPE_DEFINITION_REPRESENTATION(#2994,#3004);
#3004 = SHAPE_REPRESENTATION('',(#27),#2986);
#3005 = SHAPE_DEFINITION_REPRESENTATION(#2453,#3006);
#3006 = SHAPE_REPRESENTATION('',(#15),#2445);
#3007 = SHAPE_DEFINITION_REPRESENTATION(#2840,#3008);
#3008 = SHAPE_REPRESENTATION('',(#19),#2832);
#3009 = SHAPE_DEFINITION_REPRESENTATION(#2917,#3010);
#3010 = SHAPE_REPRESENTATION('',(#23),#2909);
#3011 = SHAPE_DEFINITION_REPRESENTATION(#2994,#3012);
#3012 = SHAPE_REPRESENTATION('',(#27),#2986);
#3013 = MECHANICAL_DESIGN_GEOMETRIC_PRESENTATION_REPRESENTATION('',(
    #3014,#3022),#2445);
#3014 = STYLED_ITEM('color',(#3015),#45);
#3015 = PRESENTATION_STYLE_ASSIGNMENT((#3016));
#3016 = SURFACE_STYLE_USAGE(.BOTH.,#3017);
#3017 = SURFACE_SIDE_STYLE('',(#3018));
#3018 = SURFACE_STYLE_FILL_AREA(#3019);
#3019 = FILL_AREA_STYLE('',(#3020));
#3020 = FILL_AREA_STYLE_COLOUR('',#3021);
#3021 = COLOUR_RGB('',6.662593789591E-02,8.437621030317E-02,
  0.111932426241);
#3022 = OVER_RIDING_STYLED_ITEM('overriding color',(#3023),#45,#3014);
#3023 = PRESENTATION_STYLE_BY_CONTEXT((#3024),#3006);
#3024 = SURFACE_STYLE_USAGE(.BOTH.,#3025);
#3025 = SURFACE_SIDE_STYLE('',(#3026));
#3026 = SURFACE_STYLE_FILL_AREA(#3027);
#3027 = FILL_AREA_STYLE('',(#3028));
#3028 = FILL_AREA_STYLE_COLOUR('',#3029);
#3029 = COLOUR_RGB('',6.662593789591E-02,8.437621030317E-02,
  0.111932426241);
#3030 = MECHANICAL_DESIGN_GEOMETRIC_PRESENTATION_REPRESENTATION('',(
    #3031),#2909);
#3031 = STYLED_ITEM('color',(#3032),#2851);
#3032 = PRESENTATION_STYLE_ASSIGNMENT((#3033));
#3033 = SURFACE_STYLE_USAGE(.BOTH.,#3034);
#3034 = SURFACE_SIDE_STYLE('',(#3035));
#3035 = SURFACE_STYLE_FILL_AREA(#3036);
#3036 = FILL_AREA_STYLE('',(#3037));
#3037 = FILL_AREA_STYLE_COLOUR('',#3038);
#3038 = COLOUR_RGB('',1.680737544782E-02,1.938236158341E-02,
  2.415763295256E-02);
#3039 = MECHANICAL_DESIGN_GEOMETRIC_PRESENTATION_REPRESENTATION('',(
    #3040,#3048),#2832);
#3040 = STYLED_ITEM('color',(#3041),#2464);
#3041 = PRESENTATION_STYLE_ASSIGNMENT((#3042));
#3042 = SURFACE_STYLE_USAGE(.BOTH.,#3043);
#3043 = SURFACE_SIDE_STYLE('',(#3044));
#3044 = SURFACE_STYLE_FILL_AREA(#3045);
#3045 = FILL_AREA_STYLE('',(#3046));
#3046 = FILL_AREA_STYLE_COLOUR('',#3047);
#3047 = COLOUR_RGB('',0.304987310431,0.337163608622,0.381326008952);
#3048 = OVER_RIDING_STYLED_ITEM('overriding color',(#3049),#2464,#3040);
#3049 = PRESENTATION_STYLE_BY_CONTEXT((#3050),#3008);
#3050 = SURFACE_STYLE_USAGE(.BOTH.,#3051);
#3051 = SURFACE_SIDE_STYLE('',(#3052));
#3052 = SURFACE_STYLE_FILL_AREA(#3053);
#3053 = FILL_AREA_STYLE('',(#3054));
#3054 = FILL_AREA_STYLE_COLOUR('',#3055);
#3055 = COLOUR_RGB('',0.304987310431,0.337163608622,0.381326008952);
#3056 = MECHANICAL_DESIGN_GEOMETRIC_PRESENTATION_REPRESENTATION('',(
    #3057),#2986);
#3057 = STYLED_ITEM('color',(#3058),#2928);
#3058 = PRESENTATION_STYLE_ASSIGNMENT((#3059));
#3059 = SURFACE_STYLE_USAGE(.BOTH.,#3060);
#3060 = SURFACE_SIDE_STYLE('',(#3061));
#3061 = SURFACE_STYLE_FILL_AREA(#3062);
#3062 = FILL_AREA_STYLE('',(#3063));
#3063 = FILL_AREA_STYLE_COLOUR('',#3038);

#3064=DESCRIPTIVE_REPRESENTATION_ITEM('cadgen:generator','cadgen');
#3065=REPRESENTATION('cadgen:generator',(#3064),#31);
#3066=PROPERTY_DEFINITION('cadgen metadata','cadgen:generator',#5);
#3067=PROPERTY_DEFINITION_REPRESENTATION(#3066,#3065);
#3068=DESCRIPTIVE_REPRESENTATION_ITEM('cadgen:entryKind','assembly');
#3069=REPRESENTATION('cadgen:entryKind',(#3068),#31);
#3070=PROPERTY_DEFINITION('cadgen metadata','cadgen:entryKind',#5);
#3071=PROPERTY_DEFINITION_REPRESENTATION(#3070,#3069);
#3072=DESCRIPTIVE_REPRESENTATION_ITEM('cadgen:sourcePath','separation_bolt_unit.step.py');
#3073=REPRESENTATION('cadgen:sourcePath',(#3072),#31);
#3074=PROPERTY_DEFINITION('cadgen metadata','cadgen:sourcePath',#5);
#3075=PROPERTY_DEFINITION_REPRESENTATION(#3074,#3073);
#3076=DESCRIPTIVE_REPRESENTATION_ITEM('cadgen:sourceHash','c911083475e460cda839237f8ef79cbd3290a8789b0bfcc61115fa97dda011df');
#3077=REPRESENTATION('cadgen:sourceHash',(#3076),#31);
#3078=PROPERTY_DEFINITION('cadgen metadata','cadgen:sourceHash',#5);
#3079=PROPERTY_DEFINITION_REPRESENTATION(#3078,#3077);
ENDSEC;
END-ISO-10303-21;
