ISO-10303-21;
HEADER;
FILE_DESCRIPTION(('Open CASCADE Model'),'2;1');
FILE_NAME('Open CASCADE Shape Model','2026-09-21T23:53:22',('Author'),(
    'Open CASCADE'),'Open CASCADE STEP processor 7.9','Open CASCADE 7.9'
  ,'Unknown');
FILE_SCHEMA(('AUTOMOTIVE_DESIGN { 1 0 10303 214 1 1 1 1 }'));
ENDSEC;
DATA;
#1 = APPLICATION_PROTOCOL_DEFINITION('international standard',
  'automotive_design',2000,#2);
#2 = APPLICATION_CONTEXT(
  'core data for automotive mechanical design processes');
#3 = SHAPE_DEFINITION_REPRESENTATION(#4,#10);
#4 = PRODUCT_DEFINITION_SHAPE('','',#5);
#5 = PRODUCT_DEFINITION('design','',#6,#9);
#6 = PRODUCT_DEFINITION_FORMATION('','',#7);
#7 = PRODUCT('base','base','',(#8));
#8 = PRODUCT_CONTEXT('',#2,'mechanical');
#9 = PRODUCT_DEFINITION_CONTEXT('part definition',#2,'design');
#10 = SHAPE_REPRESENTATION('',(#11,#15,#8271,#8685,#9099,#9513),#9927);
#11 = AXIS2_PLACEMENT_3D('',#12,#13,#14);
#12 = CARTESIAN_POINT('',(0.,0.,0.));
#13 = DIRECTION('',(0.,0.,1.));
#14 = DIRECTION('',(1.,0.,-0.));
#15 = MANIFOLD_SOLID_BREP('',#16);
#16 = CLOSED_SHELL('',(#17,#305,#572,#676,#725,#1619,#2478,#2634,#2715,
    #2792,#2982,#3013,#3130,#3183,#3209,#3235,#3261,#3316,#3344,#3350,
    #3453,#3459,#3557,#3563,#3661,#3667,#3765,#3771,#3869,#3875,#3973,
    #3979,#4011,#4039,#4110,#4260,#4309,#4336,#4386,#4436,#4812,#4837,
    #4862,#4894,#6557,#6582,#6589,#6614,#6640,#6671,#6697,#6725,#6731,
    #6779,#6856,#6905,#6981,#7031,#7059,#7063,#7479,#7510,#7538,#7544,
    #7622,#7671,#7722,#7823,#7829,#7886,#7943,#8000,#8057,#8114,#8141,
    #8169,#8175,#8181,#8236,#8243,#8247,#8251,#8255,#8259,#8263,#8267));
#17 = ADVANCED_FACE('',(#18),#32,.F.);
#18 = FACE_BOUND('',#19,.F.);
#19 = EDGE_LOOP('',(#20,#55,#83,#111,#139,#167,#196,#222,#251,#279));
#20 = ORIENTED_EDGE('',*,*,#21,.F.);
#21 = EDGE_CURVE('',#22,#24,#26,.T.);
#22 = VERTEX_POINT('',#23);
#23 = CARTESIAN_POINT('',(-220.,-170.,-220.));
#24 = VERTEX_POINT('',#25);
#25 = CARTESIAN_POINT('',(-220.,-170.,-160.));
#26 = SURFACE_CURVE('',#27,(#31,#43),.PCURVE_S1.);
#27 = LINE('',#28,#29);
#28 = CARTESIAN_POINT('',(-220.,-170.,-220.));
#29 = VECTOR('',#30,1.);
#30 = DIRECTION('',(0.,0.,1.));
#31 = PCURVE('',#32,#37);
#32 = PLANE('',#33);
#33 = AXIS2_PLACEMENT_3D('',#34,#35,#36);
#34 = CARTESIAN_POINT('',(-220.,-170.,-220.));
#35 = DIRECTION('',(1.,0.,-0.));
#36 = DIRECTION('',(0.,0.,1.));
#37 = DEFINITIONAL_REPRESENTATION('',(#38),#42);
#38 = LINE('',#39,#40);
#39 = CARTESIAN_POINT('',(0.,0.));
#40 = VECTOR('',#41,1.);
#41 = DIRECTION('',(1.,0.));
#42 = ( GEOMETRIC_REPRESENTATION_CONTEXT(2) 
PARAMETRIC_REPRESENTATION_CONTEXT() REPRESENTATION_CONTEXT('2D SPACE',''
  ) );
#43 = PCURVE('',#44,#49);
#44 = PLANE('',#45);
#45 = AXIS2_PLACEMENT_3D('',#46,#47,#48);
#46 = CARTESIAN_POINT('',(-220.,-170.,-220.));
#47 = DIRECTION('',(-0.,1.,0.));
#48 = DIRECTION('',(0.,0.,1.));
#49 = DEFINITIONAL_REPRESENTATION('',(#50),#54);
#50 = LINE('',#51,#52);
#51 = CARTESIAN_POINT('',(0.,0.));
#52 = VECTOR('',#53,1.);
#53 = DIRECTION('',(1.,0.));
#54 = ( GEOMETRIC_REPRESENTATION_CONTEXT(2) 
PARAMETRIC_REPRESENTATION_CONTEXT() REPRESENTATION_CONTEXT('2D SPACE',''
  ) );
#55 = ORIENTED_EDGE('',*,*,#56,.T.);
#56 = EDGE_CURVE('',#22,#57,#59,.T.);
#57 = VERTEX_POINT('',#58);
#58 = CARTESIAN_POINT('',(-220.,170.,-220.));
#59 = SURFACE_CURVE('',#60,(#64,#71),.PCURVE_S1.);
#60 = LINE('',#61,#62);
#61 = CARTESIAN_POINT('',(-220.,-170.,-220.));
#62 = VECTOR('',#63,1.);
#63 = DIRECTION('',(-0.,1.,0.));
#64 = PCURVE('',#32,#65);
#65 = DEFINITIONAL_REPRESENTATION('',(#66),#70);
#66 = LINE('',#67,#68);
#67 = CARTESIAN_POINT('',(0.,0.));
#68 = VECTOR('',#69,1.);
#69 = DIRECTION('',(0.,-1.));
#70 = ( GEOMETRIC_REPRESENTATION_CONTEXT(2) 
PARAMETRIC_REPRESENTATION_CONTEXT() REPRESENTATION_CONTEXT('2D SPACE',''
  ) );
#71 = PCURVE('',#72,#77);
#72 = PLANE('',#73);
#73 = AXIS2_PLACEMENT_3D('',#74,#75,#76);
#74 = CARTESIAN_POINT('',(-220.,-170.,-220.));
#75 = DIRECTION('',(0.,0.,1.));
#76 = DIRECTION('',(1.,0.,-0.));
#77 = DEFINITIONAL_REPRESENTATION('',(#78),#82);
#78 = LINE('',#79,#80);
#79 = CARTESIAN_POINT('',(0.,0.));
#80 = VECTOR('',#81,1.);
#81 = DIRECTION('',(0.,1.));
#82 = ( GEOMETRIC_REPRESENTATION_CONTEXT(2) 
PARAMETRIC_REPRESENTATION_CONTEXT() REPRESENTATION_CONTEXT('2D SPACE',''
  ) );
#83 = ORIENTED_EDGE('',*,*,#84,.T.);
#84 = EDGE_CURVE('',#57,#85,#87,.T.);
#85 = VERTEX_POINT('',#86);
#86 = CARTESIAN_POINT('',(-220.,170.,-160.));
#87 = SURFACE_CURVE('',#88,(#92,#99),.PCURVE_S1.);
#88 = LINE('',#89,#90);
#89 = CARTESIAN_POINT('',(-220.,170.,-220.));
#90 = VECTOR('',#91,1.);
#91 = DIRECTION('',(0.,0.,1.));
#92 = PCURVE('',#32,#93);
#93 = DEFINITIONAL_REPRESENTATION('',(#94),#98);
#94 = LINE('',#95,#96);
#95 = CARTESIAN_POINT('',(0.,-340.));
#96 = VECTOR('',#97,1.);
#97 = DIRECTION('',(1.,0.));
#98 = ( GEOMETRIC_REPRESENTATION_CONTEXT(2) 
PARAMETRIC_REPRESENTATION_CONTEXT() REPRESENTATION_CONTEXT('2D SPACE',''
  ) );
#99 = PCURVE('',#100,#105);
#100 = PLANE('',#101);
#101 = AXIS2_PLACEMENT_3D('',#102,#103,#104);
#102 = CARTESIAN_POINT('',(-220.,170.,-220.));
#103 = DIRECTION('',(-0.,1.,0.));
#104 = DIRECTION('',(0.,0.,1.));
#105 = DEFINITIONAL_REPRESENTATION('',(#106),#110);
#106 = LINE('',#107,#108);
#107 = CARTESIAN_POINT('',(0.,0.));
#108 = VECTOR('',#109,1.);
#109 = DIRECTION('',(1.,0.));
#110 = ( GEOMETRIC_REPRESENTATION_CONTEXT(2) 
PARAMETRIC_REPRESENTATION_CONTEXT() REPRESENTATION_CONTEXT('2D SPACE',''
  ) );
#111 = ORIENTED_EDGE('',*,*,#112,.F.);
#112 = EDGE_CURVE('',#113,#85,#115,.T.);
#113 = VERTEX_POINT('',#114);
#114 = CARTESIAN_POINT('',(-220.,65.,-160.));
#115 = SURFACE_CURVE('',#116,(#120,#127),.PCURVE_S1.);
#116 = LINE('',#117,#118);
#117 = CARTESIAN_POINT('',(-220.,65.,-160.));
#118 = VECTOR('',#119,1.);
#119 = DIRECTION('',(0.,1.,0.));
#120 = PCURVE('',#32,#121);
#121 = DEFINITIONAL_REPRESENTATION('',(#122),#126);
#122 = LINE('',#123,#124);
#123 = CARTESIAN_POINT('',(60.,-235.));
#124 = VECTOR('',#125,1.);
#125 = DIRECTION('',(0.,-1.));
#126 = ( GEOMETRIC_REPRESENTATION_CONTEXT(2) 
PARAMETRIC_REPRESENTATION_CONTEXT() REPRESENTATION_CONTEXT('2D SPACE',''
  ) );
#127 = PCURVE('',#128,#133);
#128 = PLANE('',#129);
#129 = AXIS2_PLACEMENT_3D('',#130,#131,#132);
#130 = CARTESIAN_POINT('',(-220.,65.,-160.));
#131 = DIRECTION('',(0.,0.,-1.));
#132 = DIRECTION('',(0.,1.,0.));
#133 = DEFINITIONAL_REPRESENTATION('',(#134),#138);
#134 = LINE('',#135,#136);
#135 = CARTESIAN_POINT('',(0.,0.));
#136 = VECTOR('',#137,1.);
#137 = DIRECTION('',(1.,0.));
#138 = ( GEOMETRIC_REPRESENTATION_CONTEXT(2) 
PARAMETRIC_REPRESENTATION_CONTEXT() REPRESENTATION_CONTEXT('2D SPACE',''
  ) );
#139 = ORIENTED_EDGE('',*,*,#140,.F.);
#140 = EDGE_CURVE('',#141,#113,#143,.T.);
#141 = VERTEX_POINT('',#142);
#142 = CARTESIAN_POINT('',(-220.,125.,-90.));
#143 = SURFACE_CURVE('',#144,(#148,#155),.PCURVE_S1.);
#144 = LINE('',#145,#146);
#145 = CARTESIAN_POINT('',(-220.,125.,-90.));
#146 = VECTOR('',#147,1.);
#147 = DIRECTION('',(0.,-0.650791373456,-0.759256602365));
#148 = PCURVE('',#32,#149);
#149 = DEFINITIONAL_REPRESENTATION('',(#150),#154);
#150 = LINE('',#151,#152);
#151 = CARTESIAN_POINT('',(130.,-295.));
#152 = VECTOR('',#153,1.);
#153 = DIRECTION('',(-0.759256602365,0.650791373456));
#154 = ( GEOMETRIC_REPRESENTATION_CONTEXT(2) 
PARAMETRIC_REPRESENTATION_CONTEXT() REPRESENTATION_CONTEXT('2D SPACE',''
  ) );
#155 = PCURVE('',#156,#161);
#156 = PLANE('',#157);
#157 = AXIS2_PLACEMENT_3D('',#158,#159,#160);
#158 = CARTESIAN_POINT('',(-220.,125.,-90.));
#159 = DIRECTION('',(0.,-0.759256602365,0.650791373456));
#160 = DIRECTION('',(0.,-0.650791373456,-0.759256602365));
#161 = DEFINITIONAL_REPRESENTATION('',(#162),#166);
#162 = LINE('',#163,#164);
#163 = CARTESIAN_POINT('',(0.,0.));
#164 = VECTOR('',#165,1.);
#165 = DIRECTION('',(1.,0.));
#166 = ( GEOMETRIC_REPRESENTATION_CONTEXT(2) 
PARAMETRIC_REPRESENTATION_CONTEXT() REPRESENTATION_CONTEXT('2D SPACE',''
  ) );
#167 = ORIENTED_EDGE('',*,*,#168,.F.);
#168 = EDGE_CURVE('',#169,#141,#171,.T.);
#169 = VERTEX_POINT('',#170);
#170 = CARTESIAN_POINT('',(-220.,38.837363085848,-26.));
#171 = SURFACE_CURVE('',#172,(#177,#184),.PCURVE_S1.);
#172 = CIRCLE('',#173,90.);
#173 = AXIS2_PLACEMENT_3D('',#174,#175,#176);
#174 = CARTESIAN_POINT('',(-220.,125.,-4.884981308351E-14));
#175 = DIRECTION('',(1.,0.,2.22044604925E-16));
#176 = DIRECTION('',(2.22044604925E-16,0.,-1.));
#177 = PCURVE('',#32,#178);
#178 = DEFINITIONAL_REPRESENTATION('',(#179),#183);
#179 = CIRCLE('',#180,90.);
#180 = AXIS2_PLACEMENT_2D('',#181,#182);
#181 = CARTESIAN_POINT('',(220.,-295.));
#182 = DIRECTION('',(-1.,0.));
#183 = ( GEOMETRIC_REPRESENTATION_CONTEXT(2) 
PARAMETRIC_REPRESENTATION_CONTEXT() REPRESENTATION_CONTEXT('2D SPACE',''
  ) );
#184 = PCURVE('',#185,#190);
#185 = CYLINDRICAL_SURFACE('',#186,90.);
#186 = AXIS2_PLACEMENT_3D('',#187,#188,#189);
#187 = CARTESIAN_POINT('',(-238.,125.,-5.284661597216E-14));
#188 = DIRECTION('',(1.,0.,2.22044604925E-16));
#189 = DIRECTION('',(2.22044604925E-16,0.,-1.));
#190 = DEFINITIONAL_REPRESENTATION('',(#191),#195);
#191 = LINE('',#192,#193);
#192 = CARTESIAN_POINT('',(0.,18.));
#193 = VECTOR('',#194,1.);
#194 = DIRECTION('',(1.,0.));
#195 = ( GEOMETRIC_REPRESENTATION_CONTEXT(2) 
PARAMETRIC_REPRESENTATION_CONTEXT() REPRESENTATION_CONTEXT('2D SPACE',''
  ) );
#196 = ORIENTED_EDGE('',*,*,#197,.T.);
#197 = EDGE_CURVE('',#169,#198,#200,.T.);
#198 = VERTEX_POINT('',#199);
#199 = CARTESIAN_POINT('',(-220.,-54.65087065215,-26.));
#200 = SURFACE_CURVE('',#201,(#205,#211),.PCURVE_S1.);
#201 = LINE('',#202,#203);
#202 = CARTESIAN_POINT('',(-220.,-191.,-26.));
#203 = VECTOR('',#204,1.);
#204 = DIRECTION('',(0.,-1.,0.));
#205 = PCURVE('',#32,#206);
#206 = DEFINITIONAL_REPRESENTATION('',(#207),#210);
#207 = B_SPLINE_CURVE_WITH_KNOTS('',1,(#208,#209),.UNSPECIFIED.,.F.,.F.,
  (2,2),(-361.,-21.),.PIECEWISE_BEZIER_KNOTS.);
#208 = CARTESIAN_POINT('',(194.,-340.));
#209 = CARTESIAN_POINT('',(194.,0.));
#210 = ( GEOMETRIC_REPRESENTATION_CONTEXT(2) 
PARAMETRIC_REPRESENTATION_CONTEXT() REPRESENTATION_CONTEXT('2D SPACE',''
  ) );
#211 = PCURVE('',#212,#217);
#212 = PLANE('',#213);
#213 = AXIS2_PLACEMENT_3D('',#214,#215,#216);
#214 = CARTESIAN_POINT('',(-262.,-212.,-26.));
#215 = DIRECTION('',(0.,0.,1.));
#216 = DIRECTION('',(1.,0.,-0.));
#217 = DEFINITIONAL_REPRESENTATION('',(#218),#221);
#218 = B_SPLINE_CURVE_WITH_KNOTS('',1,(#219,#220),.UNSPECIFIED.,.F.,.F.,
  (2,2),(-361.,-21.),.PIECEWISE_BEZIER_KNOTS.);
#219 = CARTESIAN_POINT('',(42.,382.));
#220 = CARTESIAN_POINT('',(42.,42.));
#221 = ( GEOMETRIC_REPRESENTATION_CONTEXT(2) 
PARAMETRIC_REPRESENTATION_CONTEXT() REPRESENTATION_CONTEXT('2D SPACE',''
  ) );
#222 = ORIENTED_EDGE('',*,*,#223,.F.);
#223 = EDGE_CURVE('',#224,#198,#226,.T.);
#224 = VERTEX_POINT('',#225);
#225 = CARTESIAN_POINT('',(-220.,-125.,-75.));
#226 = SURFACE_CURVE('',#227,(#232,#239),.PCURVE_S1.);
#227 = CIRCLE('',#228,75.);
#228 = AXIS2_PLACEMENT_3D('',#229,#230,#231);
#229 = CARTESIAN_POINT('',(-220.,-125.,-4.884981308351E-14));
#230 = DIRECTION('',(1.,0.,2.22044604925E-16));
#231 = DIRECTION('',(2.22044604925E-16,0.,-1.));
#232 = PCURVE('',#32,#233);
#233 = DEFINITIONAL_REPRESENTATION('',(#234),#238);
#234 = CIRCLE('',#235,75.);
#235 = AXIS2_PLACEMENT_2D('',#236,#237);
#236 = CARTESIAN_POINT('',(220.,-45.));
#237 = DIRECTION('',(-1.,0.));
#238 = ( GEOMETRIC_REPRESENTATION_CONTEXT(2) 
PARAMETRIC_REPRESENTATION_CONTEXT() REPRESENTATION_CONTEXT('2D SPACE',''
  ) );
#239 = PCURVE('',#240,#245);
#240 = CYLINDRICAL_SURFACE('',#241,75.);
#241 = AXIS2_PLACEMENT_3D('',#242,#243,#244);
#242 = CARTESIAN_POINT('',(-238.,-125.,-5.284661597216E-14));
#243 = DIRECTION('',(1.,0.,2.22044604925E-16));
#244 = DIRECTION('',(2.22044604925E-16,0.,-1.));
#245 = DEFINITIONAL_REPRESENTATION('',(#246),#250);
#246 = LINE('',#247,#248);
#247 = CARTESIAN_POINT('',(0.,18.));
#248 = VECTOR('',#249,1.);
#249 = DIRECTION('',(1.,0.));
#250 = ( GEOMETRIC_REPRESENTATION_CONTEXT(2) 
PARAMETRIC_REPRESENTATION_CONTEXT() REPRESENTATION_CONTEXT('2D SPACE',''
  ) );
#251 = ORIENTED_EDGE('',*,*,#252,.F.);
#252 = EDGE_CURVE('',#253,#224,#255,.T.);
#253 = VERTEX_POINT('',#254);
#254 = CARTESIAN_POINT('',(-220.,-65.,-160.));
#255 = SURFACE_CURVE('',#256,(#260,#267),.PCURVE_S1.);
#256 = LINE('',#257,#258);
#257 = CARTESIAN_POINT('',(-220.,-65.,-160.));
#258 = VECTOR('',#259,1.);
#259 = DIRECTION('',(0.,-0.576683197599,0.816967863265));
#260 = PCURVE('',#32,#261);
#261 = DEFINITIONAL_REPRESENTATION('',(#262),#266);
#262 = LINE('',#263,#264);
#263 = CARTESIAN_POINT('',(60.,-105.));
#264 = VECTOR('',#265,1.);
#265 = DIRECTION('',(0.816967863265,0.576683197599));
#266 = ( GEOMETRIC_REPRESENTATION_CONTEXT(2) 
PARAMETRIC_REPRESENTATION_CONTEXT() REPRESENTATION_CONTEXT('2D SPACE',''
  ) );
#267 = PCURVE('',#268,#273);
#268 = PLANE('',#269);
#269 = AXIS2_PLACEMENT_3D('',#270,#271,#272);
#270 = CARTESIAN_POINT('',(-220.,-65.,-160.));
#271 = DIRECTION('',(-0.,0.816967863265,0.576683197599));
#272 = DIRECTION('',(0.,-0.576683197599,0.816967863265));
#273 = DEFINITIONAL_REPRESENTATION('',(#274),#278);
#274 = LINE('',#275,#276);
#275 = CARTESIAN_POINT('',(0.,0.));
#276 = VECTOR('',#277,1.);
#277 = DIRECTION('',(1.,0.));
#278 = ( GEOMETRIC_REPRESENTATION_CONTEXT(2) 
PARAMETRIC_REPRESENTATION_CONTEXT() REPRESENTATION_CONTEXT('2D SPACE',''
  ) );
#279 = ORIENTED_EDGE('',*,*,#280,.F.);
#280 = EDGE_CURVE('',#24,#253,#281,.T.);
#281 = SURFACE_CURVE('',#282,(#286,#293),.PCURVE_S1.);
#282 = LINE('',#283,#284);
#283 = CARTESIAN_POINT('',(-220.,-185.,-160.));
#284 = VECTOR('',#285,1.);
#285 = DIRECTION('',(0.,1.,0.));
#286 = PCURVE('',#32,#287);
#287 = DEFINITIONAL_REPRESENTATION('',(#288),#292);
#288 = LINE('',#289,#290);
#289 = CARTESIAN_POINT('',(60.,15.));
#290 = VECTOR('',#291,1.);
#291 = DIRECTION('',(0.,-1.));
#292 = ( GEOMETRIC_REPRESENTATION_CONTEXT(2) 
PARAMETRIC_REPRESENTATION_CONTEXT() REPRESENTATION_CONTEXT('2D SPACE',''
  ) );
#293 = PCURVE('',#294,#299);
#294 = PLANE('',#295);
#295 = AXIS2_PLACEMENT_3D('',#296,#297,#298);
#296 = CARTESIAN_POINT('',(-220.,-185.,-160.));
#297 = DIRECTION('',(0.,0.,-1.));
#298 = DIRECTION('',(0.,1.,0.));
#299 = DEFINITIONAL_REPRESENTATION('',(#300),#304);
#300 = LINE('',#301,#302);
#301 = CARTESIAN_POINT('',(0.,0.));
#302 = VECTOR('',#303,1.);
#303 = DIRECTION('',(1.,0.));
#304 = ( GEOMETRIC_REPRESENTATION_CONTEXT(2) 
PARAMETRIC_REPRESENTATION_CONTEXT() REPRESENTATION_CONTEXT('2D SPACE',''
  ) );
#305 = ADVANCED_FACE('',(#306,#537),#44,.F.);
#306 = FACE_BOUND('',#307,.F.);
#307 = EDGE_LOOP('',(#308,#338,#361,#384,#405,#406,#434,#462,#483,#511)
  );
#308 = ORIENTED_EDGE('',*,*,#309,.F.);
#309 = EDGE_CURVE('',#310,#312,#314,.T.);
#310 = VERTEX_POINT('',#311);
#311 = CARTESIAN_POINT('',(220.,-170.,-220.));
#312 = VERTEX_POINT('',#313);
#313 = CARTESIAN_POINT('',(220.,-170.,-160.));
#314 = SURFACE_CURVE('',#315,(#319,#326),.PCURVE_S1.);
#315 = LINE('',#316,#317);
#316 = CARTESIAN_POINT('',(220.,-170.,-220.));
#317 = VECTOR('',#318,1.);
#318 = DIRECTION('',(0.,0.,1.));
#319 = PCURVE('',#44,#320);
#320 = DEFINITIONAL_REPRESENTATION('',(#321),#325);
#321 = LINE('',#322,#323);
#322 = CARTESIAN_POINT('',(0.,440.));
#323 = VECTOR('',#324,1.);
#324 = DIRECTION('',(1.,0.));
#325 = ( GEOMETRIC_REPRESENTATION_CONTEXT(2) 
PARAMETRIC_REPRESENTATION_CONTEXT() REPRESENTATION_CONTEXT('2D SPACE',''
  ) );
#326 = PCURVE('',#327,#332);
#327 = PLANE('',#328);
#328 = AXIS2_PLACEMENT_3D('',#329,#330,#331);
#329 = CARTESIAN_POINT('',(220.,-170.,-220.));
#330 = DIRECTION('',(1.,0.,-0.));
#331 = DIRECTION('',(0.,0.,1.));
#332 = DEFINITIONAL_REPRESENTATION('',(#333),#337);
#333 = LINE('',#334,#335);
#334 = CARTESIAN_POINT('',(0.,0.));
#335 = VECTOR('',#336,1.);
#336 = DIRECTION('',(1.,0.));
#337 = ( GEOMETRIC_REPRESENTATION_CONTEXT(2) 
PARAMETRIC_REPRESENTATION_CONTEXT() REPRESENTATION_CONTEXT('2D SPACE',''
  ) );
#338 = ORIENTED_EDGE('',*,*,#339,.F.);
#339 = EDGE_CURVE('',#340,#310,#342,.T.);
#340 = VERTEX_POINT('',#341);
#341 = CARTESIAN_POINT('',(150.,-170.,-220.));
#342 = SURFACE_CURVE('',#343,(#347,#354),.PCURVE_S1.);
#343 = LINE('',#344,#345);
#344 = CARTESIAN_POINT('',(-220.,-170.,-220.));
#345 = VECTOR('',#346,1.);
#346 = DIRECTION('',(1.,0.,-0.));
#347 = PCURVE('',#44,#348);
#348 = DEFINITIONAL_REPRESENTATION('',(#349),#353);
#349 = LINE('',#350,#351);
#350 = CARTESIAN_POINT('',(0.,0.));
#351 = VECTOR('',#352,1.);
#352 = DIRECTION('',(0.,1.));
#353 = ( GEOMETRIC_REPRESENTATION_CONTEXT(2) 
PARAMETRIC_REPRESENTATION_CONTEXT() REPRESENTATION_CONTEXT('2D SPACE',''
  ) );
#354 = PCURVE('',#72,#355);
#355 = DEFINITIONAL_REPRESENTATION('',(#356),#360);
#356 = LINE('',#357,#358);
#357 = CARTESIAN_POINT('',(0.,0.));
#358 = VECTOR('',#359,1.);
#359 = DIRECTION('',(1.,0.));
#360 = ( GEOMETRIC_REPRESENTATION_CONTEXT(2) 
PARAMETRIC_REPRESENTATION_CONTEXT() REPRESENTATION_CONTEXT('2D SPACE',''
  ) );
#361 = ORIENTED_EDGE('',*,*,#362,.F.);
#362 = EDGE_CURVE('',#363,#340,#365,.T.);
#363 = VERTEX_POINT('',#364);
#364 = CARTESIAN_POINT('',(-150.,-170.,-220.));
#365 = SURFACE_CURVE('',#366,(#370,#377),.PCURVE_S1.);
#366 = LINE('',#367,#368);
#367 = CARTESIAN_POINT('',(-220.,-170.,-220.));
#368 = VECTOR('',#369,1.);
#369 = DIRECTION('',(1.,0.,-0.));
#370 = PCURVE('',#44,#371);
#371 = DEFINITIONAL_REPRESENTATION('',(#372),#376);
#372 = LINE('',#373,#374);
#373 = CARTESIAN_POINT('',(0.,0.));
#374 = VECTOR('',#375,1.);
#375 = DIRECTION('',(0.,1.));
#376 = ( GEOMETRIC_REPRESENTATION_CONTEXT(2) 
PARAMETRIC_REPRESENTATION_CONTEXT() REPRESENTATION_CONTEXT('2D SPACE',''
  ) );
#377 = PCURVE('',#72,#378);
#378 = DEFINITIONAL_REPRESENTATION('',(#379),#383);
#379 = LINE('',#380,#381);
#380 = CARTESIAN_POINT('',(0.,0.));
#381 = VECTOR('',#382,1.);
#382 = DIRECTION('',(1.,0.));
#383 = ( GEOMETRIC_REPRESENTATION_CONTEXT(2) 
PARAMETRIC_REPRESENTATION_CONTEXT() REPRESENTATION_CONTEXT('2D SPACE',''
  ) );
#384 = ORIENTED_EDGE('',*,*,#385,.F.);
#385 = EDGE_CURVE('',#22,#363,#386,.T.);
#386 = SURFACE_CURVE('',#387,(#391,#398),.PCURVE_S1.);
#387 = LINE('',#388,#389);
#388 = CARTESIAN_POINT('',(-220.,-170.,-220.));
#389 = VECTOR('',#390,1.);
#390 = DIRECTION('',(1.,0.,-0.));
#391 = PCURVE('',#44,#392);
#392 = DEFINITIONAL_REPRESENTATION('',(#393),#397);
#393 = LINE('',#394,#395);
#394 = CARTESIAN_POINT('',(0.,0.));
#395 = VECTOR('',#396,1.);
#396 = DIRECTION('',(0.,1.));
#397 = ( GEOMETRIC_REPRESENTATION_CONTEXT(2) 
PARAMETRIC_REPRESENTATION_CONTEXT() REPRESENTATION_CONTEXT('2D SPACE',''
  ) );
#398 = PCURVE('',#72,#399);
#399 = DEFINITIONAL_REPRESENTATION('',(#400),#404);
#400 = LINE('',#401,#402);
#401 = CARTESIAN_POINT('',(0.,0.));
#402 = VECTOR('',#403,1.);
#403 = DIRECTION('',(1.,0.));
#404 = ( GEOMETRIC_REPRESENTATION_CONTEXT(2) 
PARAMETRIC_REPRESENTATION_CONTEXT() REPRESENTATION_CONTEXT('2D SPACE',''
  ) );
#405 = ORIENTED_EDGE('',*,*,#21,.T.);
#406 = ORIENTED_EDGE('',*,*,#407,.T.);
#407 = EDGE_CURVE('',#24,#408,#410,.T.);
#408 = VERTEX_POINT('',#409);
#409 = CARTESIAN_POINT('',(-220.,-170.,-138.75));
#410 = SURFACE_CURVE('',#411,(#415,#422),.PCURVE_S1.);
#411 = LINE('',#412,#413);
#412 = CARTESIAN_POINT('',(-220.,-170.,-220.));
#413 = VECTOR('',#414,1.);
#414 = DIRECTION('',(0.,0.,1.));
#415 = PCURVE('',#44,#416);
#416 = DEFINITIONAL_REPRESENTATION('',(#417),#421);
#417 = LINE('',#418,#419);
#418 = CARTESIAN_POINT('',(0.,0.));
#419 = VECTOR('',#420,1.);
#420 = DIRECTION('',(1.,0.));
#421 = ( GEOMETRIC_REPRESENTATION_CONTEXT(2) 
PARAMETRIC_REPRESENTATION_CONTEXT() REPRESENTATION_CONTEXT('2D SPACE',''
  ) );
#422 = PCURVE('',#423,#428);
#423 = PLANE('',#424);
#424 = AXIS2_PLACEMENT_3D('',#425,#426,#427);
#425 = CARTESIAN_POINT('',(-220.,-125.,-133.0446800823));
#426 = DIRECTION('',(1.,0.,0.));
#427 = DIRECTION('',(0.,1.,0.));
#428 = DEFINITIONAL_REPRESENTATION('',(#429),#433);
#429 = LINE('',#430,#431);
#430 = CARTESIAN_POINT('',(-45.,-86.95531991761));
#431 = VECTOR('',#432,1.);
#432 = DIRECTION('',(0.,1.));
#433 = ( GEOMETRIC_REPRESENTATION_CONTEXT(2) 
PARAMETRIC_REPRESENTATION_CONTEXT() REPRESENTATION_CONTEXT('2D SPACE',''
  ) );
#434 = ORIENTED_EDGE('',*,*,#435,.T.);
#435 = EDGE_CURVE('',#408,#436,#438,.T.);
#436 = VERTEX_POINT('',#437);
#437 = CARTESIAN_POINT('',(-220.,-170.,-60.));
#438 = SURFACE_CURVE('',#439,(#443,#450),.PCURVE_S1.);
#439 = LINE('',#440,#441);
#440 = CARTESIAN_POINT('',(-220.,-170.,-220.));
#441 = VECTOR('',#442,1.);
#442 = DIRECTION('',(0.,0.,1.));
#443 = PCURVE('',#44,#444);
#444 = DEFINITIONAL_REPRESENTATION('',(#445),#449);
#445 = LINE('',#446,#447);
#446 = CARTESIAN_POINT('',(0.,0.));
#447 = VECTOR('',#448,1.);
#448 = DIRECTION('',(1.,0.));
#449 = ( GEOMETRIC_REPRESENTATION_CONTEXT(2) 
PARAMETRIC_REPRESENTATION_CONTEXT() REPRESENTATION_CONTEXT('2D SPACE',''
  ) );
#450 = PCURVE('',#451,#456);
#451 = PLANE('',#452);
#452 = AXIS2_PLACEMENT_3D('',#453,#454,#455);
#453 = CARTESIAN_POINT('',(-220.,-170.,-220.));
#454 = DIRECTION('',(1.,0.,-0.));
#455 = DIRECTION('',(0.,0.,1.));
#456 = DEFINITIONAL_REPRESENTATION('',(#457),#461);
#457 = LINE('',#458,#459);
#458 = CARTESIAN_POINT('',(0.,0.));
#459 = VECTOR('',#460,1.);
#460 = DIRECTION('',(1.,0.));
#461 = ( GEOMETRIC_REPRESENTATION_CONTEXT(2) 
PARAMETRIC_REPRESENTATION_CONTEXT() REPRESENTATION_CONTEXT('2D SPACE',''
  ) );
#462 = ORIENTED_EDGE('',*,*,#463,.T.);
#463 = EDGE_CURVE('',#436,#464,#466,.T.);
#464 = VERTEX_POINT('',#465);
#465 = CARTESIAN_POINT('',(220.,-170.,-60.));
#466 = SURFACE_CURVE('',#467,(#471,#477),.PCURVE_S1.);
#467 = LINE('',#468,#469);
#468 = CARTESIAN_POINT('',(-238.,-170.,-60.));
#469 = VECTOR('',#470,1.);
#470 = DIRECTION('',(1.,0.,2.22044604925E-16));
#471 = PCURVE('',#44,#472);
#472 = DEFINITIONAL_REPRESENTATION('',(#473),#476);
#473 = B_SPLINE_CURVE_WITH_KNOTS('',1,(#474,#475),.UNSPECIFIED.,.F.,.F.,
  (2,2),(-2.399999999625E-06,476.0000024),.PIECEWISE_BEZIER_KNOTS.);
#474 = CARTESIAN_POINT('',(160.,-18.0000024));
#475 = CARTESIAN_POINT('',(160.,458.0000024));
#476 = ( GEOMETRIC_REPRESENTATION_CONTEXT(2) 
PARAMETRIC_REPRESENTATION_CONTEXT() REPRESENTATION_CONTEXT('2D SPACE',''
  ) );
#477 = PCURVE('',#240,#478);
#478 = DEFINITIONAL_REPRESENTATION('',(#479),#482);
#479 = B_SPLINE_CURVE_WITH_KNOTS('',1,(#480,#481),.UNSPECIFIED.,.F.,.F.,
  (2,2),(-2.399999999625E-06,476.0000024),.PIECEWISE_BEZIER_KNOTS.);
#480 = CARTESIAN_POINT('',(5.639684198386,-2.400000012948E-06));
#481 = CARTESIAN_POINT('',(5.639684198386,476.0000024));
#482 = ( GEOMETRIC_REPRESENTATION_CONTEXT(2) 
PARAMETRIC_REPRESENTATION_CONTEXT() REPRESENTATION_CONTEXT('2D SPACE',''
  ) );
#483 = ORIENTED_EDGE('',*,*,#484,.F.);
#484 = EDGE_CURVE('',#485,#464,#487,.T.);
#485 = VERTEX_POINT('',#486);
#486 = CARTESIAN_POINT('',(220.,-170.,-138.75));
#487 = SURFACE_CURVE('',#488,(#492,#499),.PCURVE_S1.);
#488 = LINE('',#489,#490);
#489 = CARTESIAN_POINT('',(220.,-170.,-220.));
#490 = VECTOR('',#491,1.);
#491 = DIRECTION('',(0.,0.,1.));
#492 = PCURVE('',#44,#493);
#493 = DEFINITIONAL_REPRESENTATION('',(#494),#498);
#494 = LINE('',#495,#496);
#495 = CARTESIAN_POINT('',(0.,440.));
#496 = VECTOR('',#497,1.);
#497 = DIRECTION('',(1.,0.));
#498 = ( GEOMETRIC_REPRESENTATION_CONTEXT(2) 
PARAMETRIC_REPRESENTATION_CONTEXT() REPRESENTATION_CONTEXT('2D SPACE',''
  ) );
#499 = PCURVE('',#500,#505);
#500 = PLANE('',#501);
#501 = AXIS2_PLACEMENT_3D('',#502,#503,#504);
#502 = CARTESIAN_POINT('',(220.,-170.,-220.));
#503 = DIRECTION('',(1.,0.,-0.));
#504 = DIRECTION('',(0.,0.,1.));
#505 = DEFINITIONAL_REPRESENTATION('',(#506),#510);
#506 = LINE('',#507,#508);
#507 = CARTESIAN_POINT('',(0.,0.));
#508 = VECTOR('',#509,1.);
#509 = DIRECTION('',(1.,0.));
#510 = ( GEOMETRIC_REPRESENTATION_CONTEXT(2) 
PARAMETRIC_REPRESENTATION_CONTEXT() REPRESENTATION_CONTEXT('2D SPACE',''
  ) );
#511 = ORIENTED_EDGE('',*,*,#512,.F.);
#512 = EDGE_CURVE('',#312,#485,#513,.T.);
#513 = SURFACE_CURVE('',#514,(#518,#525),.PCURVE_S1.);
#514 = LINE('',#515,#516);
#515 = CARTESIAN_POINT('',(220.,-170.,-220.));
#516 = VECTOR('',#517,1.);
#517 = DIRECTION('',(0.,0.,1.));
#518 = PCURVE('',#44,#519);
#519 = DEFINITIONAL_REPRESENTATION('',(#520),#524);
#520 = LINE('',#521,#522);
#521 = CARTESIAN_POINT('',(0.,440.));
#522 = VECTOR('',#523,1.);
#523 = DIRECTION('',(1.,0.));
#524 = ( GEOMETRIC_REPRESENTATION_CONTEXT(2) 
PARAMETRIC_REPRESENTATION_CONTEXT() REPRESENTATION_CONTEXT('2D SPACE',''
  ) );
#525 = PCURVE('',#526,#531);
#526 = PLANE('',#527);
#527 = AXIS2_PLACEMENT_3D('',#528,#529,#530);
#528 = CARTESIAN_POINT('',(220.,-125.,-133.0446800823));
#529 = DIRECTION('',(1.,0.,0.));
#530 = DIRECTION('',(0.,1.,0.));
#531 = DEFINITIONAL_REPRESENTATION('',(#532),#536);
#532 = LINE('',#533,#534);
#533 = CARTESIAN_POINT('',(-45.,-86.95531991761));
#534 = VECTOR('',#535,1.);
#535 = DIRECTION('',(0.,1.));
#536 = ( GEOMETRIC_REPRESENTATION_CONTEXT(2) 
PARAMETRIC_REPRESENTATION_CONTEXT() REPRESENTATION_CONTEXT('2D SPACE',''
  ) );
#537 = FACE_BOUND('',#538,.F.);
#538 = EDGE_LOOP('',(#539));
#539 = ORIENTED_EDGE('',*,*,#540,.T.);
#540 = EDGE_CURVE('',#541,#541,#543,.T.);
#541 = VERTEX_POINT('',#542);
#542 = CARTESIAN_POINT('',(8.,-170.,-190.));
#543 = SURFACE_CURVE('',#544,(#549,#560),.PCURVE_S1.);
#544 = CIRCLE('',#545,8.);
#545 = AXIS2_PLACEMENT_3D('',#546,#547,#548);
#546 = CARTESIAN_POINT('',(0.,-170.,-190.));
#547 = DIRECTION('',(0.,-1.,2.22044604925E-16));
#548 = DIRECTION('',(1.,0.,0.));
#549 = PCURVE('',#44,#550);
#550 = DEFINITIONAL_REPRESENTATION('',(#551),#559);
#551 = ( BOUNDED_CURVE() B_SPLINE_CURVE(2,(#552,#553,#554,#555,#556,#557
,#558),.UNSPECIFIED.,.T.,.F.) B_SPLINE_CURVE_WITH_KNOTS((1,2,2,2,2,1),(
    -2.094395102393,0.,2.094395102393,4.188790204786,6.28318530718,
8.377580409573),.UNSPECIFIED.) CURVE() GEOMETRIC_REPRESENTATION_ITEM() 
RATIONAL_B_SPLINE_CURVE((1.,0.5,1.,0.5,1.,0.5,1.)) REPRESENTATION_ITEM(
  '') );
#552 = CARTESIAN_POINT('',(30.,228.));
#553 = CARTESIAN_POINT('',(43.856406460551,228.));
#554 = CARTESIAN_POINT('',(36.928203230276,216.));
#555 = CARTESIAN_POINT('',(30.,204.));
#556 = CARTESIAN_POINT('',(23.071796769724,216.));
#557 = CARTESIAN_POINT('',(16.143593539449,228.));
#558 = CARTESIAN_POINT('',(30.,228.));
#559 = ( GEOMETRIC_REPRESENTATION_CONTEXT(2) 
PARAMETRIC_REPRESENTATION_CONTEXT() REPRESENTATION_CONTEXT('2D SPACE',''
  ) );
#560 = PCURVE('',#561,#566);
#561 = CYLINDRICAL_SURFACE('',#562,8.);
#562 = AXIS2_PLACEMENT_3D('',#563,#564,#565);
#563 = CARTESIAN_POINT('',(0.,-160.,-190.));
#564 = DIRECTION('',(0.,-1.,2.22044604925E-16));
#565 = DIRECTION('',(1.,0.,0.));
#566 = DEFINITIONAL_REPRESENTATION('',(#567),#571);
#567 = LINE('',#568,#569);
#568 = CARTESIAN_POINT('',(0.,10.));
#569 = VECTOR('',#570,1.);
#570 = DIRECTION('',(1.,0.));
#571 = ( GEOMETRIC_REPRESENTATION_CONTEXT(2) 
PARAMETRIC_REPRESENTATION_CONTEXT() REPRESENTATION_CONTEXT('2D SPACE',''
  ) );
#572 = ADVANCED_FACE('',(#573),#294,.T.);
#573 = FACE_BOUND('',#574,.T.);
#574 = EDGE_LOOP('',(#575,#605,#633,#654,#655));
#575 = ORIENTED_EDGE('',*,*,#576,.T.);
#576 = EDGE_CURVE('',#577,#579,#581,.T.);
#577 = VERTEX_POINT('',#578);
#578 = CARTESIAN_POINT('',(-220.,-185.,-160.));
#579 = VERTEX_POINT('',#580);
#580 = CARTESIAN_POINT('',(-232.,-185.,-160.));
#581 = SURFACE_CURVE('',#582,(#586,#593),.PCURVE_S1.);
#582 = LINE('',#583,#584);
#583 = CARTESIAN_POINT('',(-220.,-185.,-160.));
#584 = VECTOR('',#585,1.);
#585 = DIRECTION('',(-1.,-0.,-0.));
#586 = PCURVE('',#294,#587);
#587 = DEFINITIONAL_REPRESENTATION('',(#588),#592);
#588 = LINE('',#589,#590);
#589 = CARTESIAN_POINT('',(0.,0.));
#590 = VECTOR('',#591,1.);
#591 = DIRECTION('',(0.,-1.));
#592 = ( GEOMETRIC_REPRESENTATION_CONTEXT(2) 
PARAMETRIC_REPRESENTATION_CONTEXT() REPRESENTATION_CONTEXT('2D SPACE',''
  ) );
#593 = PCURVE('',#594,#599);
#594 = PLANE('',#595);
#595 = AXIS2_PLACEMENT_3D('',#596,#597,#598);
#596 = CARTESIAN_POINT('',(-220.,-125.,-75.));
#597 = DIRECTION('',(0.,-0.816967863265,0.576683197599));
#598 = DIRECTION('',(0.,-0.576683197599,-0.816967863265));
#599 = DEFINITIONAL_REPRESENTATION('',(#600),#604);
#600 = LINE('',#601,#602);
#601 = CARTESIAN_POINT('',(104.04326023342,0.));
#602 = VECTOR('',#603,1.);
#603 = DIRECTION('',(0.,-1.));
#604 = ( GEOMETRIC_REPRESENTATION_CONTEXT(2) 
PARAMETRIC_REPRESENTATION_CONTEXT() REPRESENTATION_CONTEXT('2D SPACE',''
  ) );
#605 = ORIENTED_EDGE('',*,*,#606,.T.);
#606 = EDGE_CURVE('',#579,#607,#609,.T.);
#607 = VERTEX_POINT('',#608);
#608 = CARTESIAN_POINT('',(-232.,-65.,-160.));
#609 = SURFACE_CURVE('',#610,(#614,#621),.PCURVE_S1.);
#610 = LINE('',#611,#612);
#611 = CARTESIAN_POINT('',(-232.,-185.,-160.));
#612 = VECTOR('',#613,1.);
#613 = DIRECTION('',(0.,1.,0.));
#614 = PCURVE('',#294,#615);
#615 = DEFINITIONAL_REPRESENTATION('',(#616),#620);
#616 = LINE('',#617,#618);
#617 = CARTESIAN_POINT('',(0.,-12.));
#618 = VECTOR('',#619,1.);
#619 = DIRECTION('',(1.,0.));
#620 = ( GEOMETRIC_REPRESENTATION_CONTEXT(2) 
PARAMETRIC_REPRESENTATION_CONTEXT() REPRESENTATION_CONTEXT('2D SPACE',''
  ) );
#621 = PCURVE('',#622,#627);
#622 = PLANE('',#623);
#623 = AXIS2_PLACEMENT_3D('',#624,#625,#626);
#624 = CARTESIAN_POINT('',(-232.,-125.,-133.0446800823));
#625 = DIRECTION('',(1.,0.,0.));
#626 = DIRECTION('',(0.,1.,0.));
#627 = DEFINITIONAL_REPRESENTATION('',(#628),#632);
#628 = LINE('',#629,#630);
#629 = CARTESIAN_POINT('',(-60.,-26.95531991761));
#630 = VECTOR('',#631,1.);
#631 = DIRECTION('',(1.,0.));
#632 = ( GEOMETRIC_REPRESENTATION_CONTEXT(2) 
PARAMETRIC_REPRESENTATION_CONTEXT() REPRESENTATION_CONTEXT('2D SPACE',''
  ) );
#633 = ORIENTED_EDGE('',*,*,#634,.F.);
#634 = EDGE_CURVE('',#253,#607,#635,.T.);
#635 = SURFACE_CURVE('',#636,(#640,#647),.PCURVE_S1.);
#636 = LINE('',#637,#638);
#637 = CARTESIAN_POINT('',(-220.,-65.,-160.));
#638 = VECTOR('',#639,1.);
#639 = DIRECTION('',(-1.,-0.,-0.));
#640 = PCURVE('',#294,#641);
#641 = DEFINITIONAL_REPRESENTATION('',(#642),#646);
#642 = LINE('',#643,#644);
#643 = CARTESIAN_POINT('',(120.,0.));
#644 = VECTOR('',#645,1.);
#645 = DIRECTION('',(0.,-1.));
#646 = ( GEOMETRIC_REPRESENTATION_CONTEXT(2) 
PARAMETRIC_REPRESENTATION_CONTEXT() REPRESENTATION_CONTEXT('2D SPACE',''
  ) );
#647 = PCURVE('',#268,#648);
#648 = DEFINITIONAL_REPRESENTATION('',(#649),#653);
#649 = LINE('',#650,#651);
#650 = CARTESIAN_POINT('',(0.,0.));
#651 = VECTOR('',#652,1.);
#652 = DIRECTION('',(0.,-1.));
#653 = ( GEOMETRIC_REPRESENTATION_CONTEXT(2) 
PARAMETRIC_REPRESENTATION_CONTEXT() REPRESENTATION_CONTEXT('2D SPACE',''
  ) );
#654 = ORIENTED_EDGE('',*,*,#280,.F.);
#655 = ORIENTED_EDGE('',*,*,#656,.F.);
#656 = EDGE_CURVE('',#577,#24,#657,.T.);
#657 = SURFACE_CURVE('',#658,(#662,#669),.PCURVE_S1.);
#658 = LINE('',#659,#660);
#659 = CARTESIAN_POINT('',(-220.,-185.,-160.));
#660 = VECTOR('',#661,1.);
#661 = DIRECTION('',(0.,1.,0.));
#662 = PCURVE('',#294,#663);
#663 = DEFINITIONAL_REPRESENTATION('',(#664),#668);
#664 = LINE('',#665,#666);
#665 = CARTESIAN_POINT('',(0.,0.));
#666 = VECTOR('',#667,1.);
#667 = DIRECTION('',(1.,0.));
#668 = ( GEOMETRIC_REPRESENTATION_CONTEXT(2) 
PARAMETRIC_REPRESENTATION_CONTEXT() REPRESENTATION_CONTEXT('2D SPACE',''
  ) );
#669 = PCURVE('',#423,#670);
#670 = DEFINITIONAL_REPRESENTATION('',(#671),#675);
#671 = LINE('',#672,#673);
#672 = CARTESIAN_POINT('',(-60.,-26.95531991761));
#673 = VECTOR('',#674,1.);
#674 = DIRECTION('',(1.,0.));
#675 = ( GEOMETRIC_REPRESENTATION_CONTEXT(2) 
PARAMETRIC_REPRESENTATION_CONTEXT() REPRESENTATION_CONTEXT('2D SPACE',''
  ) );
#676 = ADVANCED_FACE('',(#677),#268,.T.);
#677 = FACE_BOUND('',#678,.T.);
#678 = EDGE_LOOP('',(#679,#680,#703,#724));
#679 = ORIENTED_EDGE('',*,*,#634,.T.);
#680 = ORIENTED_EDGE('',*,*,#681,.T.);
#681 = EDGE_CURVE('',#607,#682,#684,.T.);
#682 = VERTEX_POINT('',#683);
#683 = CARTESIAN_POINT('',(-232.,-125.,-75.));
#684 = SURFACE_CURVE('',#685,(#689,#696),.PCURVE_S1.);
#685 = LINE('',#686,#687);
#686 = CARTESIAN_POINT('',(-232.,-65.,-160.));
#687 = VECTOR('',#688,1.);
#688 = DIRECTION('',(0.,-0.576683197599,0.816967863265));
#689 = PCURVE('',#268,#690);
#690 = DEFINITIONAL_REPRESENTATION('',(#691),#695);
#691 = LINE('',#692,#693);
#692 = CARTESIAN_POINT('',(0.,-12.));
#693 = VECTOR('',#694,1.);
#694 = DIRECTION('',(1.,0.));
#695 = ( GEOMETRIC_REPRESENTATION_CONTEXT(2) 
PARAMETRIC_REPRESENTATION_CONTEXT() REPRESENTATION_CONTEXT('2D SPACE',''
  ) );
#696 = PCURVE('',#622,#697);
#697 = DEFINITIONAL_REPRESENTATION('',(#698),#702);
#698 = LINE('',#699,#700);
#699 = CARTESIAN_POINT('',(60.,-26.95531991761));
#700 = VECTOR('',#701,1.);
#701 = DIRECTION('',(-0.576683197599,0.816967863265));
#702 = ( GEOMETRIC_REPRESENTATION_CONTEXT(2) 
PARAMETRIC_REPRESENTATION_CONTEXT() REPRESENTATION_CONTEXT('2D SPACE',''
  ) );
#703 = ORIENTED_EDGE('',*,*,#704,.F.);
#704 = EDGE_CURVE('',#224,#682,#705,.T.);
#705 = SURFACE_CURVE('',#706,(#710,#717),.PCURVE_S1.);
#706 = LINE('',#707,#708);
#707 = CARTESIAN_POINT('',(-220.,-125.,-75.));
#708 = VECTOR('',#709,1.);
#709 = DIRECTION('',(-1.,-0.,-0.));
#710 = PCURVE('',#268,#711);
#711 = DEFINITIONAL_REPRESENTATION('',(#712),#716);
#712 = LINE('',#713,#714);
#713 = CARTESIAN_POINT('',(104.04326023342,0.));
#714 = VECTOR('',#715,1.);
#715 = DIRECTION('',(0.,-1.));
#716 = ( GEOMETRIC_REPRESENTATION_CONTEXT(2) 
PARAMETRIC_REPRESENTATION_CONTEXT() REPRESENTATION_CONTEXT('2D SPACE',''
  ) );
#717 = PCURVE('',#240,#718);
#718 = DEFINITIONAL_REPRESENTATION('',(#719),#723);
#719 = LINE('',#720,#721);
#720 = CARTESIAN_POINT('',(6.28318530718,18.));
#721 = VECTOR('',#722,1.);
#722 = DIRECTION('',(0.,-1.));
#723 = ( GEOMETRIC_REPRESENTATION_CONTEXT(2) 
PARAMETRIC_REPRESENTATION_CONTEXT() REPRESENTATION_CONTEXT('2D SPACE',''
  ) );
#724 = ORIENTED_EDGE('',*,*,#252,.F.);
#725 = ADVANCED_FACE('',(#726),#240,.T.);
#726 = FACE_BOUND('',#727,.T.);
#727 = EDGE_LOOP('',(#728,#751,#780,#799,#800,#822,#823,#847,#871,#892,
    #925,#946,#983,#1009,#1041,#1062,#1099,#1125,#1157,#1178,#1215,#1241
    ,#1273,#1294,#1331,#1357,#1389,#1410,#1447,#1473,#1505,#1526,#1563,
    #1589));
#728 = ORIENTED_EDGE('',*,*,#729,.F.);
#729 = EDGE_CURVE('',#730,#732,#734,.T.);
#730 = VERTEX_POINT('',#731);
#731 = CARTESIAN_POINT('',(-238.,-195.3491293478,-26.));
#732 = VERTEX_POINT('',#733);
#733 = CARTESIAN_POINT('',(-194.8306390794,-195.3491293478,-26.));
#734 = SURFACE_CURVE('',#735,(#739,#745),.PCURVE_S1.);
#735 = LINE('',#736,#737);
#736 = CARTESIAN_POINT('',(-238.,-195.3491293478,-26.));
#737 = VECTOR('',#738,1.);
#738 = DIRECTION('',(1.,0.,2.22044604925E-16));
#739 = PCURVE('',#240,#740);
#740 = DEFINITIONAL_REPRESENTATION('',(#741),#744);
#741 = B_SPLINE_CURVE_WITH_KNOTS('',1,(#742,#743),.UNSPECIFIED.,.F.,.F.,
  (2,2),(-2.399999999625E-06,476.0000024),.PIECEWISE_BEZIER_KNOTS.);
#742 = CARTESIAN_POINT('',(5.066404035496,-2.400000005398E-06));
#743 = CARTESIAN_POINT('',(5.066404035496,476.0000024));
#744 = ( GEOMETRIC_REPRESENTATION_CONTEXT(2) 
PARAMETRIC_REPRESENTATION_CONTEXT() REPRESENTATION_CONTEXT('2D SPACE',''
  ) );
#745 = PCURVE('',#212,#746);
#746 = DEFINITIONAL_REPRESENTATION('',(#747),#750);
#747 = B_SPLINE_CURVE_WITH_KNOTS('',1,(#748,#749),.UNSPECIFIED.,.F.,.F.,
  (2,2),(-2.399999999625E-06,476.0000024),.PIECEWISE_BEZIER_KNOTS.);
#748 = CARTESIAN_POINT('',(23.9999976,16.650870652154));
#749 = CARTESIAN_POINT('',(500.0000024,16.650870652154));
#750 = ( GEOMETRIC_REPRESENTATION_CONTEXT(2) 
PARAMETRIC_REPRESENTATION_CONTEXT() REPRESENTATION_CONTEXT('2D SPACE',''
  ) );
#751 = ORIENTED_EDGE('',*,*,#752,.T.);
#752 = EDGE_CURVE('',#730,#753,#755,.T.);
#753 = VERTEX_POINT('',#754);
#754 = CARTESIAN_POINT('',(-238.,-54.65087065215,-26.));
#755 = SURFACE_CURVE('',#756,(#761,#768),.PCURVE_S1.);
#756 = CIRCLE('',#757,75.);
#757 = AXIS2_PLACEMENT_3D('',#758,#759,#760);
#758 = CARTESIAN_POINT('',(-238.,-125.,-5.284661597216E-14));
#759 = DIRECTION('',(1.,4.061937638548E-31,3.789561257387E-16));
#760 = DIRECTION('',(0.,-1.,1.071875439572E-15));
#761 = PCURVE('',#240,#762);
#762 = DEFINITIONAL_REPRESENTATION('',(#763),#767);
#763 = LINE('',#764,#765);
#764 = CARTESIAN_POINT('',(4.712388980385,0.));
#765 = VECTOR('',#766,1.);
#766 = DIRECTION('',(1.,0.));
#767 = ( GEOMETRIC_REPRESENTATION_CONTEXT(2) 
PARAMETRIC_REPRESENTATION_CONTEXT() REPRESENTATION_CONTEXT('2D SPACE',''
  ) );
#768 = PCURVE('',#769,#774);
#769 = PLANE('',#770);
#770 = AXIS2_PLACEMENT_3D('',#771,#772,#773);
#771 = CARTESIAN_POINT('',(-238.,-125.,-5.284661597216E-14));
#772 = DIRECTION('',(1.,0.,2.22044604925E-16));
#773 = DIRECTION('',(2.22044604925E-16,0.,-1.));
#774 = DEFINITIONAL_REPRESENTATION('',(#775),#779);
#775 = CIRCLE('',#776,75.);
#776 = AXIS2_PLACEMENT_2D('',#777,#778);
#777 = CARTESIAN_POINT('',(0.,0.));
#778 = DIRECTION('',(-1.071875439572E-15,-1.));
#779 = ( GEOMETRIC_REPRESENTATION_CONTEXT(2) 
PARAMETRIC_REPRESENTATION_CONTEXT() REPRESENTATION_CONTEXT('2D SPACE',''
  ) );
#780 = ORIENTED_EDGE('',*,*,#781,.T.);
#781 = EDGE_CURVE('',#753,#198,#782,.T.);
#782 = SURFACE_CURVE('',#783,(#787,#793),.PCURVE_S1.);
#783 = LINE('',#784,#785);
#784 = CARTESIAN_POINT('',(-238.,-54.65087065215,-26.));
#785 = VECTOR('',#786,1.);
#786 = DIRECTION('',(1.,0.,2.22044604925E-16));
#787 = PCURVE('',#240,#788);
#788 = DEFINITIONAL_REPRESENTATION('',(#789),#792);
#789 = B_SPLINE_CURVE_WITH_KNOTS('',1,(#790,#791),.UNSPECIFIED.,.F.,.F.,
  (2,2),(-2.399999999625E-06,476.0000024),.PIECEWISE_BEZIER_KNOTS.);
#790 = CARTESIAN_POINT('',(7.499966578864,-2.400000005398E-06));
#791 = CARTESIAN_POINT('',(7.499966578864,476.0000024));
#792 = ( GEOMETRIC_REPRESENTATION_CONTEXT(2) 
PARAMETRIC_REPRESENTATION_CONTEXT() REPRESENTATION_CONTEXT('2D SPACE',''
  ) );
#793 = PCURVE('',#212,#794);
#794 = DEFINITIONAL_REPRESENTATION('',(#795),#798);
#795 = B_SPLINE_CURVE_WITH_KNOTS('',1,(#796,#797),.UNSPECIFIED.,.F.,.F.,
  (2,2),(-2.399999999625E-06,476.0000024),.PIECEWISE_BEZIER_KNOTS.);
#796 = CARTESIAN_POINT('',(23.9999976,157.34912934784));
#797 = CARTESIAN_POINT('',(500.0000024,157.34912934784));
#798 = ( GEOMETRIC_REPRESENTATION_CONTEXT(2) 
PARAMETRIC_REPRESENTATION_CONTEXT() REPRESENTATION_CONTEXT('2D SPACE',''
  ) );
#799 = ORIENTED_EDGE('',*,*,#223,.F.);
#800 = ORIENTED_EDGE('',*,*,#801,.F.);
#801 = EDGE_CURVE('',#436,#224,#802,.T.);
#802 = SURFACE_CURVE('',#803,(#808,#815),.PCURVE_S1.);
#803 = CIRCLE('',#804,75.);
#804 = AXIS2_PLACEMENT_3D('',#805,#806,#807);
#805 = CARTESIAN_POINT('',(-220.,-125.,-4.884981308351E-14));
#806 = DIRECTION('',(1.,0.,2.22044604925E-16));
#807 = DIRECTION('',(2.22044604925E-16,0.,-1.));
#808 = PCURVE('',#240,#809);
#809 = DEFINITIONAL_REPRESENTATION('',(#810),#814);
#810 = LINE('',#811,#812);
#811 = CARTESIAN_POINT('',(0.,18.));
#812 = VECTOR('',#813,1.);
#813 = DIRECTION('',(1.,0.));
#814 = ( GEOMETRIC_REPRESENTATION_CONTEXT(2) 
PARAMETRIC_REPRESENTATION_CONTEXT() REPRESENTATION_CONTEXT('2D SPACE',''
  ) );
#815 = PCURVE('',#451,#816);
#816 = DEFINITIONAL_REPRESENTATION('',(#817),#821);
#817 = CIRCLE('',#818,75.);
#818 = AXIS2_PLACEMENT_2D('',#819,#820);
#819 = CARTESIAN_POINT('',(220.,-45.));
#820 = DIRECTION('',(-1.,0.));
#821 = ( GEOMETRIC_REPRESENTATION_CONTEXT(2) 
PARAMETRIC_REPRESENTATION_CONTEXT() REPRESENTATION_CONTEXT('2D SPACE',''
  ) );
#822 = ORIENTED_EDGE('',*,*,#463,.T.);
#823 = ORIENTED_EDGE('',*,*,#824,.T.);
#824 = EDGE_CURVE('',#464,#825,#827,.T.);
#825 = VERTEX_POINT('',#826);
#826 = CARTESIAN_POINT('',(220.,-125.,-75.));
#827 = SURFACE_CURVE('',#828,(#833,#840),.PCURVE_S1.);
#828 = CIRCLE('',#829,75.);
#829 = AXIS2_PLACEMENT_3D('',#830,#831,#832);
#830 = CARTESIAN_POINT('',(220.,-125.,4.884981308351E-14));
#831 = DIRECTION('',(1.,0.,2.22044604925E-16));
#832 = DIRECTION('',(2.22044604925E-16,0.,-1.));
#833 = PCURVE('',#240,#834);
#834 = DEFINITIONAL_REPRESENTATION('',(#835),#839);
#835 = LINE('',#836,#837);
#836 = CARTESIAN_POINT('',(0.,458.));
#837 = VECTOR('',#838,1.);
#838 = DIRECTION('',(1.,0.));
#839 = ( GEOMETRIC_REPRESENTATION_CONTEXT(2) 
PARAMETRIC_REPRESENTATION_CONTEXT() REPRESENTATION_CONTEXT('2D SPACE',''
  ) );
#840 = PCURVE('',#500,#841);
#841 = DEFINITIONAL_REPRESENTATION('',(#842),#846);
#842 = CIRCLE('',#843,75.);
#843 = AXIS2_PLACEMENT_2D('',#844,#845);
#844 = CARTESIAN_POINT('',(220.,-45.));
#845 = DIRECTION('',(-1.,0.));
#846 = ( GEOMETRIC_REPRESENTATION_CONTEXT(2) 
PARAMETRIC_REPRESENTATION_CONTEXT() REPRESENTATION_CONTEXT('2D SPACE',''
  ) );
#847 = ORIENTED_EDGE('',*,*,#848,.T.);
#848 = EDGE_CURVE('',#825,#849,#851,.T.);
#849 = VERTEX_POINT('',#850);
#850 = CARTESIAN_POINT('',(220.,-54.65087065215,-26.));
#851 = SURFACE_CURVE('',#852,(#857,#864),.PCURVE_S1.);
#852 = CIRCLE('',#853,75.);
#853 = AXIS2_PLACEMENT_3D('',#854,#855,#856);
#854 = CARTESIAN_POINT('',(220.,-125.,4.884981308351E-14));
#855 = DIRECTION('',(1.,0.,2.22044604925E-16));
#856 = DIRECTION('',(2.22044604925E-16,0.,-1.));
#857 = PCURVE('',#240,#858);
#858 = DEFINITIONAL_REPRESENTATION('',(#859),#863);
#859 = LINE('',#860,#861);
#860 = CARTESIAN_POINT('',(0.,458.));
#861 = VECTOR('',#862,1.);
#862 = DIRECTION('',(1.,0.));
#863 = ( GEOMETRIC_REPRESENTATION_CONTEXT(2) 
PARAMETRIC_REPRESENTATION_CONTEXT() REPRESENTATION_CONTEXT('2D SPACE',''
  ) );
#864 = PCURVE('',#327,#865);
#865 = DEFINITIONAL_REPRESENTATION('',(#866),#870);
#866 = CIRCLE('',#867,75.);
#867 = AXIS2_PLACEMENT_2D('',#868,#869);
#868 = CARTESIAN_POINT('',(220.,-45.));
#869 = DIRECTION('',(-1.,0.));
#870 = ( GEOMETRIC_REPRESENTATION_CONTEXT(2) 
PARAMETRIC_REPRESENTATION_CONTEXT() REPRESENTATION_CONTEXT('2D SPACE',''
  ) );
#871 = ORIENTED_EDGE('',*,*,#872,.T.);
#872 = EDGE_CURVE('',#849,#873,#875,.T.);
#873 = VERTEX_POINT('',#874);
#874 = CARTESIAN_POINT('',(238.,-54.65087065215,-26.));
#875 = SURFACE_CURVE('',#876,(#880,#886),.PCURVE_S1.);
#876 = LINE('',#877,#878);
#877 = CARTESIAN_POINT('',(-238.,-54.65087065215,-26.));
#878 = VECTOR('',#879,1.);
#879 = DIRECTION('',(1.,0.,2.22044604925E-16));
#880 = PCURVE('',#240,#881);
#881 = DEFINITIONAL_REPRESENTATION('',(#882),#885);
#882 = B_SPLINE_CURVE_WITH_KNOTS('',1,(#883,#884),.UNSPECIFIED.,.F.,.F.,
  (2,2),(-2.399999999625E-06,476.0000024),.PIECEWISE_BEZIER_KNOTS.);
#883 = CARTESIAN_POINT('',(7.499966578864,-2.400000005398E-06));
#884 = CARTESIAN_POINT('',(7.499966578864,476.0000024));
#885 = ( GEOMETRIC_REPRESENTATION_CONTEXT(2) 
PARAMETRIC_REPRESENTATION_CONTEXT() REPRESENTATION_CONTEXT('2D SPACE',''
  ) );
#886 = PCURVE('',#212,#887);
#887 = DEFINITIONAL_REPRESENTATION('',(#888),#891);
#888 = B_SPLINE_CURVE_WITH_KNOTS('',1,(#889,#890),.UNSPECIFIED.,.F.,.F.,
  (2,2),(-2.399999999625E-06,476.0000024),.PIECEWISE_BEZIER_KNOTS.);
#889 = CARTESIAN_POINT('',(23.9999976,157.34912934784));
#890 = CARTESIAN_POINT('',(500.0000024,157.34912934784));
#891 = ( GEOMETRIC_REPRESENTATION_CONTEXT(2) 
PARAMETRIC_REPRESENTATION_CONTEXT() REPRESENTATION_CONTEXT('2D SPACE',''
  ) );
#892 = ORIENTED_EDGE('',*,*,#893,.T.);
#893 = EDGE_CURVE('',#873,#894,#896,.T.);
#894 = VERTEX_POINT('',#895);
#895 = CARTESIAN_POINT('',(238.,-195.3491293478,-26.));
#896 = SURFACE_CURVE('',#897,(#902,#909),.PCURVE_S1.);
#897 = CIRCLE('',#898,75.);
#898 = AXIS2_PLACEMENT_3D('',#899,#900,#901);
#899 = CARTESIAN_POINT('',(238.,-125.,5.284661597216E-14));
#900 = DIRECTION('',(-1.,0.,0.));
#901 = DIRECTION('',(0.,1.,-7.273661547325E-16));
#902 = PCURVE('',#240,#903);
#903 = DEFINITIONAL_REPRESENTATION('',(#904),#908);
#904 = LINE('',#905,#906);
#905 = CARTESIAN_POINT('',(7.853981633974,476.));
#906 = VECTOR('',#907,1.);
#907 = DIRECTION('',(-1.,-0.));
#908 = ( GEOMETRIC_REPRESENTATION_CONTEXT(2) 
PARAMETRIC_REPRESENTATION_CONTEXT() REPRESENTATION_CONTEXT('2D SPACE',''
  ) );
#909 = PCURVE('',#910,#915);
#910 = PLANE('',#911);
#911 = AXIS2_PLACEMENT_3D('',#912,#913,#914);
#912 = CARTESIAN_POINT('',(238.,-125.,5.284661597216E-14));
#913 = DIRECTION('',(1.,0.,2.22044604925E-16));
#914 = DIRECTION('',(2.22044604925E-16,0.,-1.));
#915 = DEFINITIONAL_REPRESENTATION('',(#916),#924);
#916 = ( BOUNDED_CURVE() B_SPLINE_CURVE(2,(#917,#918,#919,#920,#921,#922
,#923),.UNSPECIFIED.,.T.,.F.) B_SPLINE_CURVE_WITH_KNOTS((1,2,2,2,2,1),(
    -2.094395102393,0.,2.094395102393,4.188790204786,6.28318530718,
8.377580409573),.UNSPECIFIED.) CURVE() GEOMETRIC_REPRESENTATION_ITEM() 
RATIONAL_B_SPLINE_CURVE((1.,0.5,1.,0.5,1.,0.5,1.)) REPRESENTATION_ITEM(
  '') );
#917 = CARTESIAN_POINT('',(5.455246160493E-14,75.));
#918 = CARTESIAN_POINT('',(129.90381056766,75.));
#919 = CARTESIAN_POINT('',(64.951905283833,-37.5));
#920 = CARTESIAN_POINT('',(-9.073522122266E-14,-150.));
#921 = CARTESIAN_POINT('',(-64.95190528383,-37.5));
#922 = CARTESIAN_POINT('',(-129.9038105676,75.));
#923 = CARTESIAN_POINT('',(5.455246160493E-14,75.));
#924 = ( GEOMETRIC_REPRESENTATION_CONTEXT(2) 
PARAMETRIC_REPRESENTATION_CONTEXT() REPRESENTATION_CONTEXT('2D SPACE',''
  ) );
#925 = ORIENTED_EDGE('',*,*,#926,.F.);
#926 = EDGE_CURVE('',#927,#894,#929,.T.);
#927 = VERTEX_POINT('',#928);
#928 = CARTESIAN_POINT('',(194.83063907943,-195.3491293478,-26.));
#929 = SURFACE_CURVE('',#930,(#934,#940),.PCURVE_S1.);
#930 = LINE('',#931,#932);
#931 = CARTESIAN_POINT('',(-238.,-195.3491293478,-26.));
#932 = VECTOR('',#933,1.);
#933 = DIRECTION('',(1.,0.,2.22044604925E-16));
#934 = PCURVE('',#240,#935);
#935 = DEFINITIONAL_REPRESENTATION('',(#936),#939);
#936 = B_SPLINE_CURVE_WITH_KNOTS('',1,(#937,#938),.UNSPECIFIED.,.F.,.F.,
  (2,2),(-2.399999999625E-06,476.0000024),.PIECEWISE_BEZIER_KNOTS.);
#937 = CARTESIAN_POINT('',(5.066404035496,-2.400000005398E-06));
#938 = CARTESIAN_POINT('',(5.066404035496,476.0000024));
#939 = ( GEOMETRIC_REPRESENTATION_CONTEXT(2) 
PARAMETRIC_REPRESENTATION_CONTEXT() REPRESENTATION_CONTEXT('2D SPACE',''
  ) );
#940 = PCURVE('',#212,#941);
#941 = DEFINITIONAL_REPRESENTATION('',(#942),#945);
#942 = B_SPLINE_CURVE_WITH_KNOTS('',1,(#943,#944),.UNSPECIFIED.,.F.,.F.,
  (2,2),(-2.399999999625E-06,476.0000024),.PIECEWISE_BEZIER_KNOTS.);
#943 = CARTESIAN_POINT('',(23.9999976,16.650870652154));
#944 = CARTESIAN_POINT('',(500.0000024,16.650870652154));
#945 = ( GEOMETRIC_REPRESENTATION_CONTEXT(2) 
PARAMETRIC_REPRESENTATION_CONTEXT() REPRESENTATION_CONTEXT('2D SPACE',''
  ) );
#946 = ORIENTED_EDGE('',*,*,#947,.T.);
#947 = EDGE_CURVE('',#927,#948,#950,.T.);
#948 = VERTEX_POINT('',#949);
#949 = CARTESIAN_POINT('',(195.42705808241,-194.5772951471,-28.));
#950 = SURFACE_CURVE('',#951,(#958,#968),.PCURVE_S1.);
#951 = B_SPLINE_CURVE_WITH_KNOTS('',5,(#952,#953,#954,#955,#956,#957),
  .UNSPECIFIED.,.F.,.F.,(6,6),(0.,1.),.PIECEWISE_BEZIER_KNOTS.);
#952 = CARTESIAN_POINT('',(194.83063907942,-195.3491293478,-26.));
#953 = CARTESIAN_POINT('',(194.96285468948,-195.2022756119,
    -26.39734740251));
#954 = CARTESIAN_POINT('',(195.08840205105,-195.0516061711,
    -26.79639168776));
#955 = CARTESIAN_POINT('',(195.20751548776,-194.8972274292,
    -27.19660724451));
#956 = CARTESIAN_POINT('',(195.32036331407,-194.7391601141,
    -27.5977812035));
#957 = CARTESIAN_POINT('',(195.42705824156,-194.5772949057,-28.0000006)
  );
#958 = PCURVE('',#240,#959);
#959 = DEFINITIONAL_REPRESENTATION('',(#960),#967);
#960 = B_SPLINE_CURVE_WITH_KNOTS('',5,(#961,#962,#963,#964,#965,#966),
  .UNSPECIFIED.,.F.,.F.,(6,6),(0.,1.),.PIECEWISE_BEZIER_KNOTS.);
#961 = CARTESIAN_POINT('',(5.066404035496,432.83063907942));
#962 = CARTESIAN_POINT('',(5.072052256109,432.96285468948));
#963 = CARTESIAN_POINT('',(5.077739335644,433.08840205105));
#964 = CARTESIAN_POINT('',(5.083458585376,433.20751548776));
#965 = CARTESIAN_POINT('',(5.089207649354,433.32036331407));
#966 = CARTESIAN_POINT('',(5.094988549531,433.42705824156));
#967 = ( GEOMETRIC_REPRESENTATION_CONTEXT(2) 
PARAMETRIC_REPRESENTATION_CONTEXT() REPRESENTATION_CONTEXT('2D SPACE',''
  ) );
#968 = PCURVE('',#969,#974);
#969 = CYLINDRICAL_SURFACE('',#970,6.5);
#970 = AXIS2_PLACEMENT_3D('',#971,#972,#973);
#971 = CARTESIAN_POINT('',(190.,-191.,-28.));
#972 = DIRECTION('',(0.,0.,1.));
#973 = DIRECTION('',(1.,0.,-0.));
#974 = DEFINITIONAL_REPRESENTATION('',(#975),#982);
#975 = B_SPLINE_CURVE_WITH_KNOTS('',5,(#976,#977,#978,#979,#980,#981),
  .UNSPECIFIED.,.F.,.F.,(6,6),(0.,1.),.PIECEWISE_BEZIER_KNOTS.);
#976 = CARTESIAN_POINT('',(5.550192480747,2.));
#977 = CARTESIAN_POINT('',(5.580592958517,1.602652597488));
#978 = CARTESIAN_POINT('',(5.610743283521,1.203608312231));
#979 = CARTESIAN_POINT('',(5.640713965115,0.803392755483));
#980 = CARTESIAN_POINT('',(5.670572675577,0.40221879649));
#981 = CARTESIAN_POINT('',(5.70039826455,-6.E-07));
#982 = ( GEOMETRIC_REPRESENTATION_CONTEXT(2) 
PARAMETRIC_REPRESENTATION_CONTEXT() REPRESENTATION_CONTEXT('2D SPACE',''
  ) );
#983 = ORIENTED_EDGE('',*,*,#984,.F.);
#984 = EDGE_CURVE('',#985,#948,#987,.T.);
#985 = VERTEX_POINT('',#986);
#986 = CARTESIAN_POINT('',(184.57294191759,-194.5772951471,-28.));
#987 = SURFACE_CURVE('',#988,(#992,#998),.PCURVE_S1.);
#988 = LINE('',#989,#990);
#989 = CARTESIAN_POINT('',(-238.,-194.5772951471,-28.));
#990 = VECTOR('',#991,1.);
#991 = DIRECTION('',(1.,0.,2.22044604925E-16));
#992 = PCURVE('',#240,#993);
#993 = DEFINITIONAL_REPRESENTATION('',(#994),#997);
#994 = B_SPLINE_CURVE_WITH_KNOTS('',1,(#995,#996),.UNSPECIFIED.,.F.,.F.,
  (2,2),(420.2,435.8),.PIECEWISE_BEZIER_KNOTS.);
#995 = CARTESIAN_POINT('',(5.094988540908,420.2));
#996 = CARTESIAN_POINT('',(5.094988540908,435.8));
#997 = ( GEOMETRIC_REPRESENTATION_CONTEXT(2) 
PARAMETRIC_REPRESENTATION_CONTEXT() REPRESENTATION_CONTEXT('2D SPACE',''
  ) );
#998 = PCURVE('',#999,#1004);
#999 = PLANE('',#1000);
#1000 = AXIS2_PLACEMENT_3D('',#1001,#1002,#1003);
#1001 = CARTESIAN_POINT('',(190.,-191.,-28.));
#1002 = DIRECTION('',(0.,0.,1.));
#1003 = DIRECTION('',(1.,0.,-0.));
#1004 = DEFINITIONAL_REPRESENTATION('',(#1005),#1008);
#1005 = B_SPLINE_CURVE_WITH_KNOTS('',1,(#1006,#1007),.UNSPECIFIED.,.F.,
  .F.,(2,2),(420.2,435.8),.PIECEWISE_BEZIER_KNOTS.);
#1006 = CARTESIAN_POINT('',(-7.8,-3.577295147196));
#1007 = CARTESIAN_POINT('',(7.8,-3.577295147196));
#1008 = ( GEOMETRIC_REPRESENTATION_CONTEXT(2) 
PARAMETRIC_REPRESENTATION_CONTEXT() REPRESENTATION_CONTEXT('2D SPACE',''
  ) );
#1009 = ORIENTED_EDGE('',*,*,#1010,.T.);
#1010 = EDGE_CURVE('',#985,#1011,#1013,.T.);
#1011 = VERTEX_POINT('',#1012);
#1012 = CARTESIAN_POINT('',(185.16936092057,-195.3491293478,-26.));
#1013 = SURFACE_CURVE('',#1014,(#1021,#1031),.PCURVE_S1.);
#1014 = B_SPLINE_CURVE_WITH_KNOTS('',5,(#1015,#1016,#1017,#1018,#1019,
    #1020),.UNSPECIFIED.,.F.,.F.,(6,6),(0.,1.),
  .PIECEWISE_BEZIER_KNOTS.);
#1015 = CARTESIAN_POINT('',(184.57294175843,-194.5772949057,-28.0000006)
  );
#1016 = CARTESIAN_POINT('',(184.67963681072,-194.7391603035,
    -27.59778073303));
#1017 = CARTESIAN_POINT('',(184.792484602,-194.8972275354,
    -27.19660696097));
#1018 = CARTESIAN_POINT('',(184.91159792162,-195.051606122,
    -26.79639180627));
#1019 = CARTESIAN_POINT('',(185.03714520237,-195.2022754917,
    -26.3973477275));
#1020 = CARTESIAN_POINT('',(185.16936092057,-195.3491293478,-26.));
#1021 = PCURVE('',#240,#1022);
#1022 = DEFINITIONAL_REPRESENTATION('',(#1023),#1030);
#1023 = B_SPLINE_CURVE_WITH_KNOTS('',5,(#1024,#1025,#1026,#1027,#1028,
    #1029),.UNSPECIFIED.,.F.,.F.,(6,6),(0.,1.),
  .PIECEWISE_BEZIER_KNOTS.);
#1024 = CARTESIAN_POINT('',(5.094988549531,422.57294175843));
#1025 = CARTESIAN_POINT('',(5.089207642592,422.67963681072));
#1026 = CARTESIAN_POINT('',(5.08345858134,422.792484602));
#1027 = CARTESIAN_POINT('',(5.077739337353,422.91159792162));
#1028 = CARTESIAN_POINT('',(5.072052260729,423.03714520237));
#1029 = CARTESIAN_POINT('',(5.066404035496,423.16936092057));
#1030 = ( GEOMETRIC_REPRESENTATION_CONTEXT(2) 
PARAMETRIC_REPRESENTATION_CONTEXT() REPRESENTATION_CONTEXT('2D SPACE',''
  ) );
#1031 = PCURVE('',#969,#1032);
#1032 = DEFINITIONAL_REPRESENTATION('',(#1033),#1040);
#1033 = B_SPLINE_CURVE_WITH_KNOTS('',5,(#1034,#1035,#1036,#1037,#1038,
    #1039),.UNSPECIFIED.,.F.,.F.,(6,6),(0.,1.),
  .PIECEWISE_BEZIER_KNOTS.);
#1034 = CARTESIAN_POINT('',(3.724379696219,-6.E-07));
#1035 = CARTESIAN_POINT('',(3.75420532008,0.40221926697));
#1036 = CARTESIAN_POINT('',(3.784064016898,0.803393039022));
#1037 = CARTESIAN_POINT('',(3.814034668822,1.203608193725));
#1038 = CARTESIAN_POINT('',(3.844184977388,1.6026522725));
#1039 = CARTESIAN_POINT('',(3.874585480022,2.));
#1040 = ( GEOMETRIC_REPRESENTATION_CONTEXT(2) 
PARAMETRIC_REPRESENTATION_CONTEXT() REPRESENTATION_CONTEXT('2D SPACE',''
  ) );
#1041 = ORIENTED_EDGE('',*,*,#1042,.F.);
#1042 = EDGE_CURVE('',#1043,#1011,#1045,.T.);
#1043 = VERTEX_POINT('',#1044);
#1044 = CARTESIAN_POINT('',(162.46679425889,-195.3491293478,-26.));
#1045 = SURFACE_CURVE('',#1046,(#1050,#1056),.PCURVE_S1.);
#1046 = LINE('',#1047,#1048);
#1047 = CARTESIAN_POINT('',(-238.,-195.3491293478,-26.));
#1048 = VECTOR('',#1049,1.);
#1049 = DIRECTION('',(1.,0.,2.22044604925E-16));
#1050 = PCURVE('',#240,#1051);
#1051 = DEFINITIONAL_REPRESENTATION('',(#1052),#1055);
#1052 = B_SPLINE_CURVE_WITH_KNOTS('',1,(#1053,#1054),.UNSPECIFIED.,.F.,
  .F.,(2,2),(-2.399999999625E-06,476.0000024),.PIECEWISE_BEZIER_KNOTS.);
#1053 = CARTESIAN_POINT('',(5.066404035496,-2.400000005398E-06));
#1054 = CARTESIAN_POINT('',(5.066404035496,476.0000024));
#1055 = ( GEOMETRIC_REPRESENTATION_CONTEXT(2) 
PARAMETRIC_REPRESENTATION_CONTEXT() REPRESENTATION_CONTEXT('2D SPACE',''
  ) );
#1056 = PCURVE('',#212,#1057);
#1057 = DEFINITIONAL_REPRESENTATION('',(#1058),#1061);
#1058 = B_SPLINE_CURVE_WITH_KNOTS('',1,(#1059,#1060),.UNSPECIFIED.,.F.,
  .F.,(2,2),(-2.399999999625E-06,476.0000024),.PIECEWISE_BEZIER_KNOTS.);
#1059 = CARTESIAN_POINT('',(23.9999976,16.650870652154));
#1060 = CARTESIAN_POINT('',(500.0000024,16.650870652154));
#1061 = ( GEOMETRIC_REPRESENTATION_CONTEXT(2) 
PARAMETRIC_REPRESENTATION_CONTEXT() REPRESENTATION_CONTEXT('2D SPACE',''
  ) );
#1062 = ORIENTED_EDGE('',*,*,#1063,.T.);
#1063 = EDGE_CURVE('',#1043,#1064,#1066,.T.);
#1064 = VERTEX_POINT('',#1065);
#1065 = CARTESIAN_POINT('',(163.49327345477,-194.5772951471,-28.));
#1066 = SURFACE_CURVE('',#1067,(#1074,#1084),.PCURVE_S1.);
#1067 = B_SPLINE_CURVE_WITH_KNOTS('',5,(#1068,#1069,#1070,#1071,#1072,
    #1073),.UNSPECIFIED.,.F.,.F.,(6,6),(0.,1.),
  .PIECEWISE_BEZIER_KNOTS.);
#1068 = CARTESIAN_POINT('',(162.46679425889,-195.3491293478,-26.));
#1069 = CARTESIAN_POINT('',(162.71309597001,-195.2094288242,
    -26.37799270008));
#1070 = CARTESIAN_POINT('',(162.93560393959,-195.0601782987,
    -26.77401750824));
#1071 = CARTESIAN_POINT('',(163.13729175428,-194.9048994082,
    -27.17697765168));
#1072 = CARTESIAN_POINT('',(163.32203482259,-194.7445118364,
    -27.58448269104));
#1073 = CARTESIAN_POINT('',(163.49327370204,-194.5772949057,-28.0000006)
  );
#1074 = PCURVE('',#240,#1075);
#1075 = DEFINITIONAL_REPRESENTATION('',(#1076),#1083);
#1076 = B_SPLINE_CURVE_WITH_KNOTS('',5,(#1077,#1078,#1079,#1080,#1081,
    #1082),.UNSPECIFIED.,.F.,.F.,(6,6),(0.,1.),
  .PIECEWISE_BEZIER_KNOTS.);
#1077 = CARTESIAN_POINT('',(5.066404035496,400.46679425889));
#1078 = CARTESIAN_POINT('',(5.071777132556,400.71309597001));
#1079 = CARTESIAN_POINT('',(5.077419886479,400.93560393959));
#1080 = CARTESIAN_POINT('',(5.083177587226,401.13729175428));
#1081 = CARTESIAN_POINT('',(5.08901651642,401.32203482259));
#1082 = CARTESIAN_POINT('',(5.094988549531,401.49327370204));
#1083 = ( GEOMETRIC_REPRESENTATION_CONTEXT(2) 
PARAMETRIC_REPRESENTATION_CONTEXT() REPRESENTATION_CONTEXT('2D SPACE',''
  ) );
#1084 = PCURVE('',#1085,#1090);
#1085 = CYLINDRICAL_SURFACE('',#1086,5.);
#1086 = AXIS2_PLACEMENT_3D('',#1087,#1088,#1089);
#1087 = CARTESIAN_POINT('',(160.,-191.,-28.));
#1088 = DIRECTION('',(0.,0.,1.));
#1089 = DIRECTION('',(1.,0.,-0.));
#1090 = DEFINITIONAL_REPRESENTATION('',(#1091),#1098);
#1091 = B_SPLINE_CURVE_WITH_KNOTS('',5,(#1092,#1093,#1094,#1095,#1096,
    #1097),.UNSPECIFIED.,.F.,.F.,(6,6),(0.,1.),
  .PIECEWISE_BEZIER_KNOTS.);
#1092 = CARTESIAN_POINT('',(5.228336045354,2.));
#1093 = CARTESIAN_POINT('',(5.284968463344,1.622007299917));
#1094 = CARTESIAN_POINT('',(5.338404073481,1.225982491752));
#1095 = CARTESIAN_POINT('',(5.389189970555,0.823022348317));
#1096 = CARTESIAN_POINT('',(5.438036212465,0.41551730896));
#1097 = CARTESIAN_POINT('',(5.48590447157,-6.E-07));
#1098 = ( GEOMETRIC_REPRESENTATION_CONTEXT(2) 
PARAMETRIC_REPRESENTATION_CONTEXT() REPRESENTATION_CONTEXT('2D SPACE',''
  ) );
#1099 = ORIENTED_EDGE('',*,*,#1100,.F.);
#1100 = EDGE_CURVE('',#1101,#1064,#1103,.T.);
#1101 = VERTEX_POINT('',#1102);
#1102 = CARTESIAN_POINT('',(156.50672654522,-194.5772951471,-28.));
#1103 = SURFACE_CURVE('',#1104,(#1108,#1114),.PCURVE_S1.);
#1104 = LINE('',#1105,#1106);
#1105 = CARTESIAN_POINT('',(-238.,-194.5772951471,-28.));
#1106 = VECTOR('',#1107,1.);
#1107 = DIRECTION('',(1.,0.,2.22044604925E-16));
#1108 = PCURVE('',#240,#1109);
#1109 = DEFINITIONAL_REPRESENTATION('',(#1110),#1113);
#1110 = B_SPLINE_CURVE_WITH_KNOTS('',1,(#1111,#1112),.UNSPECIFIED.,.F.,
  .F.,(2,2),(392.,404.),.PIECEWISE_BEZIER_KNOTS.);
#1111 = CARTESIAN_POINT('',(5.094988540908,392.));
#1112 = CARTESIAN_POINT('',(5.094988540908,404.));
#1113 = ( GEOMETRIC_REPRESENTATION_CONTEXT(2) 
PARAMETRIC_REPRESENTATION_CONTEXT() REPRESENTATION_CONTEXT('2D SPACE',''
  ) );
#1114 = PCURVE('',#1115,#1120);
#1115 = PLANE('',#1116);
#1116 = AXIS2_PLACEMENT_3D('',#1117,#1118,#1119);
#1117 = CARTESIAN_POINT('',(160.,-191.,-28.));
#1118 = DIRECTION('',(0.,0.,1.));
#1119 = DIRECTION('',(1.,0.,-0.));
#1120 = DEFINITIONAL_REPRESENTATION('',(#1121),#1124);
#1121 = B_SPLINE_CURVE_WITH_KNOTS('',1,(#1122,#1123),.UNSPECIFIED.,.F.,
  .F.,(2,2),(392.,404.),.PIECEWISE_BEZIER_KNOTS.);
#1122 = CARTESIAN_POINT('',(-6.,-3.577295147196));
#1123 = CARTESIAN_POINT('',(6.,-3.577295147196));
#1124 = ( GEOMETRIC_REPRESENTATION_CONTEXT(2) 
PARAMETRIC_REPRESENTATION_CONTEXT() REPRESENTATION_CONTEXT('2D SPACE',''
  ) );
#1125 = ORIENTED_EDGE('',*,*,#1126,.T.);
#1126 = EDGE_CURVE('',#1101,#1127,#1129,.T.);
#1127 = VERTEX_POINT('',#1128);
#1128 = CARTESIAN_POINT('',(157.5332057411,-195.3491293478,-26.));
#1129 = SURFACE_CURVE('',#1130,(#1137,#1147),.PCURVE_S1.);
#1130 = B_SPLINE_CURVE_WITH_KNOTS('',5,(#1131,#1132,#1133,#1134,#1135,
    #1136),.UNSPECIFIED.,.F.,.F.,(6,6),(0.,1.),
  .PIECEWISE_BEZIER_KNOTS.);
#1131 = CARTESIAN_POINT('',(156.50672629795,-194.5772949057,-28.0000006)
  );
#1132 = CARTESIAN_POINT('',(156.6779699342,-194.7445164815,
    -27.58447114846));
#1133 = CARTESIAN_POINT('',(156.86271173153,-194.904901689,
    -27.17697145131));
#1134 = CARTESIAN_POINT('',(157.06439390426,-195.06017593,
    -26.77402349757));
#1135 = CARTESIAN_POINT('',(157.28689795237,-195.2094253771,
    -26.37800202724));
#1136 = CARTESIAN_POINT('',(157.5332057411,-195.3491293478,-26.));
#1137 = PCURVE('',#240,#1138);
#1138 = DEFINITIONAL_REPRESENTATION('',(#1139),#1146);
#1139 = B_SPLINE_CURVE_WITH_KNOTS('',5,(#1140,#1141,#1142,#1143,#1144,
    #1145),.UNSPECIFIED.,.F.,.F.,(6,6),(0.,1.),
  .PIECEWISE_BEZIER_KNOTS.);
#1140 = CARTESIAN_POINT('',(5.094988549531,394.50672629795));
#1141 = CARTESIAN_POINT('',(5.089016350525,394.6779699342));
#1142 = CARTESIAN_POINT('',(5.083177499167,394.86271173153));
#1143 = CARTESIAN_POINT('',(5.077419972336,395.06439390426));
#1144 = CARTESIAN_POINT('',(5.07177726514,395.28689795237));
#1145 = CARTESIAN_POINT('',(5.066404035496,395.5332057411));
#1146 = ( GEOMETRIC_REPRESENTATION_CONTEXT(2) 
PARAMETRIC_REPRESENTATION_CONTEXT() REPRESENTATION_CONTEXT('2D SPACE',''
  ) );
#1147 = PCURVE('',#1085,#1148);
#1148 = DEFINITIONAL_REPRESENTATION('',(#1149),#1156);
#1149 = B_SPLINE_CURVE_WITH_KNOTS('',5,(#1150,#1151,#1152,#1153,#1154,
    #1155),.UNSPECIFIED.,.F.,.F.,(6,6),(0.,1.),
  .PIECEWISE_BEZIER_KNOTS.);
#1150 = CARTESIAN_POINT('',(3.938873489199,-6.E-07));
#1151 = CARTESIAN_POINT('',(3.986743078026,0.415528851536));
#1152 = CARTESIAN_POINT('',(4.0355888049,0.823028548685));
#1153 = CARTESIAN_POINT('',(4.086373275437,1.225976502424));
#1154 = CARTESIAN_POINT('',(4.139808099993,1.62199797276));
#1155 = CARTESIAN_POINT('',(4.196441915415,2.));
#1156 = ( GEOMETRIC_REPRESENTATION_CONTEXT(2) 
PARAMETRIC_REPRESENTATION_CONTEXT() REPRESENTATION_CONTEXT('2D SPACE',''
  ) );
#1157 = ORIENTED_EDGE('',*,*,#1158,.F.);
#1158 = EDGE_CURVE('',#1159,#1127,#1161,.T.);
#1159 = VERTEX_POINT('',#1160);
#1160 = CARTESIAN_POINT('',(99.830639079429,-195.3491293478,-26.));
#1161 = SURFACE_CURVE('',#1162,(#1166,#1172),.PCURVE_S1.);
#1162 = LINE('',#1163,#1164);
#1163 = CARTESIAN_POINT('',(-238.,-195.3491293478,-26.));
#1164 = VECTOR('',#1165,1.);
#1165 = DIRECTION('',(1.,0.,2.22044604925E-16));
#1166 = PCURVE('',#240,#1167);
#1167 = DEFINITIONAL_REPRESENTATION('',(#1168),#1171);
#1168 = B_SPLINE_CURVE_WITH_KNOTS('',1,(#1169,#1170),.UNSPECIFIED.,.F.,
  .F.,(2,2),(-2.399999999625E-06,476.0000024),.PIECEWISE_BEZIER_KNOTS.);
#1169 = CARTESIAN_POINT('',(5.066404035496,-2.400000005398E-06));
#1170 = CARTESIAN_POINT('',(5.066404035496,476.0000024));
#1171 = ( GEOMETRIC_REPRESENTATION_CONTEXT(2) 
PARAMETRIC_REPRESENTATION_CONTEXT() REPRESENTATION_CONTEXT('2D SPACE',''
  ) );
#1172 = PCURVE('',#212,#1173);
#1173 = DEFINITIONAL_REPRESENTATION('',(#1174),#1177);
#1174 = B_SPLINE_CURVE_WITH_KNOTS('',1,(#1175,#1176),.UNSPECIFIED.,.F.,
  .F.,(2,2),(-2.399999999625E-06,476.0000024),.PIECEWISE_BEZIER_KNOTS.);
#1175 = CARTESIAN_POINT('',(23.9999976,16.650870652154));
#1176 = CARTESIAN_POINT('',(500.0000024,16.650870652154));
#1177 = ( GEOMETRIC_REPRESENTATION_CONTEXT(2) 
PARAMETRIC_REPRESENTATION_CONTEXT() REPRESENTATION_CONTEXT('2D SPACE',''
  ) );
#1178 = ORIENTED_EDGE('',*,*,#1179,.T.);
#1179 = EDGE_CURVE('',#1159,#1180,#1182,.T.);
#1180 = VERTEX_POINT('',#1181);
#1181 = CARTESIAN_POINT('',(100.42705808241,-194.5772951471,-28.));
#1182 = SURFACE_CURVE('',#1183,(#1190,#1200),.PCURVE_S1.);
#1183 = B_SPLINE_CURVE_WITH_KNOTS('',5,(#1184,#1185,#1186,#1187,#1188,
    #1189),.UNSPECIFIED.,.F.,.F.,(6,6),(0.,1.),
  .PIECEWISE_BEZIER_KNOTS.);
#1184 = CARTESIAN_POINT('',(99.830639079429,-195.3491293478,-26.));
#1185 = CARTESIAN_POINT('',(99.962854689484,-195.2022756119,
    -26.39734740251));
#1186 = CARTESIAN_POINT('',(100.08840205105,-195.0516061711,
    -26.79639168776));
#1187 = CARTESIAN_POINT('',(100.20751548776,-194.8972274292,
    -27.19660724451));
#1188 = CARTESIAN_POINT('',(100.32036331407,-194.7391601141,
    -27.5977812035));
#1189 = CARTESIAN_POINT('',(100.42705824156,-194.5772949057,-28.0000006)
  );
#1190 = PCURVE('',#240,#1191);
#1191 = DEFINITIONAL_REPRESENTATION('',(#1192),#1199);
#1192 = B_SPLINE_CURVE_WITH_KNOTS('',5,(#1193,#1194,#1195,#1196,#1197,
    #1198),.UNSPECIFIED.,.F.,.F.,(6,6),(0.,1.),
  .PIECEWISE_BEZIER_KNOTS.);
#1193 = CARTESIAN_POINT('',(5.066404035496,337.83063907942));
#1194 = CARTESIAN_POINT('',(5.072052256109,337.96285468948));
#1195 = CARTESIAN_POINT('',(5.077739335644,338.08840205105));
#1196 = CARTESIAN_POINT('',(5.083458585376,338.20751548776));
#1197 = CARTESIAN_POINT('',(5.089207649354,338.32036331407));
#1198 = CARTESIAN_POINT('',(5.094988549531,338.42705824156));
#1199 = ( GEOMETRIC_REPRESENTATION_CONTEXT(2) 
PARAMETRIC_REPRESENTATION_CONTEXT() REPRESENTATION_CONTEXT('2D SPACE',''
  ) );
#1200 = PCURVE('',#1201,#1206);
#1201 = CYLINDRICAL_SURFACE('',#1202,6.5);
#1202 = AXIS2_PLACEMENT_3D('',#1203,#1204,#1205);
#1203 = CARTESIAN_POINT('',(95.,-191.,-28.));
#1204 = DIRECTION('',(0.,0.,1.));
#1205 = DIRECTION('',(1.,0.,-0.));
#1206 = DEFINITIONAL_REPRESENTATION('',(#1207),#1214);
#1207 = B_SPLINE_CURVE_WITH_KNOTS('',5,(#1208,#1209,#1210,#1211,#1212,
    #1213),.UNSPECIFIED.,.F.,.F.,(6,6),(0.,1.),
  .PIECEWISE_BEZIER_KNOTS.);
#1208 = CARTESIAN_POINT('',(5.550192480747,2.));
#1209 = CARTESIAN_POINT('',(5.580592958517,1.602652597488));
#1210 = CARTESIAN_POINT('',(5.610743283521,1.203608312231));
#1211 = CARTESIAN_POINT('',(5.640713965115,0.803392755482));
#1212 = CARTESIAN_POINT('',(5.670572675577,0.402218796491));
#1213 = CARTESIAN_POINT('',(5.70039826455,-6.E-07));
#1214 = ( GEOMETRIC_REPRESENTATION_CONTEXT(2) 
PARAMETRIC_REPRESENTATION_CONTEXT() REPRESENTATION_CONTEXT('2D SPACE',''
  ) );
#1215 = ORIENTED_EDGE('',*,*,#1216,.F.);
#1216 = EDGE_CURVE('',#1217,#1180,#1219,.T.);
#1217 = VERTEX_POINT('',#1218);
#1218 = CARTESIAN_POINT('',(89.57294191759,-194.5772951471,-28.));
#1219 = SURFACE_CURVE('',#1220,(#1224,#1230),.PCURVE_S1.);
#1220 = LINE('',#1221,#1222);
#1221 = CARTESIAN_POINT('',(-238.,-194.5772951471,-28.));
#1222 = VECTOR('',#1223,1.);
#1223 = DIRECTION('',(1.,0.,2.22044604925E-16));
#1224 = PCURVE('',#240,#1225);
#1225 = DEFINITIONAL_REPRESENTATION('',(#1226),#1229);
#1226 = B_SPLINE_CURVE_WITH_KNOTS('',1,(#1227,#1228),.UNSPECIFIED.,.F.,
  .F.,(2,2),(325.2,340.8),.PIECEWISE_BEZIER_KNOTS.);
#1227 = CARTESIAN_POINT('',(5.094988540908,325.2));
#1228 = CARTESIAN_POINT('',(5.094988540908,340.8));
#1229 = ( GEOMETRIC_REPRESENTATION_CONTEXT(2) 
PARAMETRIC_REPRESENTATION_CONTEXT() REPRESENTATION_CONTEXT('2D SPACE',''
  ) );
#1230 = PCURVE('',#1231,#1236);
#1231 = PLANE('',#1232);
#1232 = AXIS2_PLACEMENT_3D('',#1233,#1234,#1235);
#1233 = CARTESIAN_POINT('',(95.,-191.,-28.));
#1234 = DIRECTION('',(0.,0.,1.));
#1235 = DIRECTION('',(1.,0.,-0.));
#1236 = DEFINITIONAL_REPRESENTATION('',(#1237),#1240);
#1237 = B_SPLINE_CURVE_WITH_KNOTS('',1,(#1238,#1239),.UNSPECIFIED.,.F.,
  .F.,(2,2),(325.2,340.8),.PIECEWISE_BEZIER_KNOTS.);
#1238 = CARTESIAN_POINT('',(-7.8,-3.577295147196));
#1239 = CARTESIAN_POINT('',(7.8,-3.577295147196));
#1240 = ( GEOMETRIC_REPRESENTATION_CONTEXT(2) 
PARAMETRIC_REPRESENTATION_CONTEXT() REPRESENTATION_CONTEXT('2D SPACE',''
  ) );
#1241 = ORIENTED_EDGE('',*,*,#1242,.T.);
#1242 = EDGE_CURVE('',#1217,#1243,#1245,.T.);
#1243 = VERTEX_POINT('',#1244);
#1244 = CARTESIAN_POINT('',(90.169360920571,-195.3491293478,-26.));
#1245 = SURFACE_CURVE('',#1246,(#1253,#1263),.PCURVE_S1.);
#1246 = B_SPLINE_CURVE_WITH_KNOTS('',5,(#1247,#1248,#1249,#1250,#1251,
    #1252),.UNSPECIFIED.,.F.,.F.,(6,6),(0.,1.),
  .PIECEWISE_BEZIER_KNOTS.);
#1247 = CARTESIAN_POINT('',(89.572941758431,-194.5772949057,-28.0000006)
  );
#1248 = CARTESIAN_POINT('',(89.679636810727,-194.7391603035,
    -27.59778073302));
#1249 = CARTESIAN_POINT('',(89.792484602003,-194.8972275354,
    -27.19660696097));
#1250 = CARTESIAN_POINT('',(89.911597921624,-195.051606122,
    -26.79639180627));
#1251 = CARTESIAN_POINT('',(90.037145202377,-195.2022754917,
    -26.3973477275));
#1252 = CARTESIAN_POINT('',(90.169360920571,-195.3491293478,-26.));
#1253 = PCURVE('',#240,#1254);
#1254 = DEFINITIONAL_REPRESENTATION('',(#1255),#1262);
#1255 = B_SPLINE_CURVE_WITH_KNOTS('',5,(#1256,#1257,#1258,#1259,#1260,
    #1261),.UNSPECIFIED.,.F.,.F.,(6,6),(0.,1.),
  .PIECEWISE_BEZIER_KNOTS.);
#1256 = CARTESIAN_POINT('',(5.094988549531,327.57294175843));
#1257 = CARTESIAN_POINT('',(5.089207642592,327.67963681072));
#1258 = CARTESIAN_POINT('',(5.08345858134,327.792484602));
#1259 = CARTESIAN_POINT('',(5.077739337353,327.91159792162));
#1260 = CARTESIAN_POINT('',(5.072052260729,328.03714520237));
#1261 = CARTESIAN_POINT('',(5.066404035496,328.16936092057));
#1262 = ( GEOMETRIC_REPRESENTATION_CONTEXT(2) 
PARAMETRIC_REPRESENTATION_CONTEXT() REPRESENTATION_CONTEXT('2D SPACE',''
  ) );
#1263 = PCURVE('',#1201,#1264);
#1264 = DEFINITIONAL_REPRESENTATION('',(#1265),#1272);
#1265 = B_SPLINE_CURVE_WITH_KNOTS('',5,(#1266,#1267,#1268,#1269,#1270,
    #1271),.UNSPECIFIED.,.F.,.F.,(6,6),(0.,1.),
  .PIECEWISE_BEZIER_KNOTS.);
#1266 = CARTESIAN_POINT('',(3.724379696219,-6.E-07));
#1267 = CARTESIAN_POINT('',(3.75420532008,0.402219266971));
#1268 = CARTESIAN_POINT('',(3.784064016898,0.803393039023));
#1269 = CARTESIAN_POINT('',(3.814034668822,1.203608193725));
#1270 = CARTESIAN_POINT('',(3.844184977388,1.602652272499));
#1271 = CARTESIAN_POINT('',(3.874585480022,2.));
#1272 = ( GEOMETRIC_REPRESENTATION_CONTEXT(2) 
PARAMETRIC_REPRESENTATION_CONTEXT() REPRESENTATION_CONTEXT('2D SPACE',''
  ) );
#1273 = ORIENTED_EDGE('',*,*,#1274,.F.);
#1274 = EDGE_CURVE('',#1275,#1243,#1277,.T.);
#1275 = VERTEX_POINT('',#1276);
#1276 = CARTESIAN_POINT('',(4.830639079429,-195.3491293478,-26.));
#1277 = SURFACE_CURVE('',#1278,(#1282,#1288),.PCURVE_S1.);
#1278 = LINE('',#1279,#1280);
#1279 = CARTESIAN_POINT('',(-238.,-195.3491293478,-26.));
#1280 = VECTOR('',#1281,1.);
#1281 = DIRECTION('',(1.,0.,2.22044604925E-16));
#1282 = PCURVE('',#240,#1283);
#1283 = DEFINITIONAL_REPRESENTATION('',(#1284),#1287);
#1284 = B_SPLINE_CURVE_WITH_KNOTS('',1,(#1285,#1286),.UNSPECIFIED.,.F.,
  .F.,(2,2),(-2.399999999625E-06,476.0000024),.PIECEWISE_BEZIER_KNOTS.);
#1285 = CARTESIAN_POINT('',(5.066404035496,-2.400000005398E-06));
#1286 = CARTESIAN_POINT('',(5.066404035496,476.0000024));
#1287 = ( GEOMETRIC_REPRESENTATION_CONTEXT(2) 
PARAMETRIC_REPRESENTATION_CONTEXT() REPRESENTATION_CONTEXT('2D SPACE',''
  ) );
#1288 = PCURVE('',#212,#1289);
#1289 = DEFINITIONAL_REPRESENTATION('',(#1290),#1293);
#1290 = B_SPLINE_CURVE_WITH_KNOTS('',1,(#1291,#1292),.UNSPECIFIED.,.F.,
  .F.,(2,2),(-2.399999999625E-06,476.0000024),.PIECEWISE_BEZIER_KNOTS.);
#1291 = CARTESIAN_POINT('',(23.9999976,16.650870652154));
#1292 = CARTESIAN_POINT('',(500.0000024,16.650870652154));
#1293 = ( GEOMETRIC_REPRESENTATION_CONTEXT(2) 
PARAMETRIC_REPRESENTATION_CONTEXT() REPRESENTATION_CONTEXT('2D SPACE',''
  ) );
#1294 = ORIENTED_EDGE('',*,*,#1295,.T.);
#1295 = EDGE_CURVE('',#1275,#1296,#1298,.T.);
#1296 = VERTEX_POINT('',#1297);
#1297 = CARTESIAN_POINT('',(5.42705808241,-194.5772951471,-28.));
#1298 = SURFACE_CURVE('',#1299,(#1306,#1316),.PCURVE_S1.);
#1299 = B_SPLINE_CURVE_WITH_KNOTS('',5,(#1300,#1301,#1302,#1303,#1304,
    #1305),.UNSPECIFIED.,.F.,.F.,(6,6),(0.,1.),
  .PIECEWISE_BEZIER_KNOTS.);
#1300 = CARTESIAN_POINT('',(4.830639079429,-195.3491293478,-26.));
#1301 = CARTESIAN_POINT('',(4.962854689485,-195.2022756118,
    -26.39734740251));
#1302 = CARTESIAN_POINT('',(5.088402051058,-195.0516061711,
    -26.79639168776));
#1303 = CARTESIAN_POINT('',(5.207515487769,-194.8972274292,
    -27.19660724451));
#1304 = CARTESIAN_POINT('',(5.320363314075,-194.7391601141,
    -27.59778120351));
#1305 = CARTESIAN_POINT('',(5.427058241569,-194.5772949057,-28.0000006)
  );
#1306 = PCURVE('',#240,#1307);
#1307 = DEFINITIONAL_REPRESENTATION('',(#1308),#1315);
#1308 = B_SPLINE_CURVE_WITH_KNOTS('',5,(#1309,#1310,#1311,#1312,#1313,
    #1314),.UNSPECIFIED.,.F.,.F.,(6,6),(0.,1.),
  .PIECEWISE_BEZIER_KNOTS.);
#1309 = CARTESIAN_POINT('',(5.066404035496,242.83063907942));
#1310 = CARTESIAN_POINT('',(5.072052256109,242.96285468948));
#1311 = CARTESIAN_POINT('',(5.077739335644,243.08840205105));
#1312 = CARTESIAN_POINT('',(5.083458585376,243.20751548776));
#1313 = CARTESIAN_POINT('',(5.089207649354,243.32036331407));
#1314 = CARTESIAN_POINT('',(5.094988549531,243.42705824156));
#1315 = ( GEOMETRIC_REPRESENTATION_CONTEXT(2) 
PARAMETRIC_REPRESENTATION_CONTEXT() REPRESENTATION_CONTEXT('2D SPACE',''
  ) );
#1316 = PCURVE('',#1317,#1322);
#1317 = CYLINDRICAL_SURFACE('',#1318,6.5);
#1318 = AXIS2_PLACEMENT_3D('',#1319,#1320,#1321);
#1319 = CARTESIAN_POINT('',(0.,-191.,-28.));
#1320 = DIRECTION('',(0.,0.,1.));
#1321 = DIRECTION('',(1.,0.,-0.));
#1322 = DEFINITIONAL_REPRESENTATION('',(#1323),#1330);
#1323 = B_SPLINE_CURVE_WITH_KNOTS('',5,(#1324,#1325,#1326,#1327,#1328,
    #1329),.UNSPECIFIED.,.F.,.F.,(6,6),(0.,1.),
  .PIECEWISE_BEZIER_KNOTS.);
#1324 = CARTESIAN_POINT('',(5.550192480747,2.));
#1325 = CARTESIAN_POINT('',(5.580592958517,1.602652597487));
#1326 = CARTESIAN_POINT('',(5.610743283521,1.203608312232));
#1327 = CARTESIAN_POINT('',(5.640713965115,0.803392755483));
#1328 = CARTESIAN_POINT('',(5.670572675577,0.40221879649));
#1329 = CARTESIAN_POINT('',(5.70039826455,-6.E-07));
#1330 = ( GEOMETRIC_REPRESENTATION_CONTEXT(2) 
PARAMETRIC_REPRESENTATION_CONTEXT() REPRESENTATION_CONTEXT('2D SPACE',''
  ) );
#1331 = ORIENTED_EDGE('',*,*,#1332,.F.);
#1332 = EDGE_CURVE('',#1333,#1296,#1335,.T.);
#1333 = VERTEX_POINT('',#1334);
#1334 = CARTESIAN_POINT('',(-5.42705808241,-194.5772951471,-28.));
#1335 = SURFACE_CURVE('',#1336,(#1340,#1346),.PCURVE_S1.);
#1336 = LINE('',#1337,#1338);
#1337 = CARTESIAN_POINT('',(-238.,-194.5772951471,-28.));
#1338 = VECTOR('',#1339,1.);
#1339 = DIRECTION('',(1.,0.,2.22044604925E-16));
#1340 = PCURVE('',#240,#1341);
#1341 = DEFINITIONAL_REPRESENTATION('',(#1342),#1345);
#1342 = B_SPLINE_CURVE_WITH_KNOTS('',1,(#1343,#1344),.UNSPECIFIED.,.F.,
  .F.,(2,2),(230.2,245.8),.PIECEWISE_BEZIER_KNOTS.);
#1343 = CARTESIAN_POINT('',(5.094988540908,230.2));
#1344 = CARTESIAN_POINT('',(5.094988540908,245.8));
#1345 = ( GEOMETRIC_REPRESENTATION_CONTEXT(2) 
PARAMETRIC_REPRESENTATION_CONTEXT() REPRESENTATION_CONTEXT('2D SPACE',''
  ) );
#1346 = PCURVE('',#1347,#1352);
#1347 = PLANE('',#1348);
#1348 = AXIS2_PLACEMENT_3D('',#1349,#1350,#1351);
#1349 = CARTESIAN_POINT('',(0.,-191.,-28.));
#1350 = DIRECTION('',(0.,0.,1.));
#1351 = DIRECTION('',(1.,0.,-0.));
#1352 = DEFINITIONAL_REPRESENTATION('',(#1353),#1356);
#1353 = B_SPLINE_CURVE_WITH_KNOTS('',1,(#1354,#1355),.UNSPECIFIED.,.F.,
  .F.,(2,2),(230.2,245.8),.PIECEWISE_BEZIER_KNOTS.);
#1354 = CARTESIAN_POINT('',(-7.8,-3.577295147196));
#1355 = CARTESIAN_POINT('',(7.8,-3.577295147196));
#1356 = ( GEOMETRIC_REPRESENTATION_CONTEXT(2) 
PARAMETRIC_REPRESENTATION_CONTEXT() REPRESENTATION_CONTEXT('2D SPACE',''
  ) );
#1357 = ORIENTED_EDGE('',*,*,#1358,.T.);
#1358 = EDGE_CURVE('',#1333,#1359,#1361,.T.);
#1359 = VERTEX_POINT('',#1360);
#1360 = CARTESIAN_POINT('',(-4.830639079429,-195.3491293478,-26.));
#1361 = SURFACE_CURVE('',#1362,(#1369,#1379),.PCURVE_S1.);
#1362 = B_SPLINE_CURVE_WITH_KNOTS('',5,(#1363,#1364,#1365,#1366,#1367,
    #1368),.UNSPECIFIED.,.F.,.F.,(6,6),(0.,1.),
  .PIECEWISE_BEZIER_KNOTS.);
#1363 = CARTESIAN_POINT('',(-5.427058241569,-194.5772949057,-28.0000006)
  );
#1364 = CARTESIAN_POINT('',(-5.320363189273,-194.7391603035,
    -27.59778073303));
#1365 = CARTESIAN_POINT('',(-5.207515397997,-194.8972275354,
    -27.19660696097));
#1366 = CARTESIAN_POINT('',(-5.088402078375,-195.051606122,
    -26.79639180627));
#1367 = CARTESIAN_POINT('',(-4.962854797623,-195.2022754917,
    -26.3973477275));
#1368 = CARTESIAN_POINT('',(-4.830639079429,-195.3491293478,-26.));
#1369 = PCURVE('',#240,#1370);
#1370 = DEFINITIONAL_REPRESENTATION('',(#1371),#1378);
#1371 = B_SPLINE_CURVE_WITH_KNOTS('',5,(#1372,#1373,#1374,#1375,#1376,
    #1377),.UNSPECIFIED.,.F.,.F.,(6,6),(0.,1.),
  .PIECEWISE_BEZIER_KNOTS.);
#1372 = CARTESIAN_POINT('',(5.094988549531,232.57294175843));
#1373 = CARTESIAN_POINT('',(5.089207642592,232.67963681072));
#1374 = CARTESIAN_POINT('',(5.08345858134,232.792484602));
#1375 = CARTESIAN_POINT('',(5.077739337353,232.91159792162));
#1376 = CARTESIAN_POINT('',(5.072052260729,233.03714520237));
#1377 = CARTESIAN_POINT('',(5.066404035496,233.16936092057));
#1378 = ( GEOMETRIC_REPRESENTATION_CONTEXT(2) 
PARAMETRIC_REPRESENTATION_CONTEXT() REPRESENTATION_CONTEXT('2D SPACE',''
  ) );
#1379 = PCURVE('',#1317,#1380);
#1380 = DEFINITIONAL_REPRESENTATION('',(#1381),#1388);
#1381 = B_SPLINE_CURVE_WITH_KNOTS('',5,(#1382,#1383,#1384,#1385,#1386,
    #1387),.UNSPECIFIED.,.F.,.F.,(6,6),(0.,1.),
  .PIECEWISE_BEZIER_KNOTS.);
#1382 = CARTESIAN_POINT('',(3.724379696219,-6.E-07));
#1383 = CARTESIAN_POINT('',(3.75420532008,0.40221926697));
#1384 = CARTESIAN_POINT('',(3.784064016898,0.803393039023));
#1385 = CARTESIAN_POINT('',(3.814034668822,1.203608193725));
#1386 = CARTESIAN_POINT('',(3.844184977388,1.602652272498));
#1387 = CARTESIAN_POINT('',(3.874585480022,2.));
#1388 = ( GEOMETRIC_REPRESENTATION_CONTEXT(2) 
PARAMETRIC_REPRESENTATION_CONTEXT() REPRESENTATION_CONTEXT('2D SPACE',''
  ) );
#1389 = ORIENTED_EDGE('',*,*,#1390,.F.);
#1390 = EDGE_CURVE('',#1391,#1359,#1393,.T.);
#1391 = VERTEX_POINT('',#1392);
#1392 = CARTESIAN_POINT('',(-90.16936092057,-195.3491293478,-26.));
#1393 = SURFACE_CURVE('',#1394,(#1398,#1404),.PCURVE_S1.);
#1394 = LINE('',#1395,#1396);
#1395 = CARTESIAN_POINT('',(-238.,-195.3491293478,-26.));
#1396 = VECTOR('',#1397,1.);
#1397 = DIRECTION('',(1.,0.,2.22044604925E-16));
#1398 = PCURVE('',#240,#1399);
#1399 = DEFINITIONAL_REPRESENTATION('',(#1400),#1403);
#1400 = B_SPLINE_CURVE_WITH_KNOTS('',1,(#1401,#1402),.UNSPECIFIED.,.F.,
  .F.,(2,2),(-2.399999999625E-06,476.0000024),.PIECEWISE_BEZIER_KNOTS.);
#1401 = CARTESIAN_POINT('',(5.066404035496,-2.400000005398E-06));
#1402 = CARTESIAN_POINT('',(5.066404035496,476.0000024));
#1403 = ( GEOMETRIC_REPRESENTATION_CONTEXT(2) 
PARAMETRIC_REPRESENTATION_CONTEXT() REPRESENTATION_CONTEXT('2D SPACE',''
  ) );
#1404 = PCURVE('',#212,#1405);
#1405 = DEFINITIONAL_REPRESENTATION('',(#1406),#1409);
#1406 = B_SPLINE_CURVE_WITH_KNOTS('',1,(#1407,#1408),.UNSPECIFIED.,.F.,
  .F.,(2,2),(-2.399999999625E-06,476.0000024),.PIECEWISE_BEZIER_KNOTS.);
#1407 = CARTESIAN_POINT('',(23.9999976,16.650870652154));
#1408 = CARTESIAN_POINT('',(500.0000024,16.650870652154));
#1409 = ( GEOMETRIC_REPRESENTATION_CONTEXT(2) 
PARAMETRIC_REPRESENTATION_CONTEXT() REPRESENTATION_CONTEXT('2D SPACE',''
  ) );
#1410 = ORIENTED_EDGE('',*,*,#1411,.T.);
#1411 = EDGE_CURVE('',#1391,#1412,#1414,.T.);
#1412 = VERTEX_POINT('',#1413);
#1413 = CARTESIAN_POINT('',(-89.57294191759,-194.5772951471,-28.));
#1414 = SURFACE_CURVE('',#1415,(#1422,#1432),.PCURVE_S1.);
#1415 = B_SPLINE_CURVE_WITH_KNOTS('',5,(#1416,#1417,#1418,#1419,#1420,
    #1421),.UNSPECIFIED.,.F.,.F.,(6,6),(0.,1.),
  .PIECEWISE_BEZIER_KNOTS.);
#1416 = CARTESIAN_POINT('',(-90.16936092057,-195.3491293478,-26.));
#1417 = CARTESIAN_POINT('',(-90.03714531051,-195.2022756118,
    -26.39734740251));
#1418 = CARTESIAN_POINT('',(-89.91159794894,-195.0516061711,
    -26.79639168776));
#1419 = CARTESIAN_POINT('',(-89.79248451223,-194.8972274292,
    -27.19660724451));
#1420 = CARTESIAN_POINT('',(-89.67963668592,-194.7391601141,
    -27.59778120351));
#1421 = CARTESIAN_POINT('',(-89.57294175843,-194.5772949057,-28.0000006)
  );
#1422 = PCURVE('',#240,#1423);
#1423 = DEFINITIONAL_REPRESENTATION('',(#1424),#1431);
#1424 = B_SPLINE_CURVE_WITH_KNOTS('',5,(#1425,#1426,#1427,#1428,#1429,
    #1430),.UNSPECIFIED.,.F.,.F.,(6,6),(0.,1.),
  .PIECEWISE_BEZIER_KNOTS.);
#1425 = CARTESIAN_POINT('',(5.066404035496,147.83063907942));
#1426 = CARTESIAN_POINT('',(5.072052256109,147.96285468948));
#1427 = CARTESIAN_POINT('',(5.077739335644,148.08840205105));
#1428 = CARTESIAN_POINT('',(5.083458585376,148.20751548776));
#1429 = CARTESIAN_POINT('',(5.089207649354,148.32036331407));
#1430 = CARTESIAN_POINT('',(5.094988549531,148.42705824156));
#1431 = ( GEOMETRIC_REPRESENTATION_CONTEXT(2) 
PARAMETRIC_REPRESENTATION_CONTEXT() REPRESENTATION_CONTEXT('2D SPACE',''
  ) );
#1432 = PCURVE('',#1433,#1438);
#1433 = CYLINDRICAL_SURFACE('',#1434,6.5);
#1434 = AXIS2_PLACEMENT_3D('',#1435,#1436,#1437);
#1435 = CARTESIAN_POINT('',(-95.,-191.,-28.));
#1436 = DIRECTION('',(0.,0.,1.));
#1437 = DIRECTION('',(1.,0.,-0.));
#1438 = DEFINITIONAL_REPRESENTATION('',(#1439),#1446);
#1439 = B_SPLINE_CURVE_WITH_KNOTS('',5,(#1440,#1441,#1442,#1443,#1444,
    #1445),.UNSPECIFIED.,.F.,.F.,(6,6),(0.,1.),
  .PIECEWISE_BEZIER_KNOTS.);
#1440 = CARTESIAN_POINT('',(5.550192480747,2.));
#1441 = CARTESIAN_POINT('',(5.580592958517,1.602652597487));
#1442 = CARTESIAN_POINT('',(5.610743283521,1.203608312231));
#1443 = CARTESIAN_POINT('',(5.640713965115,0.803392755483));
#1444 = CARTESIAN_POINT('',(5.670572675577,0.40221879649));
#1445 = CARTESIAN_POINT('',(5.70039826455,-6.E-07));
#1446 = ( GEOMETRIC_REPRESENTATION_CONTEXT(2) 
PARAMETRIC_REPRESENTATION_CONTEXT() REPRESENTATION_CONTEXT('2D SPACE',''
  ) );
#1447 = ORIENTED_EDGE('',*,*,#1448,.F.);
#1448 = EDGE_CURVE('',#1449,#1412,#1451,.T.);
#1449 = VERTEX_POINT('',#1450);
#1450 = CARTESIAN_POINT('',(-100.4270580824,-194.5772951471,-28.));
#1451 = SURFACE_CURVE('',#1452,(#1456,#1462),.PCURVE_S1.);
#1452 = LINE('',#1453,#1454);
#1453 = CARTESIAN_POINT('',(-238.,-194.5772951471,-28.));
#1454 = VECTOR('',#1455,1.);
#1455 = DIRECTION('',(1.,0.,2.22044604925E-16));
#1456 = PCURVE('',#240,#1457);
#1457 = DEFINITIONAL_REPRESENTATION('',(#1458),#1461);
#1458 = B_SPLINE_CURVE_WITH_KNOTS('',1,(#1459,#1460),.UNSPECIFIED.,.F.,
  .F.,(2,2),(135.2,150.8),.PIECEWISE_BEZIER_KNOTS.);
#1459 = CARTESIAN_POINT('',(5.094988540908,135.2));
#1460 = CARTESIAN_POINT('',(5.094988540908,150.8));
#1461 = ( GEOMETRIC_REPRESENTATION_CONTEXT(2) 
PARAMETRIC_REPRESENTATION_CONTEXT() REPRESENTATION_CONTEXT('2D SPACE',''
  ) );
#1462 = PCURVE('',#1463,#1468);
#1463 = PLANE('',#1464);
#1464 = AXIS2_PLACEMENT_3D('',#1465,#1466,#1467);
#1465 = CARTESIAN_POINT('',(-95.,-191.,-28.));
#1466 = DIRECTION('',(0.,0.,1.));
#1467 = DIRECTION('',(1.,0.,-0.));
#1468 = DEFINITIONAL_REPRESENTATION('',(#1469),#1472);
#1469 = B_SPLINE_CURVE_WITH_KNOTS('',1,(#1470,#1471),.UNSPECIFIED.,.F.,
  .F.,(2,2),(135.2,150.8),.PIECEWISE_BEZIER_KNOTS.);
#1470 = CARTESIAN_POINT('',(-7.8,-3.577295147196));
#1471 = CARTESIAN_POINT('',(7.8,-3.577295147196));
#1472 = ( GEOMETRIC_REPRESENTATION_CONTEXT(2) 
PARAMETRIC_REPRESENTATION_CONTEXT() REPRESENTATION_CONTEXT('2D SPACE',''
  ) );
#1473 = ORIENTED_EDGE('',*,*,#1474,.T.);
#1474 = EDGE_CURVE('',#1449,#1475,#1477,.T.);
#1475 = VERTEX_POINT('',#1476);
#1476 = CARTESIAN_POINT('',(-99.83063907942,-195.3491293478,-26.));
#1477 = SURFACE_CURVE('',#1478,(#1485,#1495),.PCURVE_S1.);
#1478 = B_SPLINE_CURVE_WITH_KNOTS('',5,(#1479,#1480,#1481,#1482,#1483,
    #1484),.UNSPECIFIED.,.F.,.F.,(6,6),(0.,1.),
  .PIECEWISE_BEZIER_KNOTS.);
#1479 = CARTESIAN_POINT('',(-100.4270582415,-194.5772949057,-28.0000006)
  );
#1480 = CARTESIAN_POINT('',(-100.3203631892,-194.7391603035,
    -27.59778073302));
#1481 = CARTESIAN_POINT('',(-100.2075153979,-194.8972275354,
    -27.19660696097));
#1482 = CARTESIAN_POINT('',(-100.0884020783,-195.051606122,
    -26.79639180627));
#1483 = CARTESIAN_POINT('',(-99.96285479762,-195.2022754917,
    -26.3973477275));
#1484 = CARTESIAN_POINT('',(-99.83063907942,-195.3491293478,-26.));
#1485 = PCURVE('',#240,#1486);
#1486 = DEFINITIONAL_REPRESENTATION('',(#1487),#1494);
#1487 = B_SPLINE_CURVE_WITH_KNOTS('',5,(#1488,#1489,#1490,#1491,#1492,
    #1493),.UNSPECIFIED.,.F.,.F.,(6,6),(0.,1.),
  .PIECEWISE_BEZIER_KNOTS.);
#1488 = CARTESIAN_POINT('',(5.094988549531,137.57294175843));
#1489 = CARTESIAN_POINT('',(5.089207642592,137.67963681072));
#1490 = CARTESIAN_POINT('',(5.08345858134,137.792484602));
#1491 = CARTESIAN_POINT('',(5.077739337353,137.91159792162));
#1492 = CARTESIAN_POINT('',(5.072052260729,138.03714520237));
#1493 = CARTESIAN_POINT('',(5.066404035496,138.16936092057));
#1494 = ( GEOMETRIC_REPRESENTATION_CONTEXT(2) 
PARAMETRIC_REPRESENTATION_CONTEXT() REPRESENTATION_CONTEXT('2D SPACE',''
  ) );
#1495 = PCURVE('',#1433,#1496);
#1496 = DEFINITIONAL_REPRESENTATION('',(#1497),#1504);
#1497 = B_SPLINE_CURVE_WITH_KNOTS('',5,(#1498,#1499,#1500,#1501,#1502,
    #1503),.UNSPECIFIED.,.F.,.F.,(6,6),(0.,1.),
  .PIECEWISE_BEZIER_KNOTS.);
#1498 = CARTESIAN_POINT('',(3.724379696219,-6.E-07));
#1499 = CARTESIAN_POINT('',(3.75420532008,0.402219266971));
#1500 = CARTESIAN_POINT('',(3.784064016898,0.803393039023));
#1501 = CARTESIAN_POINT('',(3.814034668822,1.203608193725));
#1502 = CARTESIAN_POINT('',(3.844184977388,1.602652272498));
#1503 = CARTESIAN_POINT('',(3.874585480022,2.));
#1504 = ( GEOMETRIC_REPRESENTATION_CONTEXT(2) 
PARAMETRIC_REPRESENTATION_CONTEXT() REPRESENTATION_CONTEXT('2D SPACE',''
  ) );
#1505 = ORIENTED_EDGE('',*,*,#1506,.F.);
#1506 = EDGE_CURVE('',#1507,#1475,#1509,.T.);
#1507 = VERTEX_POINT('',#1508);
#1508 = CARTESIAN_POINT('',(-185.1693609205,-195.3491293478,-26.));
#1509 = SURFACE_CURVE('',#1510,(#1514,#1520),.PCURVE_S1.);
#1510 = LINE('',#1511,#1512);
#1511 = CARTESIAN_POINT('',(-238.,-195.3491293478,-26.));
#1512 = VECTOR('',#1513,1.);
#1513 = DIRECTION('',(1.,0.,2.22044604925E-16));
#1514 = PCURVE('',#240,#1515);
#1515 = DEFINITIONAL_REPRESENTATION('',(#1516),#1519);
#1516 = B_SPLINE_CURVE_WITH_KNOTS('',1,(#1517,#1518),.UNSPECIFIED.,.F.,
  .F.,(2,2),(-2.399999999625E-06,476.0000024),.PIECEWISE_BEZIER_KNOTS.);
#1517 = CARTESIAN_POINT('',(5.066404035496,-2.400000005398E-06));
#1518 = CARTESIAN_POINT('',(5.066404035496,476.0000024));
#1519 = ( GEOMETRIC_REPRESENTATION_CONTEXT(2) 
PARAMETRIC_REPRESENTATION_CONTEXT() REPRESENTATION_CONTEXT('2D SPACE',''
  ) );
#1520 = PCURVE('',#212,#1521);
#1521 = DEFINITIONAL_REPRESENTATION('',(#1522),#1525);
#1522 = B_SPLINE_CURVE_WITH_KNOTS('',1,(#1523,#1524),.UNSPECIFIED.,.F.,
  .F.,(2,2),(-2.399999999625E-06,476.0000024),.PIECEWISE_BEZIER_KNOTS.);
#1523 = CARTESIAN_POINT('',(23.9999976,16.650870652154));
#1524 = CARTESIAN_POINT('',(500.0000024,16.650870652154));
#1525 = ( GEOMETRIC_REPRESENTATION_CONTEXT(2) 
PARAMETRIC_REPRESENTATION_CONTEXT() REPRESENTATION_CONTEXT('2D SPACE',''
  ) );
#1526 = ORIENTED_EDGE('',*,*,#1527,.T.);
#1527 = EDGE_CURVE('',#1507,#1528,#1530,.T.);
#1528 = VERTEX_POINT('',#1529);
#1529 = CARTESIAN_POINT('',(-184.5729419175,-194.5772951471,-28.));
#1530 = SURFACE_CURVE('',#1531,(#1538,#1548),.PCURVE_S1.);
#1531 = B_SPLINE_CURVE_WITH_KNOTS('',5,(#1532,#1533,#1534,#1535,#1536,
    #1537),.UNSPECIFIED.,.F.,.F.,(6,6),(0.,1.),
  .PIECEWISE_BEZIER_KNOTS.);
#1532 = CARTESIAN_POINT('',(-185.1693609205,-195.3491293478,-26.));
#1533 = CARTESIAN_POINT('',(-185.0371453105,-195.2022756118,
    -26.39734740251));
#1534 = CARTESIAN_POINT('',(-184.9115979489,-195.0516061711,
    -26.79639168776));
#1535 = CARTESIAN_POINT('',(-184.7924845122,-194.8972274292,
    -27.19660724451));
#1536 = CARTESIAN_POINT('',(-184.6796366859,-194.7391601141,
    -27.59778120351));
#1537 = CARTESIAN_POINT('',(-184.5729417584,-194.5772949057,-28.0000006)
  );
#1538 = PCURVE('',#240,#1539);
#1539 = DEFINITIONAL_REPRESENTATION('',(#1540),#1547);
#1540 = B_SPLINE_CURVE_WITH_KNOTS('',5,(#1541,#1542,#1543,#1544,#1545,
    #1546),.UNSPECIFIED.,.F.,.F.,(6,6),(0.,1.),
  .PIECEWISE_BEZIER_KNOTS.);
#1541 = CARTESIAN_POINT('',(5.066404035496,52.830639079429));
#1542 = CARTESIAN_POINT('',(5.072052256109,52.962854689485));
#1543 = CARTESIAN_POINT('',(5.077739335644,53.088402051058));
#1544 = CARTESIAN_POINT('',(5.083458585376,53.207515487769));
#1545 = CARTESIAN_POINT('',(5.089207649354,53.320363314075));
#1546 = CARTESIAN_POINT('',(5.094988549531,53.427058241569));
#1547 = ( GEOMETRIC_REPRESENTATION_CONTEXT(2) 
PARAMETRIC_REPRESENTATION_CONTEXT() REPRESENTATION_CONTEXT('2D SPACE',''
  ) );
#1548 = PCURVE('',#1549,#1554);
#1549 = CYLINDRICAL_SURFACE('',#1550,6.5);
#1550 = AXIS2_PLACEMENT_3D('',#1551,#1552,#1553);
#1551 = CARTESIAN_POINT('',(-190.,-191.,-28.));
#1552 = DIRECTION('',(0.,0.,1.));
#1553 = DIRECTION('',(1.,0.,-0.));
#1554 = DEFINITIONAL_REPRESENTATION('',(#1555),#1562);
#1555 = B_SPLINE_CURVE_WITH_KNOTS('',5,(#1556,#1557,#1558,#1559,#1560,
    #1561),.UNSPECIFIED.,.F.,.F.,(6,6),(0.,1.),
  .PIECEWISE_BEZIER_KNOTS.);
#1556 = CARTESIAN_POINT('',(5.550192480747,2.));
#1557 = CARTESIAN_POINT('',(5.580592958517,1.602652597487));
#1558 = CARTESIAN_POINT('',(5.610743283521,1.203608312232));
#1559 = CARTESIAN_POINT('',(5.640713965115,0.803392755483));
#1560 = CARTESIAN_POINT('',(5.670572675577,0.40221879649));
#1561 = CARTESIAN_POINT('',(5.70039826455,-6.E-07));
#1562 = ( GEOMETRIC_REPRESENTATION_CONTEXT(2) 
PARAMETRIC_REPRESENTATION_CONTEXT() REPRESENTATION_CONTEXT('2D SPACE',''
  ) );
#1563 = ORIENTED_EDGE('',*,*,#1564,.F.);
#1564 = EDGE_CURVE('',#1565,#1528,#1567,.T.);
#1565 = VERTEX_POINT('',#1566);
#1566 = CARTESIAN_POINT('',(-195.4270580824,-194.5772951471,-28.));
#1567 = SURFACE_CURVE('',#1568,(#1572,#1578),.PCURVE_S1.);
#1568 = LINE('',#1569,#1570);
#1569 = CARTESIAN_POINT('',(-238.,-194.5772951471,-28.));
#1570 = VECTOR('',#1571,1.);
#1571 = DIRECTION('',(1.,0.,2.22044604925E-16));
#1572 = PCURVE('',#240,#1573);
#1573 = DEFINITIONAL_REPRESENTATION('',(#1574),#1577);
#1574 = B_SPLINE_CURVE_WITH_KNOTS('',1,(#1575,#1576),.UNSPECIFIED.,.F.,
  .F.,(2,2),(40.2,55.8),.PIECEWISE_BEZIER_KNOTS.);
#1575 = CARTESIAN_POINT('',(5.094988540908,40.2));
#1576 = CARTESIAN_POINT('',(5.094988540908,55.8));
#1577 = ( GEOMETRIC_REPRESENTATION_CONTEXT(2) 
PARAMETRIC_REPRESENTATION_CONTEXT() REPRESENTATION_CONTEXT('2D SPACE',''
  ) );
#1578 = PCURVE('',#1579,#1584);
#1579 = PLANE('',#1580);
#1580 = AXIS2_PLACEMENT_3D('',#1581,#1582,#1583);
#1581 = CARTESIAN_POINT('',(-190.,-191.,-28.));
#1582 = DIRECTION('',(0.,0.,1.));
#1583 = DIRECTION('',(1.,0.,-0.));
#1584 = DEFINITIONAL_REPRESENTATION('',(#1585),#1588);
#1585 = B_SPLINE_CURVE_WITH_KNOTS('',1,(#1586,#1587),.UNSPECIFIED.,.F.,
  .F.,(2,2),(40.2,55.8),.PIECEWISE_BEZIER_KNOTS.);
#1586 = CARTESIAN_POINT('',(-7.8,-3.577295147196));
#1587 = CARTESIAN_POINT('',(7.8,-3.577295147196));
#1588 = ( GEOMETRIC_REPRESENTATION_CONTEXT(2) 
PARAMETRIC_REPRESENTATION_CONTEXT() REPRESENTATION_CONTEXT('2D SPACE',''
  ) );
#1589 = ORIENTED_EDGE('',*,*,#1590,.T.);
#1590 = EDGE_CURVE('',#1565,#732,#1591,.T.);
#1591 = SURFACE_CURVE('',#1592,(#1599,#1609),.PCURVE_S1.);
#1592 = B_SPLINE_CURVE_WITH_KNOTS('',5,(#1593,#1594,#1595,#1596,#1597,
    #1598),.UNSPECIFIED.,.F.,.F.,(6,6),(0.,1.),
  .PIECEWISE_BEZIER_KNOTS.);
#1593 = CARTESIAN_POINT('',(-195.4270582415,-194.5772949057,-28.0000006)
  );
#1594 = CARTESIAN_POINT('',(-195.3203631892,-194.7391603035,
    -27.59778073302));
#1595 = CARTESIAN_POINT('',(-195.2075153979,-194.8972275354,
    -27.19660696097));
#1596 = CARTESIAN_POINT('',(-195.0884020783,-195.051606122,
    -26.79639180627));
#1597 = CARTESIAN_POINT('',(-194.9628547976,-195.2022754917,
    -26.3973477275));
#1598 = CARTESIAN_POINT('',(-194.8306390794,-195.3491293478,-26.));
#1599 = PCURVE('',#240,#1600);
#1600 = DEFINITIONAL_REPRESENTATION('',(#1601),#1608);
#1601 = B_SPLINE_CURVE_WITH_KNOTS('',5,(#1602,#1603,#1604,#1605,#1606,
    #1607),.UNSPECIFIED.,.F.,.F.,(6,6),(0.,1.),
  .PIECEWISE_BEZIER_KNOTS.);
#1602 = CARTESIAN_POINT('',(5.094988549531,42.572941758431));
#1603 = CARTESIAN_POINT('',(5.089207642592,42.679636810728));
#1604 = CARTESIAN_POINT('',(5.08345858134,42.792484602003));
#1605 = CARTESIAN_POINT('',(5.077739337353,42.911597921624));
#1606 = CARTESIAN_POINT('',(5.072052260729,43.037145202377));
#1607 = CARTESIAN_POINT('',(5.066404035496,43.169360920571));
#1608 = ( GEOMETRIC_REPRESENTATION_CONTEXT(2) 
PARAMETRIC_REPRESENTATION_CONTEXT() REPRESENTATION_CONTEXT('2D SPACE',''
  ) );
#1609 = PCURVE('',#1549,#1610);
#1610 = DEFINITIONAL_REPRESENTATION('',(#1611),#1618);
#1611 = B_SPLINE_CURVE_WITH_KNOTS('',5,(#1612,#1613,#1614,#1615,#1616,
    #1617),.UNSPECIFIED.,.F.,.F.,(6,6),(0.,1.),
  .PIECEWISE_BEZIER_KNOTS.);
#1612 = CARTESIAN_POINT('',(3.724379696219,-6.E-07));
#1613 = CARTESIAN_POINT('',(3.75420532008,0.402219266971));
#1614 = CARTESIAN_POINT('',(3.784064016898,0.803393039022));
#1615 = CARTESIAN_POINT('',(3.814034668822,1.203608193725));
#1616 = CARTESIAN_POINT('',(3.844184977388,1.602652272498));
#1617 = CARTESIAN_POINT('',(3.874585480022,2.));
#1618 = ( GEOMETRIC_REPRESENTATION_CONTEXT(2) 
PARAMETRIC_REPRESENTATION_CONTEXT() REPRESENTATION_CONTEXT('2D SPACE',''
  ) );
#1619 = ADVANCED_FACE('',(#1620,#1734,#1765,#1796),#212,.F.);
#1620 = FACE_BOUND('',#1621,.F.);
#1621 = EDGE_LOOP('',(#1622,#1652,#1680,#1708));
#1622 = ORIENTED_EDGE('',*,*,#1623,.F.);
#1623 = EDGE_CURVE('',#1624,#1626,#1628,.T.);
#1624 = VERTEX_POINT('',#1625);
#1625 = CARTESIAN_POINT('',(-262.,-212.,-26.));
#1626 = VERTEX_POINT('',#1627);
#1627 = CARTESIAN_POINT('',(-262.,212.,-26.));
#1628 = SURFACE_CURVE('',#1629,(#1633,#1640),.PCURVE_S1.);
#1629 = LINE('',#1630,#1631);
#1630 = CARTESIAN_POINT('',(-262.,-212.,-26.));
#1631 = VECTOR('',#1632,1.);
#1632 = DIRECTION('',(-0.,1.,0.));
#1633 = PCURVE('',#212,#1634);
#1634 = DEFINITIONAL_REPRESENTATION('',(#1635),#1639);
#1635 = LINE('',#1636,#1637);
#1636 = CARTESIAN_POINT('',(0.,0.));
#1637 = VECTOR('',#1638,1.);
#1638 = DIRECTION('',(0.,1.));
#1639 = ( GEOMETRIC_REPRESENTATION_CONTEXT(2) 
PARAMETRIC_REPRESENTATION_CONTEXT() REPRESENTATION_CONTEXT('2D SPACE',''
  ) );
#1640 = PCURVE('',#1641,#1646);
#1641 = PLANE('',#1642);
#1642 = AXIS2_PLACEMENT_3D('',#1643,#1644,#1645);
#1643 = CARTESIAN_POINT('',(-262.,-212.,-26.));
#1644 = DIRECTION('',(1.,0.,-0.));
#1645 = DIRECTION('',(0.,0.,1.));
#1646 = DEFINITIONAL_REPRESENTATION('',(#1647),#1651);
#1647 = LINE('',#1648,#1649);
#1648 = CARTESIAN_POINT('',(0.,0.));
#1649 = VECTOR('',#1650,1.);
#1650 = DIRECTION('',(0.,-1.));
#1651 = ( GEOMETRIC_REPRESENTATION_CONTEXT(2) 
PARAMETRIC_REPRESENTATION_CONTEXT() REPRESENTATION_CONTEXT('2D SPACE',''
  ) );
#1652 = ORIENTED_EDGE('',*,*,#1653,.T.);
#1653 = EDGE_CURVE('',#1624,#1654,#1656,.T.);
#1654 = VERTEX_POINT('',#1655);
#1655 = CARTESIAN_POINT('',(262.,-212.,-26.));
#1656 = SURFACE_CURVE('',#1657,(#1661,#1668),.PCURVE_S1.);
#1657 = LINE('',#1658,#1659);
#1658 = CARTESIAN_POINT('',(-262.,-212.,-26.));
#1659 = VECTOR('',#1660,1.);
#1660 = DIRECTION('',(1.,0.,-0.));
#1661 = PCURVE('',#212,#1662);
#1662 = DEFINITIONAL_REPRESENTATION('',(#1663),#1667);
#1663 = LINE('',#1664,#1665);
#1664 = CARTESIAN_POINT('',(0.,0.));
#1665 = VECTOR('',#1666,1.);
#1666 = DIRECTION('',(1.,0.));
#1667 = ( GEOMETRIC_REPRESENTATION_CONTEXT(2) 
PARAMETRIC_REPRESENTATION_CONTEXT() REPRESENTATION_CONTEXT('2D SPACE',''
  ) );
#1668 = PCURVE('',#1669,#1674);
#1669 = PLANE('',#1670);
#1670 = AXIS2_PLACEMENT_3D('',#1671,#1672,#1673);
#1671 = CARTESIAN_POINT('',(-262.,-212.,-26.));
#1672 = DIRECTION('',(-0.,1.,0.));
#1673 = DIRECTION('',(0.,0.,1.));
#1674 = DEFINITIONAL_REPRESENTATION('',(#1675),#1679);
#1675 = LINE('',#1676,#1677);
#1676 = CARTESIAN_POINT('',(0.,0.));
#1677 = VECTOR('',#1678,1.);
#1678 = DIRECTION('',(0.,1.));
#1679 = ( GEOMETRIC_REPRESENTATION_CONTEXT(2) 
PARAMETRIC_REPRESENTATION_CONTEXT() REPRESENTATION_CONTEXT('2D SPACE',''
  ) );
#1680 = ORIENTED_EDGE('',*,*,#1681,.T.);
#1681 = EDGE_CURVE('',#1654,#1682,#1684,.T.);
#1682 = VERTEX_POINT('',#1683);
#1683 = CARTESIAN_POINT('',(262.,212.,-26.));
#1684 = SURFACE_CURVE('',#1685,(#1689,#1696),.PCURVE_S1.);
#1685 = LINE('',#1686,#1687);
#1686 = CARTESIAN_POINT('',(262.,-212.,-26.));
#1687 = VECTOR('',#1688,1.);
#1688 = DIRECTION('',(-0.,1.,0.));
#1689 = PCURVE('',#212,#1690);
#1690 = DEFINITIONAL_REPRESENTATION('',(#1691),#1695);
#1691 = LINE('',#1692,#1693);
#1692 = CARTESIAN_POINT('',(524.,0.));
#1693 = VECTOR('',#1694,1.);
#1694 = DIRECTION('',(0.,1.));
#1695 = ( GEOMETRIC_REPRESENTATION_CONTEXT(2) 
PARAMETRIC_REPRESENTATION_CONTEXT() REPRESENTATION_CONTEXT('2D SPACE',''
  ) );
#1696 = PCURVE('',#1697,#1702);
#1697 = PLANE('',#1698);
#1698 = AXIS2_PLACEMENT_3D('',#1699,#1700,#1701);
#1699 = CARTESIAN_POINT('',(262.,-212.,-26.));
#1700 = DIRECTION('',(1.,0.,-0.));
#1701 = DIRECTION('',(0.,0.,1.));
#1702 = DEFINITIONAL_REPRESENTATION('',(#1703),#1707);
#1703 = LINE('',#1704,#1705);
#1704 = CARTESIAN_POINT('',(0.,0.));
#1705 = VECTOR('',#1706,1.);
#1706 = DIRECTION('',(0.,-1.));
#1707 = ( GEOMETRIC_REPRESENTATION_CONTEXT(2) 
PARAMETRIC_REPRESENTATION_CONTEXT() REPRESENTATION_CONTEXT('2D SPACE',''
  ) );
#1708 = ORIENTED_EDGE('',*,*,#1709,.F.);
#1709 = EDGE_CURVE('',#1626,#1682,#1710,.T.);
#1710 = SURFACE_CURVE('',#1711,(#1715,#1722),.PCURVE_S1.);
#1711 = LINE('',#1712,#1713);
#1712 = CARTESIAN_POINT('',(-262.,212.,-26.));
#1713 = VECTOR('',#1714,1.);
#1714 = DIRECTION('',(1.,0.,-0.));
#1715 = PCURVE('',#212,#1716);
#1716 = DEFINITIONAL_REPRESENTATION('',(#1717),#1721);
#1717 = LINE('',#1718,#1719);
#1718 = CARTESIAN_POINT('',(0.,424.));
#1719 = VECTOR('',#1720,1.);
#1720 = DIRECTION('',(1.,0.));
#1721 = ( GEOMETRIC_REPRESENTATION_CONTEXT(2) 
PARAMETRIC_REPRESENTATION_CONTEXT() REPRESENTATION_CONTEXT('2D SPACE',''
  ) );
#1722 = PCURVE('',#1723,#1728);
#1723 = PLANE('',#1724);
#1724 = AXIS2_PLACEMENT_3D('',#1725,#1726,#1727);
#1725 = CARTESIAN_POINT('',(-262.,212.,-26.));
#1726 = DIRECTION('',(-0.,1.,0.));
#1727 = DIRECTION('',(0.,0.,1.));
#1728 = DEFINITIONAL_REPRESENTATION('',(#1729),#1733);
#1729 = LINE('',#1730,#1731);
#1730 = CARTESIAN_POINT('',(0.,0.));
#1731 = VECTOR('',#1732,1.);
#1732 = DIRECTION('',(0.,1.));
#1733 = ( GEOMETRIC_REPRESENTATION_CONTEXT(2) 
PARAMETRIC_REPRESENTATION_CONTEXT() REPRESENTATION_CONTEXT('2D SPACE',''
  ) );
#1734 = FACE_BOUND('',#1735,.F.);
#1735 = EDGE_LOOP('',(#1736));
#1736 = ORIENTED_EDGE('',*,*,#1737,.F.);
#1737 = EDGE_CURVE('',#1738,#1738,#1740,.T.);
#1738 = VERTEX_POINT('',#1739);
#1739 = CARTESIAN_POINT('',(-234.5,-1.592040838892E-15,-26.));
#1740 = SURFACE_CURVE('',#1741,(#1746,#1753),.PCURVE_S1.);
#1741 = CIRCLE('',#1742,6.5);
#1742 = AXIS2_PLACEMENT_3D('',#1743,#1744,#1745);
#1743 = CARTESIAN_POINT('',(-241.,0.,-26.));
#1744 = DIRECTION('',(0.,0.,1.));
#1745 = DIRECTION('',(1.,0.,-0.));
#1746 = PCURVE('',#212,#1747);
#1747 = DEFINITIONAL_REPRESENTATION('',(#1748),#1752);
#1748 = CIRCLE('',#1749,6.5);
#1749 = AXIS2_PLACEMENT_2D('',#1750,#1751);
#1750 = CARTESIAN_POINT('',(21.,212.));
#1751 = DIRECTION('',(1.,0.));
#1752 = ( GEOMETRIC_REPRESENTATION_CONTEXT(2) 
PARAMETRIC_REPRESENTATION_CONTEXT() REPRESENTATION_CONTEXT('2D SPACE',''
  ) );
#1753 = PCURVE('',#1754,#1759);
#1754 = CYLINDRICAL_SURFACE('',#1755,6.5);
#1755 = AXIS2_PLACEMENT_3D('',#1756,#1757,#1758);
#1756 = CARTESIAN_POINT('',(-241.,0.,-28.));
#1757 = DIRECTION('',(0.,0.,1.));
#1758 = DIRECTION('',(1.,0.,-0.));
#1759 = DEFINITIONAL_REPRESENTATION('',(#1760),#1764);
#1760 = LINE('',#1761,#1762);
#1761 = CARTESIAN_POINT('',(0.,2.));
#1762 = VECTOR('',#1763,1.);
#1763 = DIRECTION('',(1.,0.));
#1764 = ( GEOMETRIC_REPRESENTATION_CONTEXT(2) 
PARAMETRIC_REPRESENTATION_CONTEXT() REPRESENTATION_CONTEXT('2D SPACE',''
  ) );
#1765 = FACE_BOUND('',#1766,.F.);
#1766 = EDGE_LOOP('',(#1767));
#1767 = ORIENTED_EDGE('',*,*,#1768,.F.);
#1768 = EDGE_CURVE('',#1769,#1769,#1771,.T.);
#1769 = VERTEX_POINT('',#1770);
#1770 = CARTESIAN_POINT('',(247.5,-1.592040838892E-15,-26.));
#1771 = SURFACE_CURVE('',#1772,(#1777,#1784),.PCURVE_S1.);
#1772 = CIRCLE('',#1773,6.5);
#1773 = AXIS2_PLACEMENT_3D('',#1774,#1775,#1776);
#1774 = CARTESIAN_POINT('',(241.,0.,-26.));
#1775 = DIRECTION('',(0.,0.,1.));
#1776 = DIRECTION('',(1.,0.,-0.));
#1777 = PCURVE('',#212,#1778);
#1778 = DEFINITIONAL_REPRESENTATION('',(#1779),#1783);
#1779 = CIRCLE('',#1780,6.5);
#1780 = AXIS2_PLACEMENT_2D('',#1781,#1782);
#1781 = CARTESIAN_POINT('',(503.,212.));
#1782 = DIRECTION('',(1.,0.));
#1783 = ( GEOMETRIC_REPRESENTATION_CONTEXT(2) 
PARAMETRIC_REPRESENTATION_CONTEXT() REPRESENTATION_CONTEXT('2D SPACE',''
  ) );
#1784 = PCURVE('',#1785,#1790);
#1785 = CYLINDRICAL_SURFACE('',#1786,6.5);
#1786 = AXIS2_PLACEMENT_3D('',#1787,#1788,#1789);
#1787 = CARTESIAN_POINT('',(241.,0.,-28.));
#1788 = DIRECTION('',(0.,0.,1.));
#1789 = DIRECTION('',(1.,0.,-0.));
#1790 = DEFINITIONAL_REPRESENTATION('',(#1791),#1795);
#1791 = LINE('',#1792,#1793);
#1792 = CARTESIAN_POINT('',(0.,2.));
#1793 = VECTOR('',#1794,1.);
#1794 = DIRECTION('',(1.,0.));
#1795 = ( GEOMETRIC_REPRESENTATION_CONTEXT(2) 
PARAMETRIC_REPRESENTATION_CONTEXT() REPRESENTATION_CONTEXT('2D SPACE',''
  ) );
#1796 = FACE_BOUND('',#1797,.F.);
#1797 = EDGE_LOOP('',(#1798,#1799,#1820,#1846,#1872,#1898,#1919,#1940,
    #1961,#1987,#2008,#2034,#2055,#2076,#2097,#2116,#2117,#2138,#2164,
    #2190,#2211,#2230,#2231,#2253,#2254,#2276,#2277,#2299,#2300,#2322,
    #2323,#2345,#2346,#2368,#2369,#2390,#2411,#2437,#2458,#2477));
#1798 = ORIENTED_EDGE('',*,*,#197,.F.);
#1799 = ORIENTED_EDGE('',*,*,#1800,.F.);
#1800 = EDGE_CURVE('',#1801,#169,#1803,.T.);
#1801 = VERTEX_POINT('',#1802);
#1802 = CARTESIAN_POINT('',(-238.,38.837363085848,-26.));
#1803 = SURFACE_CURVE('',#1804,(#1808,#1814),.PCURVE_S1.);
#1804 = LINE('',#1805,#1806);
#1805 = CARTESIAN_POINT('',(-238.,38.837363085848,-26.));
#1806 = VECTOR('',#1807,1.);
#1807 = DIRECTION('',(1.,0.,2.22044604925E-16));
#1808 = PCURVE('',#212,#1809);
#1809 = DEFINITIONAL_REPRESENTATION('',(#1810),#1813);
#1810 = B_SPLINE_CURVE_WITH_KNOTS('',1,(#1811,#1812),.UNSPECIFIED.,.F.,
  .F.,(2,2),(-2.399999999625E-06,476.0000024),.PIECEWISE_BEZIER_KNOTS.);
#1811 = CARTESIAN_POINT('',(23.9999976,250.83736308584));
#1812 = CARTESIAN_POINT('',(500.0000024,250.83736308584));
#1813 = ( GEOMETRIC_REPRESENTATION_CONTEXT(2) 
PARAMETRIC_REPRESENTATION_CONTEXT() REPRESENTATION_CONTEXT('2D SPACE',''
  ) );
#1814 = PCURVE('',#185,#1815);
#1815 = DEFINITIONAL_REPRESENTATION('',(#1816),#1819);
#1816 = B_SPLINE_CURVE_WITH_KNOTS('',1,(#1817,#1818),.UNSPECIFIED.,.F.,
  .F.,(2,2),(-2.399999999625E-06,476.0000024),.PIECEWISE_BEZIER_KNOTS.);
#1817 = CARTESIAN_POINT('',(5.005455018709,-2.400000005398E-06));
#1818 = CARTESIAN_POINT('',(5.005455018709,476.0000024));
#1819 = ( GEOMETRIC_REPRESENTATION_CONTEXT(2) 
PARAMETRIC_REPRESENTATION_CONTEXT() REPRESENTATION_CONTEXT('2D SPACE',''
  ) );
#1820 = ORIENTED_EDGE('',*,*,#1821,.T.);
#1821 = EDGE_CURVE('',#1801,#1822,#1824,.T.);
#1822 = VERTEX_POINT('',#1823);
#1823 = CARTESIAN_POINT('',(-238.,70.925976661617,-26.));
#1824 = SURFACE_CURVE('',#1825,(#1829,#1835),.PCURVE_S1.);
#1825 = LINE('',#1826,#1827);
#1826 = CARTESIAN_POINT('',(-238.,-43.5,-26.));
#1827 = VECTOR('',#1828,1.);
#1828 = DIRECTION('',(0.,1.,0.));
#1829 = PCURVE('',#212,#1830);
#1830 = DEFINITIONAL_REPRESENTATION('',(#1831),#1834);
#1831 = B_SPLINE_CURVE_WITH_KNOTS('',1,(#1832,#1833),.UNSPECIFIED.,.F.,
  .F.,(2,2),(78.5,255.5),.PIECEWISE_BEZIER_KNOTS.);
#1832 = CARTESIAN_POINT('',(24.,247.));
#1833 = CARTESIAN_POINT('',(24.,424.));
#1834 = ( GEOMETRIC_REPRESENTATION_CONTEXT(2) 
PARAMETRIC_REPRESENTATION_CONTEXT() REPRESENTATION_CONTEXT('2D SPACE',''
  ) );
#1835 = PCURVE('',#1836,#1841);
#1836 = PLANE('',#1837);
#1837 = AXIS2_PLACEMENT_3D('',#1838,#1839,#1840);
#1838 = CARTESIAN_POINT('',(-238.,125.,-5.284661597216E-14));
#1839 = DIRECTION('',(1.,0.,2.22044604925E-16));
#1840 = DIRECTION('',(2.22044604925E-16,0.,-1.));
#1841 = DEFINITIONAL_REPRESENTATION('',(#1842),#1845);
#1842 = B_SPLINE_CURVE_WITH_KNOTS('',1,(#1843,#1844),.UNSPECIFIED.,.F.,
  .F.,(2,2),(78.5,255.5),.PIECEWISE_BEZIER_KNOTS.);
#1843 = CARTESIAN_POINT('',(26.,-90.));
#1844 = CARTESIAN_POINT('',(26.,87.));
#1845 = ( GEOMETRIC_REPRESENTATION_CONTEXT(2) 
PARAMETRIC_REPRESENTATION_CONTEXT() REPRESENTATION_CONTEXT('2D SPACE',''
  ) );
#1846 = ORIENTED_EDGE('',*,*,#1847,.F.);
#1847 = EDGE_CURVE('',#1848,#1822,#1850,.T.);
#1848 = VERTEX_POINT('',#1849);
#1849 = CARTESIAN_POINT('',(-240.,70.925976661617,-26.));
#1850 = SURFACE_CURVE('',#1851,(#1855,#1861),.PCURVE_S1.);
#1851 = LINE('',#1852,#1853);
#1852 = CARTESIAN_POINT('',(-240.,70.925976661617,-26.));
#1853 = VECTOR('',#1854,1.);
#1854 = DIRECTION('',(1.,0.,2.22044604925E-16));
#1855 = PCURVE('',#212,#1856);
#1856 = DEFINITIONAL_REPRESENTATION('',(#1857),#1860);
#1857 = B_SPLINE_CURVE_WITH_KNOTS('',1,(#1858,#1859),.UNSPECIFIED.,.F.,
  .F.,(2,2),(-5.999999928008E-07,480.0000006),.PIECEWISE_BEZIER_KNOTS.);
#1858 = CARTESIAN_POINT('',(21.9999994,282.92597666161));
#1859 = CARTESIAN_POINT('',(502.0000006,282.92597666161));
#1860 = ( GEOMETRIC_REPRESENTATION_CONTEXT(2) 
PARAMETRIC_REPRESENTATION_CONTEXT() REPRESENTATION_CONTEXT('2D SPACE',''
  ) );
#1861 = PCURVE('',#1862,#1867);
#1862 = CYLINDRICAL_SURFACE('',#1863,60.);
#1863 = AXIS2_PLACEMENT_3D('',#1864,#1865,#1866);
#1864 = CARTESIAN_POINT('',(-240.,125.,-5.329070518201E-14));
#1865 = DIRECTION('',(1.,0.,2.22044604925E-16));
#1866 = DIRECTION('',(2.22044604925E-16,0.,-1.));
#1867 = DEFINITIONAL_REPRESENTATION('',(#1868),#1871);
#1868 = B_SPLINE_CURVE_WITH_KNOTS('',1,(#1869,#1870),.UNSPECIFIED.,.F.,
  .F.,(2,2),(7.88860905221E-31,2.),.PIECEWISE_BEZIER_KNOTS.);
#1869 = CARTESIAN_POINT('',(5.160577116364,-5.773159728051E-15));
#1870 = CARTESIAN_POINT('',(5.160577116364,2.));
#1871 = ( GEOMETRIC_REPRESENTATION_CONTEXT(2) 
PARAMETRIC_REPRESENTATION_CONTEXT() REPRESENTATION_CONTEXT('2D SPACE',''
  ) );
#1872 = ORIENTED_EDGE('',*,*,#1873,.T.);
#1873 = EDGE_CURVE('',#1848,#1874,#1876,.T.);
#1874 = VERTEX_POINT('',#1875);
#1875 = CARTESIAN_POINT('',(-240.,179.07402333838,-26.));
#1876 = SURFACE_CURVE('',#1877,(#1881,#1887),.PCURVE_S1.);
#1877 = LINE('',#1878,#1879);
#1878 = CARTESIAN_POINT('',(-240.,-43.5,-26.));
#1879 = VECTOR('',#1880,1.);
#1880 = DIRECTION('',(0.,1.,0.));
#1881 = PCURVE('',#212,#1882);
#1882 = DEFINITIONAL_REPRESENTATION('',(#1883),#1886);
#1883 = B_SPLINE_CURVE_WITH_KNOTS('',1,(#1884,#1885),.UNSPECIFIED.,.F.,
  .F.,(2,2),(108.5,228.5),.PIECEWISE_BEZIER_KNOTS.);
#1884 = CARTESIAN_POINT('',(22.,277.));
#1885 = CARTESIAN_POINT('',(22.,397.));
#1886 = ( GEOMETRIC_REPRESENTATION_CONTEXT(2) 
PARAMETRIC_REPRESENTATION_CONTEXT() REPRESENTATION_CONTEXT('2D SPACE',''
  ) );
#1887 = PCURVE('',#1888,#1893);
#1888 = PLANE('',#1889);
#1889 = AXIS2_PLACEMENT_3D('',#1890,#1891,#1892);
#1890 = CARTESIAN_POINT('',(-240.,125.,-5.329070518201E-14));
#1891 = DIRECTION('',(1.,0.,2.22044604925E-16));
#1892 = DIRECTION('',(2.22044604925E-16,0.,-1.));
#1893 = DEFINITIONAL_REPRESENTATION('',(#1894),#1897);
#1894 = B_SPLINE_CURVE_WITH_KNOTS('',1,(#1895,#1896),.UNSPECIFIED.,.F.,
  .F.,(2,2),(108.5,228.5),.PIECEWISE_BEZIER_KNOTS.);
#1895 = CARTESIAN_POINT('',(26.,-60.));
#1896 = CARTESIAN_POINT('',(26.,60.));
#1897 = ( GEOMETRIC_REPRESENTATION_CONTEXT(2) 
PARAMETRIC_REPRESENTATION_CONTEXT() REPRESENTATION_CONTEXT('2D SPACE',''
  ) );
#1898 = ORIENTED_EDGE('',*,*,#1899,.T.);
#1899 = EDGE_CURVE('',#1874,#1900,#1902,.T.);
#1900 = VERTEX_POINT('',#1901);
#1901 = CARTESIAN_POINT('',(-238.,179.07402333838,-26.));
#1902 = SURFACE_CURVE('',#1903,(#1907,#1913),.PCURVE_S1.);
#1903 = LINE('',#1904,#1905);
#1904 = CARTESIAN_POINT('',(-240.,179.07402333838,-26.));
#1905 = VECTOR('',#1906,1.);
#1906 = DIRECTION('',(1.,0.,2.22044604925E-16));
#1907 = PCURVE('',#212,#1908);
#1908 = DEFINITIONAL_REPRESENTATION('',(#1909),#1912);
#1909 = B_SPLINE_CURVE_WITH_KNOTS('',1,(#1910,#1911),.UNSPECIFIED.,.F.,
  .F.,(2,2),(-5.999999928008E-07,480.0000006),.PIECEWISE_BEZIER_KNOTS.);
#1910 = CARTESIAN_POINT('',(21.9999994,391.07402333838));
#1911 = CARTESIAN_POINT('',(502.0000006,391.07402333838));
#1912 = ( GEOMETRIC_REPRESENTATION_CONTEXT(2) 
PARAMETRIC_REPRESENTATION_CONTEXT() REPRESENTATION_CONTEXT('2D SPACE',''
  ) );
#1913 = PCURVE('',#1862,#1914);
#1914 = DEFINITIONAL_REPRESENTATION('',(#1915),#1918);
#1915 = B_SPLINE_CURVE_WITH_KNOTS('',1,(#1916,#1917),.UNSPECIFIED.,.F.,
  .F.,(2,2),(-2.366582715663E-30,2.),.PIECEWISE_BEZIER_KNOTS.);
#1916 = CARTESIAN_POINT('',(7.405793497995,-5.773159728051E-15));
#1917 = CARTESIAN_POINT('',(7.405793497995,2.));
#1918 = ( GEOMETRIC_REPRESENTATION_CONTEXT(2) 
PARAMETRIC_REPRESENTATION_CONTEXT() REPRESENTATION_CONTEXT('2D SPACE',''
  ) );
#1919 = ORIENTED_EDGE('',*,*,#1920,.T.);
#1920 = EDGE_CURVE('',#1900,#1921,#1923,.T.);
#1921 = VERTEX_POINT('',#1922);
#1922 = CARTESIAN_POINT('',(-238.,211.16263691415,-26.));
#1923 = SURFACE_CURVE('',#1924,(#1928,#1934),.PCURVE_S1.);
#1924 = LINE('',#1925,#1926);
#1925 = CARTESIAN_POINT('',(-238.,-43.5,-26.));
#1926 = VECTOR('',#1927,1.);
#1927 = DIRECTION('',(0.,1.,0.));
#1928 = PCURVE('',#212,#1929);
#1929 = DEFINITIONAL_REPRESENTATION('',(#1930),#1933);
#1930 = B_SPLINE_CURVE_WITH_KNOTS('',1,(#1931,#1932),.UNSPECIFIED.,.F.,
  .F.,(2,2),(78.5,255.5),.PIECEWISE_BEZIER_KNOTS.);
#1931 = CARTESIAN_POINT('',(24.,247.));
#1932 = CARTESIAN_POINT('',(24.,424.));
#1933 = ( GEOMETRIC_REPRESENTATION_CONTEXT(2) 
PARAMETRIC_REPRESENTATION_CONTEXT() REPRESENTATION_CONTEXT('2D SPACE',''
  ) );
#1934 = PCURVE('',#1836,#1935);
#1935 = DEFINITIONAL_REPRESENTATION('',(#1936),#1939);
#1936 = B_SPLINE_CURVE_WITH_KNOTS('',1,(#1937,#1938),.UNSPECIFIED.,.F.,
  .F.,(2,2),(78.5,255.5),.PIECEWISE_BEZIER_KNOTS.);
#1937 = CARTESIAN_POINT('',(26.,-90.));
#1938 = CARTESIAN_POINT('',(26.,87.));
#1939 = ( GEOMETRIC_REPRESENTATION_CONTEXT(2) 
PARAMETRIC_REPRESENTATION_CONTEXT() REPRESENTATION_CONTEXT('2D SPACE',''
  ) );
#1940 = ORIENTED_EDGE('',*,*,#1941,.T.);
#1941 = EDGE_CURVE('',#1921,#1942,#1944,.T.);
#1942 = VERTEX_POINT('',#1943);
#1943 = CARTESIAN_POINT('',(238.,211.16263691415,-26.));
#1944 = SURFACE_CURVE('',#1945,(#1949,#1955),.PCURVE_S1.);
#1945 = LINE('',#1946,#1947);
#1946 = CARTESIAN_POINT('',(-238.,211.16263691415,-26.));
#1947 = VECTOR('',#1948,1.);
#1948 = DIRECTION('',(1.,0.,2.22044604925E-16));
#1949 = PCURVE('',#212,#1950);
#1950 = DEFINITIONAL_REPRESENTATION('',(#1951),#1954);
#1951 = B_SPLINE_CURVE_WITH_KNOTS('',1,(#1952,#1953),.UNSPECIFIED.,.F.,
  .F.,(2,2),(-2.399999999625E-06,476.0000024),.PIECEWISE_BEZIER_KNOTS.);
#1952 = CARTESIAN_POINT('',(23.9999976,423.16263691415));
#1953 = CARTESIAN_POINT('',(500.0000024,423.16263691415));
#1954 = ( GEOMETRIC_REPRESENTATION_CONTEXT(2) 
PARAMETRIC_REPRESENTATION_CONTEXT() REPRESENTATION_CONTEXT('2D SPACE',''
  ) );
#1955 = PCURVE('',#185,#1956);
#1956 = DEFINITIONAL_REPRESENTATION('',(#1957),#1960);
#1957 = B_SPLINE_CURVE_WITH_KNOTS('',1,(#1958,#1959),.UNSPECIFIED.,.F.,
  .F.,(2,2),(-2.399999999625E-06,476.0000024),.PIECEWISE_BEZIER_KNOTS.);
#1958 = CARTESIAN_POINT('',(7.56091559565,-2.400000005398E-06));
#1959 = CARTESIAN_POINT('',(7.56091559565,476.0000024));
#1960 = ( GEOMETRIC_REPRESENTATION_CONTEXT(2) 
PARAMETRIC_REPRESENTATION_CONTEXT() REPRESENTATION_CONTEXT('2D SPACE',''
  ) );
#1961 = ORIENTED_EDGE('',*,*,#1962,.F.);
#1962 = EDGE_CURVE('',#1963,#1942,#1965,.T.);
#1963 = VERTEX_POINT('',#1964);
#1964 = CARTESIAN_POINT('',(238.,179.07402333838,-26.));
#1965 = SURFACE_CURVE('',#1966,(#1970,#1976),.PCURVE_S1.);
#1966 = LINE('',#1967,#1968);
#1967 = CARTESIAN_POINT('',(238.,-43.5,-26.));
#1968 = VECTOR('',#1969,1.);
#1969 = DIRECTION('',(0.,1.,0.));
#1970 = PCURVE('',#212,#1971);
#1971 = DEFINITIONAL_REPRESENTATION('',(#1972),#1975);
#1972 = B_SPLINE_CURVE_WITH_KNOTS('',1,(#1973,#1974),.UNSPECIFIED.,.F.,
  .F.,(2,2),(78.5,255.5),.PIECEWISE_BEZIER_KNOTS.);
#1973 = CARTESIAN_POINT('',(500.,247.));
#1974 = CARTESIAN_POINT('',(500.,424.));
#1975 = ( GEOMETRIC_REPRESENTATION_CONTEXT(2) 
PARAMETRIC_REPRESENTATION_CONTEXT() REPRESENTATION_CONTEXT('2D SPACE',''
  ) );
#1976 = PCURVE('',#1977,#1982);
#1977 = PLANE('',#1978);
#1978 = AXIS2_PLACEMENT_3D('',#1979,#1980,#1981);
#1979 = CARTESIAN_POINT('',(238.,125.,5.284661597216E-14));
#1980 = DIRECTION('',(1.,0.,2.22044604925E-16));
#1981 = DIRECTION('',(2.22044604925E-16,0.,-1.));
#1982 = DEFINITIONAL_REPRESENTATION('',(#1983),#1986);
#1983 = B_SPLINE_CURVE_WITH_KNOTS('',1,(#1984,#1985),.UNSPECIFIED.,.F.,
  .F.,(2,2),(78.5,255.5),.PIECEWISE_BEZIER_KNOTS.);
#1984 = CARTESIAN_POINT('',(26.,-90.));
#1985 = CARTESIAN_POINT('',(26.,87.));
#1986 = ( GEOMETRIC_REPRESENTATION_CONTEXT(2) 
PARAMETRIC_REPRESENTATION_CONTEXT() REPRESENTATION_CONTEXT('2D SPACE',''
  ) );
#1987 = ORIENTED_EDGE('',*,*,#1988,.T.);
#1988 = EDGE_CURVE('',#1963,#1989,#1991,.T.);
#1989 = VERTEX_POINT('',#1990);
#1990 = CARTESIAN_POINT('',(240.,179.07402333838,-26.));
#1991 = SURFACE_CURVE('',#1992,(#1996,#2002),.PCURVE_S1.);
#1992 = LINE('',#1993,#1994);
#1993 = CARTESIAN_POINT('',(-240.,179.07402333838,-26.));
#1994 = VECTOR('',#1995,1.);
#1995 = DIRECTION('',(1.,0.,2.22044604925E-16));
#1996 = PCURVE('',#212,#1997);
#1997 = DEFINITIONAL_REPRESENTATION('',(#1998),#2001);
#1998 = B_SPLINE_CURVE_WITH_KNOTS('',1,(#1999,#2000),.UNSPECIFIED.,.F.,
  .F.,(2,2),(-5.999999928008E-07,480.0000006),.PIECEWISE_BEZIER_KNOTS.);
#1999 = CARTESIAN_POINT('',(21.9999994,391.07402333838));
#2000 = CARTESIAN_POINT('',(502.0000006,391.07402333838));
#2001 = ( GEOMETRIC_REPRESENTATION_CONTEXT(2) 
PARAMETRIC_REPRESENTATION_CONTEXT() REPRESENTATION_CONTEXT('2D SPACE',''
  ) );
#2002 = PCURVE('',#1862,#2003);
#2003 = DEFINITIONAL_REPRESENTATION('',(#2004),#2007);
#2004 = B_SPLINE_CURVE_WITH_KNOTS('',1,(#2005,#2006),.UNSPECIFIED.,.F.,
  .F.,(2,2),(478.,480.),.PIECEWISE_BEZIER_KNOTS.);
#2005 = CARTESIAN_POINT('',(7.405793497995,478.));
#2006 = CARTESIAN_POINT('',(7.405793497995,480.));
#2007 = ( GEOMETRIC_REPRESENTATION_CONTEXT(2) 
PARAMETRIC_REPRESENTATION_CONTEXT() REPRESENTATION_CONTEXT('2D SPACE',''
  ) );
#2008 = ORIENTED_EDGE('',*,*,#2009,.F.);
#2009 = EDGE_CURVE('',#2010,#1989,#2012,.T.);
#2010 = VERTEX_POINT('',#2011);
#2011 = CARTESIAN_POINT('',(240.,70.925976661617,-26.));
#2012 = SURFACE_CURVE('',#2013,(#2017,#2023),.PCURVE_S1.);
#2013 = LINE('',#2014,#2015);
#2014 = CARTESIAN_POINT('',(240.,-43.5,-26.));
#2015 = VECTOR('',#2016,1.);
#2016 = DIRECTION('',(0.,1.,0.));
#2017 = PCURVE('',#212,#2018);
#2018 = DEFINITIONAL_REPRESENTATION('',(#2019),#2022);
#2019 = B_SPLINE_CURVE_WITH_KNOTS('',1,(#2020,#2021),.UNSPECIFIED.,.F.,
  .F.,(2,2),(108.5,228.5),.PIECEWISE_BEZIER_KNOTS.);
#2020 = CARTESIAN_POINT('',(502.,277.));
#2021 = CARTESIAN_POINT('',(502.,397.));
#2022 = ( GEOMETRIC_REPRESENTATION_CONTEXT(2) 
PARAMETRIC_REPRESENTATION_CONTEXT() REPRESENTATION_CONTEXT('2D SPACE',''
  ) );
#2023 = PCURVE('',#2024,#2029);
#2024 = PLANE('',#2025);
#2025 = AXIS2_PLACEMENT_3D('',#2026,#2027,#2028);
#2026 = CARTESIAN_POINT('',(240.,125.,5.329070518201E-14));
#2027 = DIRECTION('',(1.,0.,2.22044604925E-16));
#2028 = DIRECTION('',(2.22044604925E-16,0.,-1.));
#2029 = DEFINITIONAL_REPRESENTATION('',(#2030),#2033);
#2030 = B_SPLINE_CURVE_WITH_KNOTS('',1,(#2031,#2032),.UNSPECIFIED.,.F.,
  .F.,(2,2),(108.5,228.5),.PIECEWISE_BEZIER_KNOTS.);
#2031 = CARTESIAN_POINT('',(26.,-60.));
#2032 = CARTESIAN_POINT('',(26.,60.));
#2033 = ( GEOMETRIC_REPRESENTATION_CONTEXT(2) 
PARAMETRIC_REPRESENTATION_CONTEXT() REPRESENTATION_CONTEXT('2D SPACE',''
  ) );
#2034 = ORIENTED_EDGE('',*,*,#2035,.F.);
#2035 = EDGE_CURVE('',#2036,#2010,#2038,.T.);
#2036 = VERTEX_POINT('',#2037);
#2037 = CARTESIAN_POINT('',(238.,70.925976661617,-26.));
#2038 = SURFACE_CURVE('',#2039,(#2043,#2049),.PCURVE_S1.);
#2039 = LINE('',#2040,#2041);
#2040 = CARTESIAN_POINT('',(-240.,70.925976661617,-26.));
#2041 = VECTOR('',#2042,1.);
#2042 = DIRECTION('',(1.,0.,2.22044604925E-16));
#2043 = PCURVE('',#212,#2044);
#2044 = DEFINITIONAL_REPRESENTATION('',(#2045),#2048);
#2045 = B_SPLINE_CURVE_WITH_KNOTS('',1,(#2046,#2047),.UNSPECIFIED.,.F.,
  .F.,(2,2),(-5.999999928008E-07,480.0000006),.PIECEWISE_BEZIER_KNOTS.);
#2046 = CARTESIAN_POINT('',(21.9999994,282.92597666161));
#2047 = CARTESIAN_POINT('',(502.0000006,282.92597666161));
#2048 = ( GEOMETRIC_REPRESENTATION_CONTEXT(2) 
PARAMETRIC_REPRESENTATION_CONTEXT() REPRESENTATION_CONTEXT('2D SPACE',''
  ) );
#2049 = PCURVE('',#1862,#2050);
#2050 = DEFINITIONAL_REPRESENTATION('',(#2051),#2054);
#2051 = B_SPLINE_CURVE_WITH_KNOTS('',1,(#2052,#2053),.UNSPECIFIED.,.F.,
  .F.,(2,2),(478.,480.),.PIECEWISE_BEZIER_KNOTS.);
#2052 = CARTESIAN_POINT('',(5.160577116364,478.));
#2053 = CARTESIAN_POINT('',(5.160577116364,480.));
#2054 = ( GEOMETRIC_REPRESENTATION_CONTEXT(2) 
PARAMETRIC_REPRESENTATION_CONTEXT() REPRESENTATION_CONTEXT('2D SPACE',''
  ) );
#2055 = ORIENTED_EDGE('',*,*,#2056,.F.);
#2056 = EDGE_CURVE('',#2057,#2036,#2059,.T.);
#2057 = VERTEX_POINT('',#2058);
#2058 = CARTESIAN_POINT('',(238.,38.837363085848,-26.));
#2059 = SURFACE_CURVE('',#2060,(#2064,#2070),.PCURVE_S1.);
#2060 = LINE('',#2061,#2062);
#2061 = CARTESIAN_POINT('',(238.,-43.5,-26.));
#2062 = VECTOR('',#2063,1.);
#2063 = DIRECTION('',(0.,1.,0.));
#2064 = PCURVE('',#212,#2065);
#2065 = DEFINITIONAL_REPRESENTATION('',(#2066),#2069);
#2066 = B_SPLINE_CURVE_WITH_KNOTS('',1,(#2067,#2068),.UNSPECIFIED.,.F.,
  .F.,(2,2),(78.5,255.5),.PIECEWISE_BEZIER_KNOTS.);
#2067 = CARTESIAN_POINT('',(500.,247.));
#2068 = CARTESIAN_POINT('',(500.,424.));
#2069 = ( GEOMETRIC_REPRESENTATION_CONTEXT(2) 
PARAMETRIC_REPRESENTATION_CONTEXT() REPRESENTATION_CONTEXT('2D SPACE',''
  ) );
#2070 = PCURVE('',#1977,#2071);
#2071 = DEFINITIONAL_REPRESENTATION('',(#2072),#2075);
#2072 = B_SPLINE_CURVE_WITH_KNOTS('',1,(#2073,#2074),.UNSPECIFIED.,.F.,
  .F.,(2,2),(78.5,255.5),.PIECEWISE_BEZIER_KNOTS.);
#2073 = CARTESIAN_POINT('',(26.,-90.));
#2074 = CARTESIAN_POINT('',(26.,87.));
#2075 = ( GEOMETRIC_REPRESENTATION_CONTEXT(2) 
PARAMETRIC_REPRESENTATION_CONTEXT() REPRESENTATION_CONTEXT('2D SPACE',''
  ) );
#2076 = ORIENTED_EDGE('',*,*,#2077,.F.);
#2077 = EDGE_CURVE('',#2078,#2057,#2080,.T.);
#2078 = VERTEX_POINT('',#2079);
#2079 = CARTESIAN_POINT('',(220.,38.837363085848,-26.));
#2080 = SURFACE_CURVE('',#2081,(#2085,#2091),.PCURVE_S1.);
#2081 = LINE('',#2082,#2083);
#2082 = CARTESIAN_POINT('',(-238.,38.837363085848,-26.));
#2083 = VECTOR('',#2084,1.);
#2084 = DIRECTION('',(1.,0.,2.22044604925E-16));
#2085 = PCURVE('',#212,#2086);
#2086 = DEFINITIONAL_REPRESENTATION('',(#2087),#2090);
#2087 = B_SPLINE_CURVE_WITH_KNOTS('',1,(#2088,#2089),.UNSPECIFIED.,.F.,
  .F.,(2,2),(-2.399999999625E-06,476.0000024),.PIECEWISE_BEZIER_KNOTS.);
#2088 = CARTESIAN_POINT('',(23.9999976,250.83736308584));
#2089 = CARTESIAN_POINT('',(500.0000024,250.83736308584));
#2090 = ( GEOMETRIC_REPRESENTATION_CONTEXT(2) 
PARAMETRIC_REPRESENTATION_CONTEXT() REPRESENTATION_CONTEXT('2D SPACE',''
  ) );
#2091 = PCURVE('',#185,#2092);
#2092 = DEFINITIONAL_REPRESENTATION('',(#2093),#2096);
#2093 = B_SPLINE_CURVE_WITH_KNOTS('',1,(#2094,#2095),.UNSPECIFIED.,.F.,
  .F.,(2,2),(-2.399999999625E-06,476.0000024),.PIECEWISE_BEZIER_KNOTS.);
#2094 = CARTESIAN_POINT('',(5.005455018709,-2.400000005398E-06));
#2095 = CARTESIAN_POINT('',(5.005455018709,476.0000024));
#2096 = ( GEOMETRIC_REPRESENTATION_CONTEXT(2) 
PARAMETRIC_REPRESENTATION_CONTEXT() REPRESENTATION_CONTEXT('2D SPACE',''
  ) );
#2097 = ORIENTED_EDGE('',*,*,#2098,.T.);
#2098 = EDGE_CURVE('',#2078,#849,#2099,.T.);
#2099 = SURFACE_CURVE('',#2100,(#2104,#2110),.PCURVE_S1.);
#2100 = LINE('',#2101,#2102);
#2101 = CARTESIAN_POINT('',(220.,-191.,-26.));
#2102 = VECTOR('',#2103,1.);
#2103 = DIRECTION('',(0.,-1.,0.));
#2104 = PCURVE('',#212,#2105);
#2105 = DEFINITIONAL_REPRESENTATION('',(#2106),#2109);
#2106 = B_SPLINE_CURVE_WITH_KNOTS('',1,(#2107,#2108),.UNSPECIFIED.,.F.,
  .F.,(2,2),(-361.,-21.),.PIECEWISE_BEZIER_KNOTS.);
#2107 = CARTESIAN_POINT('',(482.,382.));
#2108 = CARTESIAN_POINT('',(482.,42.));
#2109 = ( GEOMETRIC_REPRESENTATION_CONTEXT(2) 
PARAMETRIC_REPRESENTATION_CONTEXT() REPRESENTATION_CONTEXT('2D SPACE',''
  ) );
#2110 = PCURVE('',#327,#2111);
#2111 = DEFINITIONAL_REPRESENTATION('',(#2112),#2115);
#2112 = B_SPLINE_CURVE_WITH_KNOTS('',1,(#2113,#2114),.UNSPECIFIED.,.F.,
  .F.,(2,2),(-361.,-21.),.PIECEWISE_BEZIER_KNOTS.);
#2113 = CARTESIAN_POINT('',(194.,-340.));
#2114 = CARTESIAN_POINT('',(194.,0.));
#2115 = ( GEOMETRIC_REPRESENTATION_CONTEXT(2) 
PARAMETRIC_REPRESENTATION_CONTEXT() REPRESENTATION_CONTEXT('2D SPACE',''
  ) );
#2116 = ORIENTED_EDGE('',*,*,#872,.T.);
#2117 = ORIENTED_EDGE('',*,*,#2118,.F.);
#2118 = EDGE_CURVE('',#2119,#873,#2121,.T.);
#2119 = VERTEX_POINT('',#2120);
#2120 = CARTESIAN_POINT('',(238.,-88.27126465558,-26.));
#2121 = SURFACE_CURVE('',#2122,(#2126,#2132),.PCURVE_S1.);
#2122 = LINE('',#2123,#2124);
#2123 = CARTESIAN_POINT('',(238.,-168.5,-26.));
#2124 = VECTOR('',#2125,1.);
#2125 = DIRECTION('',(0.,1.,0.));
#2126 = PCURVE('',#212,#2127);
#2127 = DEFINITIONAL_REPRESENTATION('',(#2128),#2131);
#2128 = B_SPLINE_CURVE_WITH_KNOTS('',1,(#2129,#2130),.UNSPECIFIED.,.F.,
  .F.,(2,2),(-31.5,118.5),.PIECEWISE_BEZIER_KNOTS.);
#2129 = CARTESIAN_POINT('',(500.,12.));
#2130 = CARTESIAN_POINT('',(500.,162.));
#2131 = ( GEOMETRIC_REPRESENTATION_CONTEXT(2) 
PARAMETRIC_REPRESENTATION_CONTEXT() REPRESENTATION_CONTEXT('2D SPACE',''
  ) );
#2132 = PCURVE('',#910,#2133);
#2133 = DEFINITIONAL_REPRESENTATION('',(#2134),#2137);
#2134 = B_SPLINE_CURVE_WITH_KNOTS('',1,(#2135,#2136),.UNSPECIFIED.,.F.,
  .F.,(2,2),(-31.5,118.5),.PIECEWISE_BEZIER_KNOTS.);
#2135 = CARTESIAN_POINT('',(26.,-75.));
#2136 = CARTESIAN_POINT('',(26.,75.));
#2137 = ( GEOMETRIC_REPRESENTATION_CONTEXT(2) 
PARAMETRIC_REPRESENTATION_CONTEXT() REPRESENTATION_CONTEXT('2D SPACE',''
  ) );
#2138 = ORIENTED_EDGE('',*,*,#2139,.T.);
#2139 = EDGE_CURVE('',#2119,#2140,#2142,.T.);
#2140 = VERTEX_POINT('',#2141);
#2141 = CARTESIAN_POINT('',(240.,-88.27126465558,-26.));
#2142 = SURFACE_CURVE('',#2143,(#2147,#2153),.PCURVE_S1.);
#2143 = LINE('',#2144,#2145);
#2144 = CARTESIAN_POINT('',(-240.,-88.27126465558,-26.));
#2145 = VECTOR('',#2146,1.);
#2146 = DIRECTION('',(1.,0.,2.22044604925E-16));
#2147 = PCURVE('',#212,#2148);
#2148 = DEFINITIONAL_REPRESENTATION('',(#2149),#2152);
#2149 = B_SPLINE_CURVE_WITH_KNOTS('',1,(#2150,#2151),.UNSPECIFIED.,.F.,
  .F.,(2,2),(-5.999999928008E-07,480.0000006),.PIECEWISE_BEZIER_KNOTS.);
#2150 = CARTESIAN_POINT('',(21.9999994,123.72873534441));
#2151 = CARTESIAN_POINT('',(502.0000006,123.72873534441));
#2152 = ( GEOMETRIC_REPRESENTATION_CONTEXT(2) 
PARAMETRIC_REPRESENTATION_CONTEXT() REPRESENTATION_CONTEXT('2D SPACE',''
  ) );
#2153 = PCURVE('',#2154,#2159);
#2154 = CYLINDRICAL_SURFACE('',#2155,45.);
#2155 = AXIS2_PLACEMENT_3D('',#2156,#2157,#2158);
#2156 = CARTESIAN_POINT('',(-240.,-125.,-5.329070518201E-14));
#2157 = DIRECTION('',(1.,0.,2.22044604925E-16));
#2158 = DIRECTION('',(2.22044604925E-16,0.,-1.));
#2159 = DEFINITIONAL_REPRESENTATION('',(#2160),#2163);
#2160 = B_SPLINE_CURVE_WITH_KNOTS('',1,(#2161,#2162),.UNSPECIFIED.,.F.,
  .F.,(2,2),(478.,480.),.PIECEWISE_BEZIER_KNOTS.);
#2161 = CARTESIAN_POINT('',(7.237978239368,478.));
#2162 = CARTESIAN_POINT('',(7.237978239368,480.));
#2163 = ( GEOMETRIC_REPRESENTATION_CONTEXT(2) 
PARAMETRIC_REPRESENTATION_CONTEXT() REPRESENTATION_CONTEXT('2D SPACE',''
  ) );
#2164 = ORIENTED_EDGE('',*,*,#2165,.F.);
#2165 = EDGE_CURVE('',#2166,#2140,#2168,.T.);
#2166 = VERTEX_POINT('',#2167);
#2167 = CARTESIAN_POINT('',(240.,-161.7287353444,-26.));
#2168 = SURFACE_CURVE('',#2169,(#2173,#2179),.PCURVE_S1.);
#2169 = LINE('',#2170,#2171);
#2170 = CARTESIAN_POINT('',(240.,-168.5,-26.));
#2171 = VECTOR('',#2172,1.);
#2172 = DIRECTION('',(0.,1.,0.));
#2173 = PCURVE('',#212,#2174);
#2174 = DEFINITIONAL_REPRESENTATION('',(#2175),#2178);
#2175 = B_SPLINE_CURVE_WITH_KNOTS('',1,(#2176,#2177),.UNSPECIFIED.,.F.,
  .F.,(2,2),(-1.5,88.5),.PIECEWISE_BEZIER_KNOTS.);
#2176 = CARTESIAN_POINT('',(502.,42.));
#2177 = CARTESIAN_POINT('',(502.,132.));
#2178 = ( GEOMETRIC_REPRESENTATION_CONTEXT(2) 
PARAMETRIC_REPRESENTATION_CONTEXT() REPRESENTATION_CONTEXT('2D SPACE',''
  ) );
#2179 = PCURVE('',#2180,#2185);
#2180 = PLANE('',#2181);
#2181 = AXIS2_PLACEMENT_3D('',#2182,#2183,#2184);
#2182 = CARTESIAN_POINT('',(240.,-125.,5.329070518201E-14));
#2183 = DIRECTION('',(1.,0.,2.22044604925E-16));
#2184 = DIRECTION('',(2.22044604925E-16,0.,-1.));
#2185 = DEFINITIONAL_REPRESENTATION('',(#2186),#2189);
#2186 = B_SPLINE_CURVE_WITH_KNOTS('',1,(#2187,#2188),.UNSPECIFIED.,.F.,
  .F.,(2,2),(-1.5,88.5),.PIECEWISE_BEZIER_KNOTS.);
#2187 = CARTESIAN_POINT('',(26.,-45.));
#2188 = CARTESIAN_POINT('',(26.,45.));
#2189 = ( GEOMETRIC_REPRESENTATION_CONTEXT(2) 
PARAMETRIC_REPRESENTATION_CONTEXT() REPRESENTATION_CONTEXT('2D SPACE',''
  ) );
#2190 = ORIENTED_EDGE('',*,*,#2191,.F.);
#2191 = EDGE_CURVE('',#2192,#2166,#2194,.T.);
#2192 = VERTEX_POINT('',#2193);
#2193 = CARTESIAN_POINT('',(238.,-161.7287353444,-26.));
#2194 = SURFACE_CURVE('',#2195,(#2199,#2205),.PCURVE_S1.);
#2195 = LINE('',#2196,#2197);
#2196 = CARTESIAN_POINT('',(-240.,-161.7287353444,-26.));
#2197 = VECTOR('',#2198,1.);
#2198 = DIRECTION('',(1.,0.,2.22044604925E-16));
#2199 = PCURVE('',#212,#2200);
#2200 = DEFINITIONAL_REPRESENTATION('',(#2201),#2204);
#2201 = B_SPLINE_CURVE_WITH_KNOTS('',1,(#2202,#2203),.UNSPECIFIED.,.F.,
  .F.,(2,2),(-5.999999928008E-07,480.0000006),.PIECEWISE_BEZIER_KNOTS.);
#2202 = CARTESIAN_POINT('',(21.9999994,50.271264655586));
#2203 = CARTESIAN_POINT('',(502.0000006,50.271264655586));
#2204 = ( GEOMETRIC_REPRESENTATION_CONTEXT(2) 
PARAMETRIC_REPRESENTATION_CONTEXT() REPRESENTATION_CONTEXT('2D SPACE',''
  ) );
#2205 = PCURVE('',#2154,#2206);
#2206 = DEFINITIONAL_REPRESENTATION('',(#2207),#2210);
#2207 = B_SPLINE_CURVE_WITH_KNOTS('',1,(#2208,#2209),.UNSPECIFIED.,.F.,
  .F.,(2,2),(478.,480.),.PIECEWISE_BEZIER_KNOTS.);
#2208 = CARTESIAN_POINT('',(5.328392374991,478.));
#2209 = CARTESIAN_POINT('',(5.328392374991,480.));
#2210 = ( GEOMETRIC_REPRESENTATION_CONTEXT(2) 
PARAMETRIC_REPRESENTATION_CONTEXT() REPRESENTATION_CONTEXT('2D SPACE',''
  ) );
#2211 = ORIENTED_EDGE('',*,*,#2212,.F.);
#2212 = EDGE_CURVE('',#894,#2192,#2213,.T.);
#2213 = SURFACE_CURVE('',#2214,(#2218,#2224),.PCURVE_S1.);
#2214 = LINE('',#2215,#2216);
#2215 = CARTESIAN_POINT('',(238.,-168.5,-26.));
#2216 = VECTOR('',#2217,1.);
#2217 = DIRECTION('',(0.,1.,0.));
#2218 = PCURVE('',#212,#2219);
#2219 = DEFINITIONAL_REPRESENTATION('',(#2220),#2223);
#2220 = B_SPLINE_CURVE_WITH_KNOTS('',1,(#2221,#2222),.UNSPECIFIED.,.F.,
  .F.,(2,2),(-31.5,118.5),.PIECEWISE_BEZIER_KNOTS.);
#2221 = CARTESIAN_POINT('',(500.,12.));
#2222 = CARTESIAN_POINT('',(500.,162.));
#2223 = ( GEOMETRIC_REPRESENTATION_CONTEXT(2) 
PARAMETRIC_REPRESENTATION_CONTEXT() REPRESENTATION_CONTEXT('2D SPACE',''
  ) );
#2224 = PCURVE('',#910,#2225);
#2225 = DEFINITIONAL_REPRESENTATION('',(#2226),#2229);
#2226 = B_SPLINE_CURVE_WITH_KNOTS('',1,(#2227,#2228),.UNSPECIFIED.,.F.,
  .F.,(2,2),(-31.5,118.5),.PIECEWISE_BEZIER_KNOTS.);
#2227 = CARTESIAN_POINT('',(26.,-75.));
#2228 = CARTESIAN_POINT('',(26.,75.));
#2229 = ( GEOMETRIC_REPRESENTATION_CONTEXT(2) 
PARAMETRIC_REPRESENTATION_CONTEXT() REPRESENTATION_CONTEXT('2D SPACE',''
  ) );
#2230 = ORIENTED_EDGE('',*,*,#926,.F.);
#2231 = ORIENTED_EDGE('',*,*,#2232,.F.);
#2232 = EDGE_CURVE('',#1011,#927,#2233,.T.);
#2233 = SURFACE_CURVE('',#2234,(#2239,#2246),.PCURVE_S1.);
#2234 = CIRCLE('',#2235,6.5);
#2235 = AXIS2_PLACEMENT_3D('',#2236,#2237,#2238);
#2236 = CARTESIAN_POINT('',(190.,-191.,-26.));
#2237 = DIRECTION('',(0.,0.,1.));
#2238 = DIRECTION('',(1.,0.,-0.));
#2239 = PCURVE('',#212,#2240);
#2240 = DEFINITIONAL_REPRESENTATION('',(#2241),#2245);
#2241 = CIRCLE('',#2242,6.5);
#2242 = AXIS2_PLACEMENT_2D('',#2243,#2244);
#2243 = CARTESIAN_POINT('',(452.,21.));
#2244 = DIRECTION('',(1.,0.));
#2245 = ( GEOMETRIC_REPRESENTATION_CONTEXT(2) 
PARAMETRIC_REPRESENTATION_CONTEXT() REPRESENTATION_CONTEXT('2D SPACE',''
  ) );
#2246 = PCURVE('',#969,#2247);
#2247 = DEFINITIONAL_REPRESENTATION('',(#2248),#2252);
#2248 = LINE('',#2249,#2250);
#2249 = CARTESIAN_POINT('',(0.,2.));
#2250 = VECTOR('',#2251,1.);
#2251 = DIRECTION('',(1.,0.));
#2252 = ( GEOMETRIC_REPRESENTATION_CONTEXT(2) 
PARAMETRIC_REPRESENTATION_CONTEXT() REPRESENTATION_CONTEXT('2D SPACE',''
  ) );
#2253 = ORIENTED_EDGE('',*,*,#1042,.F.);
#2254 = ORIENTED_EDGE('',*,*,#2255,.F.);
#2255 = EDGE_CURVE('',#1127,#1043,#2256,.T.);
#2256 = SURFACE_CURVE('',#2257,(#2262,#2269),.PCURVE_S1.);
#2257 = CIRCLE('',#2258,5.);
#2258 = AXIS2_PLACEMENT_3D('',#2259,#2260,#2261);
#2259 = CARTESIAN_POINT('',(160.,-191.,-26.));
#2260 = DIRECTION('',(0.,0.,1.));
#2261 = DIRECTION('',(1.,0.,-0.));
#2262 = PCURVE('',#212,#2263);
#2263 = DEFINITIONAL_REPRESENTATION('',(#2264),#2268);
#2264 = CIRCLE('',#2265,5.);
#2265 = AXIS2_PLACEMENT_2D('',#2266,#2267);
#2266 = CARTESIAN_POINT('',(422.,21.));
#2267 = DIRECTION('',(1.,0.));
#2268 = ( GEOMETRIC_REPRESENTATION_CONTEXT(2) 
PARAMETRIC_REPRESENTATION_CONTEXT() REPRESENTATION_CONTEXT('2D SPACE',''
  ) );
#2269 = PCURVE('',#1085,#2270);
#2270 = DEFINITIONAL_REPRESENTATION('',(#2271),#2275);
#2271 = LINE('',#2272,#2273);
#2272 = CARTESIAN_POINT('',(0.,2.));
#2273 = VECTOR('',#2274,1.);
#2274 = DIRECTION('',(1.,0.));
#2275 = ( GEOMETRIC_REPRESENTATION_CONTEXT(2) 
PARAMETRIC_REPRESENTATION_CONTEXT() REPRESENTATION_CONTEXT('2D SPACE',''
  ) );
#2276 = ORIENTED_EDGE('',*,*,#1158,.F.);
#2277 = ORIENTED_EDGE('',*,*,#2278,.F.);
#2278 = EDGE_CURVE('',#1243,#1159,#2279,.T.);
#2279 = SURFACE_CURVE('',#2280,(#2285,#2292),.PCURVE_S1.);
#2280 = CIRCLE('',#2281,6.5);
#2281 = AXIS2_PLACEMENT_3D('',#2282,#2283,#2284);
#2282 = CARTESIAN_POINT('',(95.,-191.,-26.));
#2283 = DIRECTION('',(0.,0.,1.));
#2284 = DIRECTION('',(1.,0.,-0.));
#2285 = PCURVE('',#212,#2286);
#2286 = DEFINITIONAL_REPRESENTATION('',(#2287),#2291);
#2287 = CIRCLE('',#2288,6.5);
#2288 = AXIS2_PLACEMENT_2D('',#2289,#2290);
#2289 = CARTESIAN_POINT('',(357.,21.));
#2290 = DIRECTION('',(1.,0.));
#2291 = ( GEOMETRIC_REPRESENTATION_CONTEXT(2) 
PARAMETRIC_REPRESENTATION_CONTEXT() REPRESENTATION_CONTEXT('2D SPACE',''
  ) );
#2292 = PCURVE('',#1201,#2293);
#2293 = DEFINITIONAL_REPRESENTATION('',(#2294),#2298);
#2294 = LINE('',#2295,#2296);
#2295 = CARTESIAN_POINT('',(0.,2.));
#2296 = VECTOR('',#2297,1.);
#2297 = DIRECTION('',(1.,0.));
#2298 = ( GEOMETRIC_REPRESENTATION_CONTEXT(2) 
PARAMETRIC_REPRESENTATION_CONTEXT() REPRESENTATION_CONTEXT('2D SPACE',''
  ) );
#2299 = ORIENTED_EDGE('',*,*,#1274,.F.);
#2300 = ORIENTED_EDGE('',*,*,#2301,.F.);
#2301 = EDGE_CURVE('',#1359,#1275,#2302,.T.);
#2302 = SURFACE_CURVE('',#2303,(#2308,#2315),.PCURVE_S1.);
#2303 = CIRCLE('',#2304,6.5);
#2304 = AXIS2_PLACEMENT_3D('',#2305,#2306,#2307);
#2305 = CARTESIAN_POINT('',(0.,-191.,-26.));
#2306 = DIRECTION('',(0.,0.,1.));
#2307 = DIRECTION('',(1.,0.,-0.));
#2308 = PCURVE('',#212,#2309);
#2309 = DEFINITIONAL_REPRESENTATION('',(#2310),#2314);
#2310 = CIRCLE('',#2311,6.5);
#2311 = AXIS2_PLACEMENT_2D('',#2312,#2313);
#2312 = CARTESIAN_POINT('',(262.,21.));
#2313 = DIRECTION('',(1.,0.));
#2314 = ( GEOMETRIC_REPRESENTATION_CONTEXT(2) 
PARAMETRIC_REPRESENTATION_CONTEXT() REPRESENTATION_CONTEXT('2D SPACE',''
  ) );
#2315 = PCURVE('',#1317,#2316);
#2316 = DEFINITIONAL_REPRESENTATION('',(#2317),#2321);
#2317 = LINE('',#2318,#2319);
#2318 = CARTESIAN_POINT('',(0.,2.));
#2319 = VECTOR('',#2320,1.);
#2320 = DIRECTION('',(1.,0.));
#2321 = ( GEOMETRIC_REPRESENTATION_CONTEXT(2) 
PARAMETRIC_REPRESENTATION_CONTEXT() REPRESENTATION_CONTEXT('2D SPACE',''
  ) );
#2322 = ORIENTED_EDGE('',*,*,#1390,.F.);
#2323 = ORIENTED_EDGE('',*,*,#2324,.F.);
#2324 = EDGE_CURVE('',#1475,#1391,#2325,.T.);
#2325 = SURFACE_CURVE('',#2326,(#2331,#2338),.PCURVE_S1.);
#2326 = CIRCLE('',#2327,6.5);
#2327 = AXIS2_PLACEMENT_3D('',#2328,#2329,#2330);
#2328 = CARTESIAN_POINT('',(-95.,-191.,-26.));
#2329 = DIRECTION('',(0.,0.,1.));
#2330 = DIRECTION('',(1.,0.,-0.));
#2331 = PCURVE('',#212,#2332);
#2332 = DEFINITIONAL_REPRESENTATION('',(#2333),#2337);
#2333 = CIRCLE('',#2334,6.5);
#2334 = AXIS2_PLACEMENT_2D('',#2335,#2336);
#2335 = CARTESIAN_POINT('',(167.,21.));
#2336 = DIRECTION('',(1.,0.));
#2337 = ( GEOMETRIC_REPRESENTATION_CONTEXT(2) 
PARAMETRIC_REPRESENTATION_CONTEXT() REPRESENTATION_CONTEXT('2D SPACE',''
  ) );
#2338 = PCURVE('',#1433,#2339);
#2339 = DEFINITIONAL_REPRESENTATION('',(#2340),#2344);
#2340 = LINE('',#2341,#2342);
#2341 = CARTESIAN_POINT('',(0.,2.));
#2342 = VECTOR('',#2343,1.);
#2343 = DIRECTION('',(1.,0.));
#2344 = ( GEOMETRIC_REPRESENTATION_CONTEXT(2) 
PARAMETRIC_REPRESENTATION_CONTEXT() REPRESENTATION_CONTEXT('2D SPACE',''
  ) );
#2345 = ORIENTED_EDGE('',*,*,#1506,.F.);
#2346 = ORIENTED_EDGE('',*,*,#2347,.F.);
#2347 = EDGE_CURVE('',#732,#1507,#2348,.T.);
#2348 = SURFACE_CURVE('',#2349,(#2354,#2361),.PCURVE_S1.);
#2349 = CIRCLE('',#2350,6.5);
#2350 = AXIS2_PLACEMENT_3D('',#2351,#2352,#2353);
#2351 = CARTESIAN_POINT('',(-190.,-191.,-26.));
#2352 = DIRECTION('',(0.,0.,1.));
#2353 = DIRECTION('',(1.,0.,-0.));
#2354 = PCURVE('',#212,#2355);
#2355 = DEFINITIONAL_REPRESENTATION('',(#2356),#2360);
#2356 = CIRCLE('',#2357,6.5);
#2357 = AXIS2_PLACEMENT_2D('',#2358,#2359);
#2358 = CARTESIAN_POINT('',(72.,21.));
#2359 = DIRECTION('',(1.,0.));
#2360 = ( GEOMETRIC_REPRESENTATION_CONTEXT(2) 
PARAMETRIC_REPRESENTATION_CONTEXT() REPRESENTATION_CONTEXT('2D SPACE',''
  ) );
#2361 = PCURVE('',#1549,#2362);
#2362 = DEFINITIONAL_REPRESENTATION('',(#2363),#2367);
#2363 = LINE('',#2364,#2365);
#2364 = CARTESIAN_POINT('',(0.,2.));
#2365 = VECTOR('',#2366,1.);
#2366 = DIRECTION('',(1.,0.));
#2367 = ( GEOMETRIC_REPRESENTATION_CONTEXT(2) 
PARAMETRIC_REPRESENTATION_CONTEXT() REPRESENTATION_CONTEXT('2D SPACE',''
  ) );
#2368 = ORIENTED_EDGE('',*,*,#729,.F.);
#2369 = ORIENTED_EDGE('',*,*,#2370,.T.);
#2370 = EDGE_CURVE('',#730,#2371,#2373,.T.);
#2371 = VERTEX_POINT('',#2372);
#2372 = CARTESIAN_POINT('',(-238.,-161.7287353444,-26.));
#2373 = SURFACE_CURVE('',#2374,(#2378,#2384),.PCURVE_S1.);
#2374 = LINE('',#2375,#2376);
#2375 = CARTESIAN_POINT('',(-238.,-168.5,-26.));
#2376 = VECTOR('',#2377,1.);
#2377 = DIRECTION('',(0.,1.,0.));
#2378 = PCURVE('',#212,#2379);
#2379 = DEFINITIONAL_REPRESENTATION('',(#2380),#2383);
#2380 = B_SPLINE_CURVE_WITH_KNOTS('',1,(#2381,#2382),.UNSPECIFIED.,.F.,
  .F.,(2,2),(-31.5,118.5),.PIECEWISE_BEZIER_KNOTS.);
#2381 = CARTESIAN_POINT('',(24.,12.));
#2382 = CARTESIAN_POINT('',(24.,162.));
#2383 = ( GEOMETRIC_REPRESENTATION_CONTEXT(2) 
PARAMETRIC_REPRESENTATION_CONTEXT() REPRESENTATION_CONTEXT('2D SPACE',''
  ) );
#2384 = PCURVE('',#769,#2385);
#2385 = DEFINITIONAL_REPRESENTATION('',(#2386),#2389);
#2386 = B_SPLINE_CURVE_WITH_KNOTS('',1,(#2387,#2388),.UNSPECIFIED.,.F.,
  .F.,(2,2),(-31.5,118.5),.PIECEWISE_BEZIER_KNOTS.);
#2387 = CARTESIAN_POINT('',(26.,-75.));
#2388 = CARTESIAN_POINT('',(26.,75.));
#2389 = ( GEOMETRIC_REPRESENTATION_CONTEXT(2) 
PARAMETRIC_REPRESENTATION_CONTEXT() REPRESENTATION_CONTEXT('2D SPACE',''
  ) );
#2390 = ORIENTED_EDGE('',*,*,#2391,.F.);
#2391 = EDGE_CURVE('',#2392,#2371,#2394,.T.);
#2392 = VERTEX_POINT('',#2393);
#2393 = CARTESIAN_POINT('',(-240.,-161.7287353444,-26.));
#2394 = SURFACE_CURVE('',#2395,(#2399,#2405),.PCURVE_S1.);
#2395 = LINE('',#2396,#2397);
#2396 = CARTESIAN_POINT('',(-240.,-161.7287353444,-26.));
#2397 = VECTOR('',#2398,1.);
#2398 = DIRECTION('',(1.,0.,2.22044604925E-16));
#2399 = PCURVE('',#212,#2400);
#2400 = DEFINITIONAL_REPRESENTATION('',(#2401),#2404);
#2401 = B_SPLINE_CURVE_WITH_KNOTS('',1,(#2402,#2403),.UNSPECIFIED.,.F.,
  .F.,(2,2),(-5.999999928008E-07,480.0000006),.PIECEWISE_BEZIER_KNOTS.);
#2402 = CARTESIAN_POINT('',(21.9999994,50.271264655586));
#2403 = CARTESIAN_POINT('',(502.0000006,50.271264655586));
#2404 = ( GEOMETRIC_REPRESENTATION_CONTEXT(2) 
PARAMETRIC_REPRESENTATION_CONTEXT() REPRESENTATION_CONTEXT('2D SPACE',''
  ) );
#2405 = PCURVE('',#2154,#2406);
#2406 = DEFINITIONAL_REPRESENTATION('',(#2407),#2410);
#2407 = B_SPLINE_CURVE_WITH_KNOTS('',1,(#2408,#2409),.UNSPECIFIED.,.F.,
  .F.,(2,2),(7.88860905221E-31,2.),.PIECEWISE_BEZIER_KNOTS.);
#2408 = CARTESIAN_POINT('',(5.328392374991,-5.773159728051E-15));
#2409 = CARTESIAN_POINT('',(5.328392374991,2.));
#2410 = ( GEOMETRIC_REPRESENTATION_CONTEXT(2) 
PARAMETRIC_REPRESENTATION_CONTEXT() REPRESENTATION_CONTEXT('2D SPACE',''
  ) );
#2411 = ORIENTED_EDGE('',*,*,#2412,.T.);
#2412 = EDGE_CURVE('',#2392,#2413,#2415,.T.);
#2413 = VERTEX_POINT('',#2414);
#2414 = CARTESIAN_POINT('',(-240.,-88.27126465558,-26.));
#2415 = SURFACE_CURVE('',#2416,(#2420,#2426),.PCURVE_S1.);
#2416 = LINE('',#2417,#2418);
#2417 = CARTESIAN_POINT('',(-240.,-168.5,-26.));
#2418 = VECTOR('',#2419,1.);
#2419 = DIRECTION('',(0.,1.,0.));
#2420 = PCURVE('',#212,#2421);
#2421 = DEFINITIONAL_REPRESENTATION('',(#2422),#2425);
#2422 = B_SPLINE_CURVE_WITH_KNOTS('',1,(#2423,#2424),.UNSPECIFIED.,.F.,
  .F.,(2,2),(-1.5,88.5),.PIECEWISE_BEZIER_KNOTS.);
#2423 = CARTESIAN_POINT('',(22.,42.));
#2424 = CARTESIAN_POINT('',(22.,132.));
#2425 = ( GEOMETRIC_REPRESENTATION_CONTEXT(2) 
PARAMETRIC_REPRESENTATION_CONTEXT() REPRESENTATION_CONTEXT('2D SPACE',''
  ) );
#2426 = PCURVE('',#2427,#2432);
#2427 = PLANE('',#2428);
#2428 = AXIS2_PLACEMENT_3D('',#2429,#2430,#2431);
#2429 = CARTESIAN_POINT('',(-240.,-125.,-5.329070518201E-14));
#2430 = DIRECTION('',(1.,0.,2.22044604925E-16));
#2431 = DIRECTION('',(2.22044604925E-16,0.,-1.));
#2432 = DEFINITIONAL_REPRESENTATION('',(#2433),#2436);
#2433 = B_SPLINE_CURVE_WITH_KNOTS('',1,(#2434,#2435),.UNSPECIFIED.,.F.,
  .F.,(2,2),(-1.5,88.5),.PIECEWISE_BEZIER_KNOTS.);
#2434 = CARTESIAN_POINT('',(26.,-45.));
#2435 = CARTESIAN_POINT('',(26.,45.));
#2436 = ( GEOMETRIC_REPRESENTATION_CONTEXT(2) 
PARAMETRIC_REPRESENTATION_CONTEXT() REPRESENTATION_CONTEXT('2D SPACE',''
  ) );
#2437 = ORIENTED_EDGE('',*,*,#2438,.T.);
#2438 = EDGE_CURVE('',#2413,#2439,#2441,.T.);
#2439 = VERTEX_POINT('',#2440);
#2440 = CARTESIAN_POINT('',(-238.,-88.27126465558,-26.));
#2441 = SURFACE_CURVE('',#2442,(#2446,#2452),.PCURVE_S1.);
#2442 = LINE('',#2443,#2444);
#2443 = CARTESIAN_POINT('',(-240.,-88.27126465558,-26.));
#2444 = VECTOR('',#2445,1.);
#2445 = DIRECTION('',(1.,0.,2.22044604925E-16));
#2446 = PCURVE('',#212,#2447);
#2447 = DEFINITIONAL_REPRESENTATION('',(#2448),#2451);
#2448 = B_SPLINE_CURVE_WITH_KNOTS('',1,(#2449,#2450),.UNSPECIFIED.,.F.,
  .F.,(2,2),(-5.999999928008E-07,480.0000006),.PIECEWISE_BEZIER_KNOTS.);
#2449 = CARTESIAN_POINT('',(21.9999994,123.72873534441));
#2450 = CARTESIAN_POINT('',(502.0000006,123.72873534441));
#2451 = ( GEOMETRIC_REPRESENTATION_CONTEXT(2) 
PARAMETRIC_REPRESENTATION_CONTEXT() REPRESENTATION_CONTEXT('2D SPACE',''
  ) );
#2452 = PCURVE('',#2154,#2453);
#2453 = DEFINITIONAL_REPRESENTATION('',(#2454),#2457);
#2454 = B_SPLINE_CURVE_WITH_KNOTS('',1,(#2455,#2456),.UNSPECIFIED.,.F.,
  .F.,(2,2),(0.,2.),.PIECEWISE_BEZIER_KNOTS.);
#2455 = CARTESIAN_POINT('',(7.237978239368,-5.773159728051E-15));
#2456 = CARTESIAN_POINT('',(7.237978239368,2.));
#2457 = ( GEOMETRIC_REPRESENTATION_CONTEXT(2) 
PARAMETRIC_REPRESENTATION_CONTEXT() REPRESENTATION_CONTEXT('2D SPACE',''
  ) );
#2458 = ORIENTED_EDGE('',*,*,#2459,.T.);
#2459 = EDGE_CURVE('',#2439,#753,#2460,.T.);
#2460 = SURFACE_CURVE('',#2461,(#2465,#2471),.PCURVE_S1.);
#2461 = LINE('',#2462,#2463);
#2462 = CARTESIAN_POINT('',(-238.,-168.5,-26.));
#2463 = VECTOR('',#2464,1.);
#2464 = DIRECTION('',(0.,1.,0.));
#2465 = PCURVE('',#212,#2466);
#2466 = DEFINITIONAL_REPRESENTATION('',(#2467),#2470);
#2467 = B_SPLINE_CURVE_WITH_KNOTS('',1,(#2468,#2469),.UNSPECIFIED.,.F.,
  .F.,(2,2),(-31.5,118.5),.PIECEWISE_BEZIER_KNOTS.);
#2468 = CARTESIAN_POINT('',(24.,12.));
#2469 = CARTESIAN_POINT('',(24.,162.));
#2470 = ( GEOMETRIC_REPRESENTATION_CONTEXT(2) 
PARAMETRIC_REPRESENTATION_CONTEXT() REPRESENTATION_CONTEXT('2D SPACE',''
  ) );
#2471 = PCURVE('',#769,#2472);
#2472 = DEFINITIONAL_REPRESENTATION('',(#2473),#2476);
#2473 = B_SPLINE_CURVE_WITH_KNOTS('',1,(#2474,#2475),.UNSPECIFIED.,.F.,
  .F.,(2,2),(-31.5,118.5),.PIECEWISE_BEZIER_KNOTS.);
#2474 = CARTESIAN_POINT('',(26.,-75.));
#2475 = CARTESIAN_POINT('',(26.,75.));
#2476 = ( GEOMETRIC_REPRESENTATION_CONTEXT(2) 
PARAMETRIC_REPRESENTATION_CONTEXT() REPRESENTATION_CONTEXT('2D SPACE',''
  ) );
#2477 = ORIENTED_EDGE('',*,*,#781,.T.);
#2478 = ADVANCED_FACE('',(#2479),#185,.T.);
#2479 = FACE_BOUND('',#2480,.T.);
#2480 = EDGE_LOOP('',(#2481,#2482,#2504,#2505,#2531,#2532,#2556,#2585,
    #2606,#2633));
#2481 = ORIENTED_EDGE('',*,*,#1800,.F.);
#2482 = ORIENTED_EDGE('',*,*,#2483,.T.);
#2483 = EDGE_CURVE('',#1801,#1921,#2484,.T.);
#2484 = SURFACE_CURVE('',#2485,(#2490,#2497),.PCURVE_S1.);
#2485 = CIRCLE('',#2486,90.);
#2486 = AXIS2_PLACEMENT_3D('',#2487,#2488,#2489);
#2487 = CARTESIAN_POINT('',(-238.,125.,-5.284661597216E-14));
#2488 = DIRECTION('',(1.,3.384948032123E-31,3.157967714489E-16));
#2489 = DIRECTION('',(0.,-1.,1.071875439572E-15));
#2490 = PCURVE('',#185,#2491);
#2491 = DEFINITIONAL_REPRESENTATION('',(#2492),#2496);
#2492 = LINE('',#2493,#2494);
#2493 = CARTESIAN_POINT('',(4.712388980385,0.));
#2494 = VECTOR('',#2495,1.);
#2495 = DIRECTION('',(1.,0.));
#2496 = ( GEOMETRIC_REPRESENTATION_CONTEXT(2) 
PARAMETRIC_REPRESENTATION_CONTEXT() REPRESENTATION_CONTEXT('2D SPACE',''
  ) );
#2497 = PCURVE('',#1836,#2498);
#2498 = DEFINITIONAL_REPRESENTATION('',(#2499),#2503);
#2499 = CIRCLE('',#2500,90.);
#2500 = AXIS2_PLACEMENT_2D('',#2501,#2502);
#2501 = CARTESIAN_POINT('',(0.,0.));
#2502 = DIRECTION('',(-1.071875439572E-15,-1.));
#2503 = ( GEOMETRIC_REPRESENTATION_CONTEXT(2) 
PARAMETRIC_REPRESENTATION_CONTEXT() REPRESENTATION_CONTEXT('2D SPACE',''
  ) );
#2504 = ORIENTED_EDGE('',*,*,#1941,.T.);
#2505 = ORIENTED_EDGE('',*,*,#2506,.T.);
#2506 = EDGE_CURVE('',#1942,#2057,#2507,.T.);
#2507 = SURFACE_CURVE('',#2508,(#2513,#2520),.PCURVE_S1.);
#2508 = CIRCLE('',#2509,90.);
#2509 = AXIS2_PLACEMENT_3D('',#2510,#2511,#2512);
#2510 = CARTESIAN_POINT('',(238.,125.,5.284661597216E-14));
#2511 = DIRECTION('',(-1.,0.,0.));
#2512 = DIRECTION('',(0.,1.,-5.053215498074E-16));
#2513 = PCURVE('',#185,#2514);
#2514 = DEFINITIONAL_REPRESENTATION('',(#2515),#2519);
#2515 = LINE('',#2516,#2517);
#2516 = CARTESIAN_POINT('',(7.853981633974,476.));
#2517 = VECTOR('',#2518,1.);
#2518 = DIRECTION('',(-1.,-0.));
#2519 = ( GEOMETRIC_REPRESENTATION_CONTEXT(2) 
PARAMETRIC_REPRESENTATION_CONTEXT() REPRESENTATION_CONTEXT('2D SPACE',''
  ) );
#2520 = PCURVE('',#1977,#2521);
#2521 = DEFINITIONAL_REPRESENTATION('',(#2522),#2530);
#2522 = ( BOUNDED_CURVE() B_SPLINE_CURVE(2,(#2523,#2524,#2525,#2526,
#2527,#2528,#2529),.UNSPECIFIED.,.T.,.F.) B_SPLINE_CURVE_WITH_KNOTS((1,2
    ,2,2,2,1),(-2.094395102393,0.,2.094395102393,4.188790204786,
6.28318530718,8.377580409573),.UNSPECIFIED.) CURVE() 
GEOMETRIC_REPRESENTATION_ITEM() RATIONAL_B_SPLINE_CURVE((1.,0.5,1.,0.5,
1.,0.5,1.)) REPRESENTATION_ITEM('') );
#2523 = CARTESIAN_POINT('',(4.547893948267E-14,90.));
#2524 = CARTESIAN_POINT('',(155.88457268119,90.));
#2525 = CARTESIAN_POINT('',(77.942286340599,-45.));
#2526 = CARTESIAN_POINT('',(-6.891423658069E-14,-180.));
#2527 = CARTESIAN_POINT('',(-77.94228634059,-45.));
#2528 = CARTESIAN_POINT('',(-155.8845726811,90.));
#2529 = CARTESIAN_POINT('',(4.547893948267E-14,90.));
#2530 = ( GEOMETRIC_REPRESENTATION_CONTEXT(2) 
PARAMETRIC_REPRESENTATION_CONTEXT() REPRESENTATION_CONTEXT('2D SPACE',''
  ) );
#2531 = ORIENTED_EDGE('',*,*,#2077,.F.);
#2532 = ORIENTED_EDGE('',*,*,#2533,.T.);
#2533 = EDGE_CURVE('',#2078,#2534,#2536,.T.);
#2534 = VERTEX_POINT('',#2535);
#2535 = CARTESIAN_POINT('',(220.,125.,-90.));
#2536 = SURFACE_CURVE('',#2537,(#2542,#2549),.PCURVE_S1.);
#2537 = CIRCLE('',#2538,90.);
#2538 = AXIS2_PLACEMENT_3D('',#2539,#2540,#2541);
#2539 = CARTESIAN_POINT('',(220.,125.,4.884981308351E-14));
#2540 = DIRECTION('',(1.,0.,2.22044604925E-16));
#2541 = DIRECTION('',(2.22044604925E-16,0.,-1.));
#2542 = PCURVE('',#185,#2543);
#2543 = DEFINITIONAL_REPRESENTATION('',(#2544),#2548);
#2544 = LINE('',#2545,#2546);
#2545 = CARTESIAN_POINT('',(0.,458.));
#2546 = VECTOR('',#2547,1.);
#2547 = DIRECTION('',(1.,0.));
#2548 = ( GEOMETRIC_REPRESENTATION_CONTEXT(2) 
PARAMETRIC_REPRESENTATION_CONTEXT() REPRESENTATION_CONTEXT('2D SPACE',''
  ) );
#2549 = PCURVE('',#327,#2550);
#2550 = DEFINITIONAL_REPRESENTATION('',(#2551),#2555);
#2551 = CIRCLE('',#2552,90.);
#2552 = AXIS2_PLACEMENT_2D('',#2553,#2554);
#2553 = CARTESIAN_POINT('',(220.,-295.));
#2554 = DIRECTION('',(-1.,0.));
#2555 = ( GEOMETRIC_REPRESENTATION_CONTEXT(2) 
PARAMETRIC_REPRESENTATION_CONTEXT() REPRESENTATION_CONTEXT('2D SPACE',''
  ) );
#2556 = ORIENTED_EDGE('',*,*,#2557,.T.);
#2557 = EDGE_CURVE('',#2534,#2558,#2560,.T.);
#2558 = VERTEX_POINT('',#2559);
#2559 = CARTESIAN_POINT('',(220.,170.,-77.94228634059));
#2560 = SURFACE_CURVE('',#2561,(#2566,#2573),.PCURVE_S1.);
#2561 = CIRCLE('',#2562,90.);
#2562 = AXIS2_PLACEMENT_3D('',#2563,#2564,#2565);
#2563 = CARTESIAN_POINT('',(220.,125.,4.884981308351E-14));
#2564 = DIRECTION('',(1.,0.,2.22044604925E-16));
#2565 = DIRECTION('',(2.22044604925E-16,0.,-1.));
#2566 = PCURVE('',#185,#2567);
#2567 = DEFINITIONAL_REPRESENTATION('',(#2568),#2572);
#2568 = LINE('',#2569,#2570);
#2569 = CARTESIAN_POINT('',(0.,458.));
#2570 = VECTOR('',#2571,1.);
#2571 = DIRECTION('',(1.,0.));
#2572 = ( GEOMETRIC_REPRESENTATION_CONTEXT(2) 
PARAMETRIC_REPRESENTATION_CONTEXT() REPRESENTATION_CONTEXT('2D SPACE',''
  ) );
#2573 = PCURVE('',#2574,#2579);
#2574 = PLANE('',#2575);
#2575 = AXIS2_PLACEMENT_3D('',#2576,#2577,#2578);
#2576 = CARTESIAN_POINT('',(220.,-170.,-220.));
#2577 = DIRECTION('',(1.,0.,-0.));
#2578 = DIRECTION('',(0.,0.,1.));
#2579 = DEFINITIONAL_REPRESENTATION('',(#2580),#2584);
#2580 = CIRCLE('',#2581,90.);
#2581 = AXIS2_PLACEMENT_2D('',#2582,#2583);
#2582 = CARTESIAN_POINT('',(220.,-295.));
#2583 = DIRECTION('',(-1.,0.));
#2584 = ( GEOMETRIC_REPRESENTATION_CONTEXT(2) 
PARAMETRIC_REPRESENTATION_CONTEXT() REPRESENTATION_CONTEXT('2D SPACE',''
  ) );
#2585 = ORIENTED_EDGE('',*,*,#2586,.F.);
#2586 = EDGE_CURVE('',#2587,#2558,#2589,.T.);
#2587 = VERTEX_POINT('',#2588);
#2588 = CARTESIAN_POINT('',(-220.,170.,-77.9422863406));
#2589 = SURFACE_CURVE('',#2590,(#2594,#2600),.PCURVE_S1.);
#2590 = LINE('',#2591,#2592);
#2591 = CARTESIAN_POINT('',(-238.,170.,-77.9422863406));
#2592 = VECTOR('',#2593,1.);
#2593 = DIRECTION('',(1.,0.,2.22044604925E-16));
#2594 = PCURVE('',#185,#2595);
#2595 = DEFINITIONAL_REPRESENTATION('',(#2596),#2599);
#2596 = B_SPLINE_CURVE_WITH_KNOTS('',1,(#2597,#2598),.UNSPECIFIED.,.F.,
  .F.,(2,2),(-2.399999999625E-06,476.0000024),.PIECEWISE_BEZIER_KNOTS.);
#2597 = CARTESIAN_POINT('',(6.806784082778,-2.39999998851E-06));
#2598 = CARTESIAN_POINT('',(6.806784082778,476.0000024));
#2599 = ( GEOMETRIC_REPRESENTATION_CONTEXT(2) 
PARAMETRIC_REPRESENTATION_CONTEXT() REPRESENTATION_CONTEXT('2D SPACE',''
  ) );
#2600 = PCURVE('',#100,#2601);
#2601 = DEFINITIONAL_REPRESENTATION('',(#2602),#2605);
#2602 = B_SPLINE_CURVE_WITH_KNOTS('',1,(#2603,#2604),.UNSPECIFIED.,.F.,
  .F.,(2,2),(-2.399999999625E-06,476.0000024),.PIECEWISE_BEZIER_KNOTS.);
#2603 = CARTESIAN_POINT('',(142.0577136594,-18.0000024));
#2604 = CARTESIAN_POINT('',(142.0577136594,458.0000024));
#2605 = ( GEOMETRIC_REPRESENTATION_CONTEXT(2) 
PARAMETRIC_REPRESENTATION_CONTEXT() REPRESENTATION_CONTEXT('2D SPACE',''
  ) );
#2606 = ORIENTED_EDGE('',*,*,#2607,.F.);
#2607 = EDGE_CURVE('',#141,#2587,#2608,.T.);
#2608 = SURFACE_CURVE('',#2609,(#2614,#2621),.PCURVE_S1.);
#2609 = CIRCLE('',#2610,90.);
#2610 = AXIS2_PLACEMENT_3D('',#2611,#2612,#2613);
#2611 = CARTESIAN_POINT('',(-220.,125.,-4.884981308351E-14));
#2612 = DIRECTION('',(1.,0.,2.22044604925E-16));
#2613 = DIRECTION('',(2.22044604925E-16,0.,-1.));
#2614 = PCURVE('',#185,#2615);
#2615 = DEFINITIONAL_REPRESENTATION('',(#2616),#2620);
#2616 = LINE('',#2617,#2618);
#2617 = CARTESIAN_POINT('',(0.,18.));
#2618 = VECTOR('',#2619,1.);
#2619 = DIRECTION('',(1.,0.));
#2620 = ( GEOMETRIC_REPRESENTATION_CONTEXT(2) 
PARAMETRIC_REPRESENTATION_CONTEXT() REPRESENTATION_CONTEXT('2D SPACE',''
  ) );
#2621 = PCURVE('',#2622,#2627);
#2622 = PLANE('',#2623);
#2623 = AXIS2_PLACEMENT_3D('',#2624,#2625,#2626);
#2624 = CARTESIAN_POINT('',(-220.,-170.,-220.));
#2625 = DIRECTION('',(1.,0.,-0.));
#2626 = DIRECTION('',(0.,0.,1.));
#2627 = DEFINITIONAL_REPRESENTATION('',(#2628),#2632);
#2628 = CIRCLE('',#2629,90.);
#2629 = AXIS2_PLACEMENT_2D('',#2630,#2631);
#2630 = CARTESIAN_POINT('',(220.,-295.));
#2631 = DIRECTION('',(-1.,0.));
#2632 = ( GEOMETRIC_REPRESENTATION_CONTEXT(2) 
PARAMETRIC_REPRESENTATION_CONTEXT() REPRESENTATION_CONTEXT('2D SPACE',''
  ) );
#2633 = ORIENTED_EDGE('',*,*,#168,.F.);
#2634 = ADVANCED_FACE('',(#2635),#156,.T.);
#2635 = FACE_BOUND('',#2636,.T.);
#2636 = EDGE_LOOP('',(#2637,#2665,#2693,#2714));
#2637 = ORIENTED_EDGE('',*,*,#2638,.T.);
#2638 = EDGE_CURVE('',#141,#2639,#2641,.T.);
#2639 = VERTEX_POINT('',#2640);
#2640 = CARTESIAN_POINT('',(-232.,125.,-90.));
#2641 = SURFACE_CURVE('',#2642,(#2646,#2653),.PCURVE_S1.);
#2642 = LINE('',#2643,#2644);
#2643 = CARTESIAN_POINT('',(-220.,125.,-90.));
#2644 = VECTOR('',#2645,1.);
#2645 = DIRECTION('',(-1.,-0.,-0.));
#2646 = PCURVE('',#156,#2647);
#2647 = DEFINITIONAL_REPRESENTATION('',(#2648),#2652);
#2648 = LINE('',#2649,#2650);
#2649 = CARTESIAN_POINT('',(0.,0.));
#2650 = VECTOR('',#2651,1.);
#2651 = DIRECTION('',(0.,-1.));
#2652 = ( GEOMETRIC_REPRESENTATION_CONTEXT(2) 
PARAMETRIC_REPRESENTATION_CONTEXT() REPRESENTATION_CONTEXT('2D SPACE',''
  ) );
#2653 = PCURVE('',#2654,#2659);
#2654 = PLANE('',#2655);
#2655 = AXIS2_PLACEMENT_3D('',#2656,#2657,#2658);
#2656 = CARTESIAN_POINT('',(-220.,185.,-160.));
#2657 = DIRECTION('',(-0.,0.759256602365,0.650791373456));
#2658 = DIRECTION('',(0.,-0.650791373456,0.759256602365));
#2659 = DEFINITIONAL_REPRESENTATION('',(#2660),#2664);
#2660 = LINE('',#2661,#2662);
#2661 = CARTESIAN_POINT('',(92.195444572929,0.));
#2662 = VECTOR('',#2663,1.);
#2663 = DIRECTION('',(0.,-1.));
#2664 = ( GEOMETRIC_REPRESENTATION_CONTEXT(2) 
PARAMETRIC_REPRESENTATION_CONTEXT() REPRESENTATION_CONTEXT('2D SPACE',''
  ) );
#2665 = ORIENTED_EDGE('',*,*,#2666,.T.);
#2666 = EDGE_CURVE('',#2639,#2667,#2669,.T.);
#2667 = VERTEX_POINT('',#2668);
#2668 = CARTESIAN_POINT('',(-232.,65.,-160.));
#2669 = SURFACE_CURVE('',#2670,(#2674,#2681),.PCURVE_S1.);
#2670 = LINE('',#2671,#2672);
#2671 = CARTESIAN_POINT('',(-232.,125.,-90.));
#2672 = VECTOR('',#2673,1.);
#2673 = DIRECTION('',(0.,-0.650791373456,-0.759256602365));
#2674 = PCURVE('',#156,#2675);
#2675 = DEFINITIONAL_REPRESENTATION('',(#2676),#2680);
#2676 = LINE('',#2677,#2678);
#2677 = CARTESIAN_POINT('',(-0.,-12.));
#2678 = VECTOR('',#2679,1.);
#2679 = DIRECTION('',(1.,0.));
#2680 = ( GEOMETRIC_REPRESENTATION_CONTEXT(2) 
PARAMETRIC_REPRESENTATION_CONTEXT() REPRESENTATION_CONTEXT('2D SPACE',''
  ) );
#2681 = PCURVE('',#2682,#2687);
#2682 = PLANE('',#2683);
#2683 = AXIS2_PLACEMENT_3D('',#2684,#2685,#2686);
#2684 = CARTESIAN_POINT('',(-232.,125.,-138.7980476741));
#2685 = DIRECTION('',(1.,0.,0.));
#2686 = DIRECTION('',(0.,1.,0.));
#2687 = DEFINITIONAL_REPRESENTATION('',(#2688),#2692);
#2688 = LINE('',#2689,#2690);
#2689 = CARTESIAN_POINT('',(0.,48.798047674112));
#2690 = VECTOR('',#2691,1.);
#2691 = DIRECTION('',(-0.650791373456,-0.759256602365));
#2692 = ( GEOMETRIC_REPRESENTATION_CONTEXT(2) 
PARAMETRIC_REPRESENTATION_CONTEXT() REPRESENTATION_CONTEXT('2D SPACE',''
  ) );
#2693 = ORIENTED_EDGE('',*,*,#2694,.F.);
#2694 = EDGE_CURVE('',#113,#2667,#2695,.T.);
#2695 = SURFACE_CURVE('',#2696,(#2700,#2707),.PCURVE_S1.);
#2696 = LINE('',#2697,#2698);
#2697 = CARTESIAN_POINT('',(-220.,65.,-160.));
#2698 = VECTOR('',#2699,1.);
#2699 = DIRECTION('',(-1.,-0.,-0.));
#2700 = PCURVE('',#156,#2701);
#2701 = DEFINITIONAL_REPRESENTATION('',(#2702),#2706);
#2702 = LINE('',#2703,#2704);
#2703 = CARTESIAN_POINT('',(92.195444572929,0.));
#2704 = VECTOR('',#2705,1.);
#2705 = DIRECTION('',(0.,-1.));
#2706 = ( GEOMETRIC_REPRESENTATION_CONTEXT(2) 
PARAMETRIC_REPRESENTATION_CONTEXT() REPRESENTATION_CONTEXT('2D SPACE',''
  ) );
#2707 = PCURVE('',#128,#2708);
#2708 = DEFINITIONAL_REPRESENTATION('',(#2709),#2713);
#2709 = LINE('',#2710,#2711);
#2710 = CARTESIAN_POINT('',(0.,0.));
#2711 = VECTOR('',#2712,1.);
#2712 = DIRECTION('',(0.,-1.));
#2713 = ( GEOMETRIC_REPRESENTATION_CONTEXT(2) 
PARAMETRIC_REPRESENTATION_CONTEXT() REPRESENTATION_CONTEXT('2D SPACE',''
  ) );
#2714 = ORIENTED_EDGE('',*,*,#140,.F.);
#2715 = ADVANCED_FACE('',(#2716),#128,.T.);
#2716 = FACE_BOUND('',#2717,.T.);
#2717 = EDGE_LOOP('',(#2718,#2719,#2742,#2765,#2791));
#2718 = ORIENTED_EDGE('',*,*,#2694,.T.);
#2719 = ORIENTED_EDGE('',*,*,#2720,.T.);
#2720 = EDGE_CURVE('',#2667,#2721,#2723,.T.);
#2721 = VERTEX_POINT('',#2722);
#2722 = CARTESIAN_POINT('',(-232.,185.,-160.));
#2723 = SURFACE_CURVE('',#2724,(#2728,#2735),.PCURVE_S1.);
#2724 = LINE('',#2725,#2726);
#2725 = CARTESIAN_POINT('',(-232.,65.,-160.));
#2726 = VECTOR('',#2727,1.);
#2727 = DIRECTION('',(0.,1.,0.));
#2728 = PCURVE('',#128,#2729);
#2729 = DEFINITIONAL_REPRESENTATION('',(#2730),#2734);
#2730 = LINE('',#2731,#2732);
#2731 = CARTESIAN_POINT('',(0.,-12.));
#2732 = VECTOR('',#2733,1.);
#2733 = DIRECTION('',(1.,0.));
#2734 = ( GEOMETRIC_REPRESENTATION_CONTEXT(2) 
PARAMETRIC_REPRESENTATION_CONTEXT() REPRESENTATION_CONTEXT('2D SPACE',''
  ) );
#2735 = PCURVE('',#2682,#2736);
#2736 = DEFINITIONAL_REPRESENTATION('',(#2737),#2741);
#2737 = LINE('',#2738,#2739);
#2738 = CARTESIAN_POINT('',(-60.,-21.20195232588));
#2739 = VECTOR('',#2740,1.);
#2740 = DIRECTION('',(1.,0.));
#2741 = ( GEOMETRIC_REPRESENTATION_CONTEXT(2) 
PARAMETRIC_REPRESENTATION_CONTEXT() REPRESENTATION_CONTEXT('2D SPACE',''
  ) );
#2742 = ORIENTED_EDGE('',*,*,#2743,.F.);
#2743 = EDGE_CURVE('',#2744,#2721,#2746,.T.);
#2744 = VERTEX_POINT('',#2745);
#2745 = CARTESIAN_POINT('',(-220.,185.,-160.));
#2746 = SURFACE_CURVE('',#2747,(#2751,#2758),.PCURVE_S1.);
#2747 = LINE('',#2748,#2749);
#2748 = CARTESIAN_POINT('',(-220.,185.,-160.));
#2749 = VECTOR('',#2750,1.);
#2750 = DIRECTION('',(-1.,-0.,-0.));
#2751 = PCURVE('',#128,#2752);
#2752 = DEFINITIONAL_REPRESENTATION('',(#2753),#2757);
#2753 = LINE('',#2754,#2755);
#2754 = CARTESIAN_POINT('',(120.,0.));
#2755 = VECTOR('',#2756,1.);
#2756 = DIRECTION('',(0.,-1.));
#2757 = ( GEOMETRIC_REPRESENTATION_CONTEXT(2) 
PARAMETRIC_REPRESENTATION_CONTEXT() REPRESENTATION_CONTEXT('2D SPACE',''
  ) );
#2758 = PCURVE('',#2654,#2759);
#2759 = DEFINITIONAL_REPRESENTATION('',(#2760),#2764);
#2760 = LINE('',#2761,#2762);
#2761 = CARTESIAN_POINT('',(0.,0.));
#2762 = VECTOR('',#2763,1.);
#2763 = DIRECTION('',(0.,-1.));
#2764 = ( GEOMETRIC_REPRESENTATION_CONTEXT(2) 
PARAMETRIC_REPRESENTATION_CONTEXT() REPRESENTATION_CONTEXT('2D SPACE',''
  ) );
#2765 = ORIENTED_EDGE('',*,*,#2766,.F.);
#2766 = EDGE_CURVE('',#85,#2744,#2767,.T.);
#2767 = SURFACE_CURVE('',#2768,(#2772,#2779),.PCURVE_S1.);
#2768 = LINE('',#2769,#2770);
#2769 = CARTESIAN_POINT('',(-220.,65.,-160.));
#2770 = VECTOR('',#2771,1.);
#2771 = DIRECTION('',(0.,1.,0.));
#2772 = PCURVE('',#128,#2773);
#2773 = DEFINITIONAL_REPRESENTATION('',(#2774),#2778);
#2774 = LINE('',#2775,#2776);
#2775 = CARTESIAN_POINT('',(0.,0.));
#2776 = VECTOR('',#2777,1.);
#2777 = DIRECTION('',(1.,0.));
#2778 = ( GEOMETRIC_REPRESENTATION_CONTEXT(2) 
PARAMETRIC_REPRESENTATION_CONTEXT() REPRESENTATION_CONTEXT('2D SPACE',''
  ) );
#2779 = PCURVE('',#2780,#2785);
#2780 = PLANE('',#2781);
#2781 = AXIS2_PLACEMENT_3D('',#2782,#2783,#2784);
#2782 = CARTESIAN_POINT('',(-220.,125.,-138.7980476741));
#2783 = DIRECTION('',(1.,0.,0.));
#2784 = DIRECTION('',(0.,1.,0.));
#2785 = DEFINITIONAL_REPRESENTATION('',(#2786),#2790);
#2786 = LINE('',#2787,#2788);
#2787 = CARTESIAN_POINT('',(-60.,-21.20195232588));
#2788 = VECTOR('',#2789,1.);
#2789 = DIRECTION('',(1.,0.));
#2790 = ( GEOMETRIC_REPRESENTATION_CONTEXT(2) 
PARAMETRIC_REPRESENTATION_CONTEXT() REPRESENTATION_CONTEXT('2D SPACE',''
  ) );
#2791 = ORIENTED_EDGE('',*,*,#112,.F.);
#2792 = ADVANCED_FACE('',(#2793),#100,.T.);
#2793 = FACE_BOUND('',#2794,.T.);
#2794 = EDGE_LOOP('',(#2795,#2820,#2843,#2866,#2887,#2888,#2911,#2932,
    #2933,#2956));
#2795 = ORIENTED_EDGE('',*,*,#2796,.F.);
#2796 = EDGE_CURVE('',#2797,#2799,#2801,.T.);
#2797 = VERTEX_POINT('',#2798);
#2798 = CARTESIAN_POINT('',(220.,170.,-220.));
#2799 = VERTEX_POINT('',#2800);
#2800 = CARTESIAN_POINT('',(220.,170.,-160.));
#2801 = SURFACE_CURVE('',#2802,(#2806,#2813),.PCURVE_S1.);
#2802 = LINE('',#2803,#2804);
#2803 = CARTESIAN_POINT('',(220.,170.,-220.));
#2804 = VECTOR('',#2805,1.);
#2805 = DIRECTION('',(0.,0.,1.));
#2806 = PCURVE('',#100,#2807);
#2807 = DEFINITIONAL_REPRESENTATION('',(#2808),#2812);
#2808 = LINE('',#2809,#2810);
#2809 = CARTESIAN_POINT('',(0.,440.));
#2810 = VECTOR('',#2811,1.);
#2811 = DIRECTION('',(1.,0.));
#2812 = ( GEOMETRIC_REPRESENTATION_CONTEXT(2) 
PARAMETRIC_REPRESENTATION_CONTEXT() REPRESENTATION_CONTEXT('2D SPACE',''
  ) );
#2813 = PCURVE('',#327,#2814);
#2814 = DEFINITIONAL_REPRESENTATION('',(#2815),#2819);
#2815 = LINE('',#2816,#2817);
#2816 = CARTESIAN_POINT('',(0.,-340.));
#2817 = VECTOR('',#2818,1.);
#2818 = DIRECTION('',(1.,0.));
#2819 = ( GEOMETRIC_REPRESENTATION_CONTEXT(2) 
PARAMETRIC_REPRESENTATION_CONTEXT() REPRESENTATION_CONTEXT('2D SPACE',''
  ) );
#2820 = ORIENTED_EDGE('',*,*,#2821,.F.);
#2821 = EDGE_CURVE('',#2822,#2797,#2824,.T.);
#2822 = VERTEX_POINT('',#2823);
#2823 = CARTESIAN_POINT('',(150.,170.,-220.));
#2824 = SURFACE_CURVE('',#2825,(#2829,#2836),.PCURVE_S1.);
#2825 = LINE('',#2826,#2827);
#2826 = CARTESIAN_POINT('',(-220.,170.,-220.));
#2827 = VECTOR('',#2828,1.);
#2828 = DIRECTION('',(1.,0.,-0.));
#2829 = PCURVE('',#100,#2830);
#2830 = DEFINITIONAL_REPRESENTATION('',(#2831),#2835);
#2831 = LINE('',#2832,#2833);
#2832 = CARTESIAN_POINT('',(0.,0.));
#2833 = VECTOR('',#2834,1.);
#2834 = DIRECTION('',(0.,1.));
#2835 = ( GEOMETRIC_REPRESENTATION_CONTEXT(2) 
PARAMETRIC_REPRESENTATION_CONTEXT() REPRESENTATION_CONTEXT('2D SPACE',''
  ) );
#2836 = PCURVE('',#72,#2837);
#2837 = DEFINITIONAL_REPRESENTATION('',(#2838),#2842);
#2838 = LINE('',#2839,#2840);
#2839 = CARTESIAN_POINT('',(0.,340.));
#2840 = VECTOR('',#2841,1.);
#2841 = DIRECTION('',(1.,0.));
#2842 = ( GEOMETRIC_REPRESENTATION_CONTEXT(2) 
PARAMETRIC_REPRESENTATION_CONTEXT() REPRESENTATION_CONTEXT('2D SPACE',''
  ) );
#2843 = ORIENTED_EDGE('',*,*,#2844,.F.);
#2844 = EDGE_CURVE('',#2845,#2822,#2847,.T.);
#2845 = VERTEX_POINT('',#2846);
#2846 = CARTESIAN_POINT('',(-150.,170.,-220.));
#2847 = SURFACE_CURVE('',#2848,(#2852,#2859),.PCURVE_S1.);
#2848 = LINE('',#2849,#2850);
#2849 = CARTESIAN_POINT('',(-220.,170.,-220.));
#2850 = VECTOR('',#2851,1.);
#2851 = DIRECTION('',(1.,0.,-0.));
#2852 = PCURVE('',#100,#2853);
#2853 = DEFINITIONAL_REPRESENTATION('',(#2854),#2858);
#2854 = LINE('',#2855,#2856);
#2855 = CARTESIAN_POINT('',(0.,0.));
#2856 = VECTOR('',#2857,1.);
#2857 = DIRECTION('',(0.,1.));
#2858 = ( GEOMETRIC_REPRESENTATION_CONTEXT(2) 
PARAMETRIC_REPRESENTATION_CONTEXT() REPRESENTATION_CONTEXT('2D SPACE',''
  ) );
#2859 = PCURVE('',#72,#2860);
#2860 = DEFINITIONAL_REPRESENTATION('',(#2861),#2865);
#2861 = LINE('',#2862,#2863);
#2862 = CARTESIAN_POINT('',(0.,340.));
#2863 = VECTOR('',#2864,1.);
#2864 = DIRECTION('',(1.,0.));
#2865 = ( GEOMETRIC_REPRESENTATION_CONTEXT(2) 
PARAMETRIC_REPRESENTATION_CONTEXT() REPRESENTATION_CONTEXT('2D SPACE',''
  ) );
#2866 = ORIENTED_EDGE('',*,*,#2867,.F.);
#2867 = EDGE_CURVE('',#57,#2845,#2868,.T.);
#2868 = SURFACE_CURVE('',#2869,(#2873,#2880),.PCURVE_S1.);
#2869 = LINE('',#2870,#2871);
#2870 = CARTESIAN_POINT('',(-220.,170.,-220.));
#2871 = VECTOR('',#2872,1.);
#2872 = DIRECTION('',(1.,0.,-0.));
#2873 = PCURVE('',#100,#2874);
#2874 = DEFINITIONAL_REPRESENTATION('',(#2875),#2879);
#2875 = LINE('',#2876,#2877);
#2876 = CARTESIAN_POINT('',(0.,0.));
#2877 = VECTOR('',#2878,1.);
#2878 = DIRECTION('',(0.,1.));
#2879 = ( GEOMETRIC_REPRESENTATION_CONTEXT(2) 
PARAMETRIC_REPRESENTATION_CONTEXT() REPRESENTATION_CONTEXT('2D SPACE',''
  ) );
#2880 = PCURVE('',#72,#2881);
#2881 = DEFINITIONAL_REPRESENTATION('',(#2882),#2886);
#2882 = LINE('',#2883,#2884);
#2883 = CARTESIAN_POINT('',(0.,340.));
#2884 = VECTOR('',#2885,1.);
#2885 = DIRECTION('',(1.,0.));
#2886 = ( GEOMETRIC_REPRESENTATION_CONTEXT(2) 
PARAMETRIC_REPRESENTATION_CONTEXT() REPRESENTATION_CONTEXT('2D SPACE',''
  ) );
#2887 = ORIENTED_EDGE('',*,*,#84,.T.);
#2888 = ORIENTED_EDGE('',*,*,#2889,.T.);
#2889 = EDGE_CURVE('',#85,#2890,#2892,.T.);
#2890 = VERTEX_POINT('',#2891);
#2891 = CARTESIAN_POINT('',(-220.,170.,-142.5));
#2892 = SURFACE_CURVE('',#2893,(#2897,#2904),.PCURVE_S1.);
#2893 = LINE('',#2894,#2895);
#2894 = CARTESIAN_POINT('',(-220.,170.,-220.));
#2895 = VECTOR('',#2896,1.);
#2896 = DIRECTION('',(0.,0.,1.));
#2897 = PCURVE('',#100,#2898);
#2898 = DEFINITIONAL_REPRESENTATION('',(#2899),#2903);
#2899 = LINE('',#2900,#2901);
#2900 = CARTESIAN_POINT('',(0.,0.));
#2901 = VECTOR('',#2902,1.);
#2902 = DIRECTION('',(1.,0.));
#2903 = ( GEOMETRIC_REPRESENTATION_CONTEXT(2) 
PARAMETRIC_REPRESENTATION_CONTEXT() REPRESENTATION_CONTEXT('2D SPACE',''
  ) );
#2904 = PCURVE('',#2780,#2905);
#2905 = DEFINITIONAL_REPRESENTATION('',(#2906),#2910);
#2906 = LINE('',#2907,#2908);
#2907 = CARTESIAN_POINT('',(45.,-81.20195232588));
#2908 = VECTOR('',#2909,1.);
#2909 = DIRECTION('',(0.,1.));
#2910 = ( GEOMETRIC_REPRESENTATION_CONTEXT(2) 
PARAMETRIC_REPRESENTATION_CONTEXT() REPRESENTATION_CONTEXT('2D SPACE',''
  ) );
#2911 = ORIENTED_EDGE('',*,*,#2912,.T.);
#2912 = EDGE_CURVE('',#2890,#2587,#2913,.T.);
#2913 = SURFACE_CURVE('',#2914,(#2918,#2925),.PCURVE_S1.);
#2914 = LINE('',#2915,#2916);
#2915 = CARTESIAN_POINT('',(-220.,170.,-220.));
#2916 = VECTOR('',#2917,1.);
#2917 = DIRECTION('',(0.,0.,1.));
#2918 = PCURVE('',#100,#2919);
#2919 = DEFINITIONAL_REPRESENTATION('',(#2920),#2924);
#2920 = LINE('',#2921,#2922);
#2921 = CARTESIAN_POINT('',(0.,0.));
#2922 = VECTOR('',#2923,1.);
#2923 = DIRECTION('',(1.,0.));
#2924 = ( GEOMETRIC_REPRESENTATION_CONTEXT(2) 
PARAMETRIC_REPRESENTATION_CONTEXT() REPRESENTATION_CONTEXT('2D SPACE',''
  ) );
#2925 = PCURVE('',#2622,#2926);
#2926 = DEFINITIONAL_REPRESENTATION('',(#2927),#2931);
#2927 = LINE('',#2928,#2929);
#2928 = CARTESIAN_POINT('',(0.,-340.));
#2929 = VECTOR('',#2930,1.);
#2930 = DIRECTION('',(1.,0.));
#2931 = ( GEOMETRIC_REPRESENTATION_CONTEXT(2) 
PARAMETRIC_REPRESENTATION_CONTEXT() REPRESENTATION_CONTEXT('2D SPACE',''
  ) );
#2932 = ORIENTED_EDGE('',*,*,#2586,.T.);
#2933 = ORIENTED_EDGE('',*,*,#2934,.F.);
#2934 = EDGE_CURVE('',#2935,#2558,#2937,.T.);
#2935 = VERTEX_POINT('',#2936);
#2936 = CARTESIAN_POINT('',(220.,170.,-142.5));
#2937 = SURFACE_CURVE('',#2938,(#2942,#2949),.PCURVE_S1.);
#2938 = LINE('',#2939,#2940);
#2939 = CARTESIAN_POINT('',(220.,170.,-220.));
#2940 = VECTOR('',#2941,1.);
#2941 = DIRECTION('',(0.,0.,1.));
#2942 = PCURVE('',#100,#2943);
#2943 = DEFINITIONAL_REPRESENTATION('',(#2944),#2948);
#2944 = LINE('',#2945,#2946);
#2945 = CARTESIAN_POINT('',(0.,440.));
#2946 = VECTOR('',#2947,1.);
#2947 = DIRECTION('',(1.,0.));
#2948 = ( GEOMETRIC_REPRESENTATION_CONTEXT(2) 
PARAMETRIC_REPRESENTATION_CONTEXT() REPRESENTATION_CONTEXT('2D SPACE',''
  ) );
#2949 = PCURVE('',#2574,#2950);
#2950 = DEFINITIONAL_REPRESENTATION('',(#2951),#2955);
#2951 = LINE('',#2952,#2953);
#2952 = CARTESIAN_POINT('',(0.,-340.));
#2953 = VECTOR('',#2954,1.);
#2954 = DIRECTION('',(1.,0.));
#2955 = ( GEOMETRIC_REPRESENTATION_CONTEXT(2) 
PARAMETRIC_REPRESENTATION_CONTEXT() REPRESENTATION_CONTEXT('2D SPACE',''
  ) );
#2956 = ORIENTED_EDGE('',*,*,#2957,.F.);
#2957 = EDGE_CURVE('',#2799,#2935,#2958,.T.);
#2958 = SURFACE_CURVE('',#2959,(#2963,#2970),.PCURVE_S1.);
#2959 = LINE('',#2960,#2961);
#2960 = CARTESIAN_POINT('',(220.,170.,-220.));
#2961 = VECTOR('',#2962,1.);
#2962 = DIRECTION('',(0.,0.,1.));
#2963 = PCURVE('',#100,#2964);
#2964 = DEFINITIONAL_REPRESENTATION('',(#2965),#2969);
#2965 = LINE('',#2966,#2967);
#2966 = CARTESIAN_POINT('',(0.,440.));
#2967 = VECTOR('',#2968,1.);
#2968 = DIRECTION('',(1.,0.));
#2969 = ( GEOMETRIC_REPRESENTATION_CONTEXT(2) 
PARAMETRIC_REPRESENTATION_CONTEXT() REPRESENTATION_CONTEXT('2D SPACE',''
  ) );
#2970 = PCURVE('',#2971,#2976);
#2971 = PLANE('',#2972);
#2972 = AXIS2_PLACEMENT_3D('',#2973,#2974,#2975);
#2973 = CARTESIAN_POINT('',(220.,125.,-138.7980476741));
#2974 = DIRECTION('',(1.,0.,0.));
#2975 = DIRECTION('',(0.,1.,0.));
#2976 = DEFINITIONAL_REPRESENTATION('',(#2977),#2981);
#2977 = LINE('',#2978,#2979);
#2978 = CARTESIAN_POINT('',(45.,-81.20195232588));
#2979 = VECTOR('',#2980,1.);
#2980 = DIRECTION('',(0.,1.));
#2981 = ( GEOMETRIC_REPRESENTATION_CONTEXT(2) 
PARAMETRIC_REPRESENTATION_CONTEXT() REPRESENTATION_CONTEXT('2D SPACE',''
  ) );
#2982 = ADVANCED_FACE('',(#2983),#72,.F.);
#2983 = FACE_BOUND('',#2984,.F.);
#2984 = EDGE_LOOP('',(#2985,#2986,#2987,#2988,#2989,#3010,#3011,#3012));
#2985 = ORIENTED_EDGE('',*,*,#56,.F.);
#2986 = ORIENTED_EDGE('',*,*,#385,.T.);
#2987 = ORIENTED_EDGE('',*,*,#362,.T.);
#2988 = ORIENTED_EDGE('',*,*,#339,.T.);
#2989 = ORIENTED_EDGE('',*,*,#2990,.T.);
#2990 = EDGE_CURVE('',#310,#2797,#2991,.T.);
#2991 = SURFACE_CURVE('',#2992,(#2996,#3003),.PCURVE_S1.);
#2992 = LINE('',#2993,#2994);
#2993 = CARTESIAN_POINT('',(220.,-170.,-220.));
#2994 = VECTOR('',#2995,1.);
#2995 = DIRECTION('',(-0.,1.,0.));
#2996 = PCURVE('',#72,#2997);
#2997 = DEFINITIONAL_REPRESENTATION('',(#2998),#3002);
#2998 = LINE('',#2999,#3000);
#2999 = CARTESIAN_POINT('',(440.,0.));
#3000 = VECTOR('',#3001,1.);
#3001 = DIRECTION('',(0.,1.));
#3002 = ( GEOMETRIC_REPRESENTATION_CONTEXT(2) 
PARAMETRIC_REPRESENTATION_CONTEXT() REPRESENTATION_CONTEXT('2D SPACE',''
  ) );
#3003 = PCURVE('',#327,#3004);
#3004 = DEFINITIONAL_REPRESENTATION('',(#3005),#3009);
#3005 = LINE('',#3006,#3007);
#3006 = CARTESIAN_POINT('',(0.,0.));
#3007 = VECTOR('',#3008,1.);
#3008 = DIRECTION('',(0.,-1.));
#3009 = ( GEOMETRIC_REPRESENTATION_CONTEXT(2) 
PARAMETRIC_REPRESENTATION_CONTEXT() REPRESENTATION_CONTEXT('2D SPACE',''
  ) );
#3010 = ORIENTED_EDGE('',*,*,#2821,.F.);
#3011 = ORIENTED_EDGE('',*,*,#2844,.F.);
#3012 = ORIENTED_EDGE('',*,*,#2867,.F.);
#3013 = ADVANCED_FACE('',(#3014),#327,.T.);
#3014 = FACE_BOUND('',#3015,.T.);
#3015 = EDGE_LOOP('',(#3016,#3017,#3018,#3019,#3047,#3073,#3074,#3075,
    #3076,#3104));
#3016 = ORIENTED_EDGE('',*,*,#309,.F.);
#3017 = ORIENTED_EDGE('',*,*,#2990,.T.);
#3018 = ORIENTED_EDGE('',*,*,#2796,.T.);
#3019 = ORIENTED_EDGE('',*,*,#3020,.F.);
#3020 = EDGE_CURVE('',#3021,#2799,#3023,.T.);
#3021 = VERTEX_POINT('',#3022);
#3022 = CARTESIAN_POINT('',(220.,65.,-160.));
#3023 = SURFACE_CURVE('',#3024,(#3028,#3035),.PCURVE_S1.);
#3024 = LINE('',#3025,#3026);
#3025 = CARTESIAN_POINT('',(220.,65.,-160.));
#3026 = VECTOR('',#3027,1.);
#3027 = DIRECTION('',(0.,1.,0.));
#3028 = PCURVE('',#327,#3029);
#3029 = DEFINITIONAL_REPRESENTATION('',(#3030),#3034);
#3030 = LINE('',#3031,#3032);
#3031 = CARTESIAN_POINT('',(60.,-235.));
#3032 = VECTOR('',#3033,1.);
#3033 = DIRECTION('',(0.,-1.));
#3034 = ( GEOMETRIC_REPRESENTATION_CONTEXT(2) 
PARAMETRIC_REPRESENTATION_CONTEXT() REPRESENTATION_CONTEXT('2D SPACE',''
  ) );
#3035 = PCURVE('',#3036,#3041);
#3036 = PLANE('',#3037);
#3037 = AXIS2_PLACEMENT_3D('',#3038,#3039,#3040);
#3038 = CARTESIAN_POINT('',(220.,65.,-160.));
#3039 = DIRECTION('',(0.,0.,1.));
#3040 = DIRECTION('',(0.,1.,0.));
#3041 = DEFINITIONAL_REPRESENTATION('',(#3042),#3046);
#3042 = LINE('',#3043,#3044);
#3043 = CARTESIAN_POINT('',(0.,0.));
#3044 = VECTOR('',#3045,1.);
#3045 = DIRECTION('',(1.,0.));
#3046 = ( GEOMETRIC_REPRESENTATION_CONTEXT(2) 
PARAMETRIC_REPRESENTATION_CONTEXT() REPRESENTATION_CONTEXT('2D SPACE',''
  ) );
#3047 = ORIENTED_EDGE('',*,*,#3048,.F.);
#3048 = EDGE_CURVE('',#2534,#3021,#3049,.T.);
#3049 = SURFACE_CURVE('',#3050,(#3054,#3061),.PCURVE_S1.);
#3050 = LINE('',#3051,#3052);
#3051 = CARTESIAN_POINT('',(220.,125.,-90.));
#3052 = VECTOR('',#3053,1.);
#3053 = DIRECTION('',(0.,-0.650791373456,-0.759256602365));
#3054 = PCURVE('',#327,#3055);
#3055 = DEFINITIONAL_REPRESENTATION('',(#3056),#3060);
#3056 = LINE('',#3057,#3058);
#3057 = CARTESIAN_POINT('',(130.,-295.));
#3058 = VECTOR('',#3059,1.);
#3059 = DIRECTION('',(-0.759256602365,0.650791373456));
#3060 = ( GEOMETRIC_REPRESENTATION_CONTEXT(2) 
PARAMETRIC_REPRESENTATION_CONTEXT() REPRESENTATION_CONTEXT('2D SPACE',''
  ) );
#3061 = PCURVE('',#3062,#3067);
#3062 = PLANE('',#3063);
#3063 = AXIS2_PLACEMENT_3D('',#3064,#3065,#3066);
#3064 = CARTESIAN_POINT('',(220.,125.,-90.));
#3065 = DIRECTION('',(0.,0.759256602365,-0.650791373456));
#3066 = DIRECTION('',(0.,-0.650791373456,-0.759256602365));
#3067 = DEFINITIONAL_REPRESENTATION('',(#3068),#3072);
#3068 = LINE('',#3069,#3070);
#3069 = CARTESIAN_POINT('',(0.,0.));
#3070 = VECTOR('',#3071,1.);
#3071 = DIRECTION('',(1.,0.));
#3072 = ( GEOMETRIC_REPRESENTATION_CONTEXT(2) 
PARAMETRIC_REPRESENTATION_CONTEXT() REPRESENTATION_CONTEXT('2D SPACE',''
  ) );
#3073 = ORIENTED_EDGE('',*,*,#2533,.F.);
#3074 = ORIENTED_EDGE('',*,*,#2098,.T.);
#3075 = ORIENTED_EDGE('',*,*,#848,.F.);
#3076 = ORIENTED_EDGE('',*,*,#3077,.F.);
#3077 = EDGE_CURVE('',#3078,#825,#3080,.T.);
#3078 = VERTEX_POINT('',#3079);
#3079 = CARTESIAN_POINT('',(220.,-65.,-160.));
#3080 = SURFACE_CURVE('',#3081,(#3085,#3092),.PCURVE_S1.);
#3081 = LINE('',#3082,#3083);
#3082 = CARTESIAN_POINT('',(220.,-65.,-160.));
#3083 = VECTOR('',#3084,1.);
#3084 = DIRECTION('',(0.,-0.576683197599,0.816967863265));
#3085 = PCURVE('',#327,#3086);
#3086 = DEFINITIONAL_REPRESENTATION('',(#3087),#3091);
#3087 = LINE('',#3088,#3089);
#3088 = CARTESIAN_POINT('',(60.,-105.));
#3089 = VECTOR('',#3090,1.);
#3090 = DIRECTION('',(0.816967863265,0.576683197599));
#3091 = ( GEOMETRIC_REPRESENTATION_CONTEXT(2) 
PARAMETRIC_REPRESENTATION_CONTEXT() REPRESENTATION_CONTEXT('2D SPACE',''
  ) );
#3092 = PCURVE('',#3093,#3098);
#3093 = PLANE('',#3094);
#3094 = AXIS2_PLACEMENT_3D('',#3095,#3096,#3097);
#3095 = CARTESIAN_POINT('',(220.,-65.,-160.));
#3096 = DIRECTION('',(0.,-0.816967863265,-0.576683197599));
#3097 = DIRECTION('',(0.,-0.576683197599,0.816967863265));
#3098 = DEFINITIONAL_REPRESENTATION('',(#3099),#3103);
#3099 = LINE('',#3100,#3101);
#3100 = CARTESIAN_POINT('',(0.,0.));
#3101 = VECTOR('',#3102,1.);
#3102 = DIRECTION('',(1.,0.));
#3103 = ( GEOMETRIC_REPRESENTATION_CONTEXT(2) 
PARAMETRIC_REPRESENTATION_CONTEXT() REPRESENTATION_CONTEXT('2D SPACE',''
  ) );
#3104 = ORIENTED_EDGE('',*,*,#3105,.F.);
#3105 = EDGE_CURVE('',#312,#3078,#3106,.T.);
#3106 = SURFACE_CURVE('',#3107,(#3111,#3118),.PCURVE_S1.);
#3107 = LINE('',#3108,#3109);
#3108 = CARTESIAN_POINT('',(220.,-185.,-160.));
#3109 = VECTOR('',#3110,1.);
#3110 = DIRECTION('',(0.,1.,0.));
#3111 = PCURVE('',#327,#3112);
#3112 = DEFINITIONAL_REPRESENTATION('',(#3113),#3117);
#3113 = LINE('',#3114,#3115);
#3114 = CARTESIAN_POINT('',(60.,15.));
#3115 = VECTOR('',#3116,1.);
#3116 = DIRECTION('',(0.,-1.));
#3117 = ( GEOMETRIC_REPRESENTATION_CONTEXT(2) 
PARAMETRIC_REPRESENTATION_CONTEXT() REPRESENTATION_CONTEXT('2D SPACE',''
  ) );
#3118 = PCURVE('',#3119,#3124);
#3119 = PLANE('',#3120);
#3120 = AXIS2_PLACEMENT_3D('',#3121,#3122,#3123);
#3121 = CARTESIAN_POINT('',(220.,-185.,-160.));
#3122 = DIRECTION('',(0.,0.,1.));
#3123 = DIRECTION('',(0.,1.,0.));
#3124 = DEFINITIONAL_REPRESENTATION('',(#3125),#3129);
#3125 = LINE('',#3126,#3127);
#3126 = CARTESIAN_POINT('',(0.,0.));
#3127 = VECTOR('',#3128,1.);
#3128 = DIRECTION('',(1.,0.));
#3129 = ( GEOMETRIC_REPRESENTATION_CONTEXT(2) 
PARAMETRIC_REPRESENTATION_CONTEXT() REPRESENTATION_CONTEXT('2D SPACE',''
  ) );
#3130 = ADVANCED_FACE('',(#3131),#526,.F.);
#3131 = FACE_BOUND('',#3132,.F.);
#3132 = EDGE_LOOP('',(#3133,#3134,#3162));
#3133 = ORIENTED_EDGE('',*,*,#512,.T.);
#3134 = ORIENTED_EDGE('',*,*,#3135,.T.);
#3135 = EDGE_CURVE('',#485,#3136,#3138,.T.);
#3136 = VERTEX_POINT('',#3137);
#3137 = CARTESIAN_POINT('',(220.,-185.,-160.));
#3138 = SURFACE_CURVE('',#3139,(#3143,#3150),.PCURVE_S1.);
#3139 = LINE('',#3140,#3141);
#3140 = CARTESIAN_POINT('',(220.,-125.,-75.));
#3141 = VECTOR('',#3142,1.);
#3142 = DIRECTION('',(0.,-0.576683197599,-0.816967863265));
#3143 = PCURVE('',#526,#3144);
#3144 = DEFINITIONAL_REPRESENTATION('',(#3145),#3149);
#3145 = LINE('',#3146,#3147);
#3146 = CARTESIAN_POINT('',(-1.42108547152E-14,58.044680082385));
#3147 = VECTOR('',#3148,1.);
#3148 = DIRECTION('',(-0.576683197599,-0.816967863265));
#3149 = ( GEOMETRIC_REPRESENTATION_CONTEXT(2) 
PARAMETRIC_REPRESENTATION_CONTEXT() REPRESENTATION_CONTEXT('2D SPACE',''
  ) );
#3150 = PCURVE('',#3151,#3156);
#3151 = PLANE('',#3152);
#3152 = AXIS2_PLACEMENT_3D('',#3153,#3154,#3155);
#3153 = CARTESIAN_POINT('',(220.,-125.,-75.));
#3154 = DIRECTION('',(0.,0.816967863265,-0.576683197599));
#3155 = DIRECTION('',(0.,-0.576683197599,-0.816967863265));
#3156 = DEFINITIONAL_REPRESENTATION('',(#3157),#3161);
#3157 = LINE('',#3158,#3159);
#3158 = CARTESIAN_POINT('',(0.,0.));
#3159 = VECTOR('',#3160,1.);
#3160 = DIRECTION('',(1.,0.));
#3161 = ( GEOMETRIC_REPRESENTATION_CONTEXT(2) 
PARAMETRIC_REPRESENTATION_CONTEXT() REPRESENTATION_CONTEXT('2D SPACE',''
  ) );
#3162 = ORIENTED_EDGE('',*,*,#3163,.T.);
#3163 = EDGE_CURVE('',#3136,#312,#3164,.T.);
#3164 = SURFACE_CURVE('',#3165,(#3169,#3176),.PCURVE_S1.);
#3165 = LINE('',#3166,#3167);
#3166 = CARTESIAN_POINT('',(220.,-185.,-160.));
#3167 = VECTOR('',#3168,1.);
#3168 = DIRECTION('',(0.,1.,0.));
#3169 = PCURVE('',#526,#3170);
#3170 = DEFINITIONAL_REPRESENTATION('',(#3171),#3175);
#3171 = LINE('',#3172,#3173);
#3172 = CARTESIAN_POINT('',(-60.,-26.95531991761));
#3173 = VECTOR('',#3174,1.);
#3174 = DIRECTION('',(1.,0.));
#3175 = ( GEOMETRIC_REPRESENTATION_CONTEXT(2) 
PARAMETRIC_REPRESENTATION_CONTEXT() REPRESENTATION_CONTEXT('2D SPACE',''
  ) );
#3176 = PCURVE('',#3119,#3177);
#3177 = DEFINITIONAL_REPRESENTATION('',(#3178),#3182);
#3178 = LINE('',#3179,#3180);
#3179 = CARTESIAN_POINT('',(0.,0.));
#3180 = VECTOR('',#3181,1.);
#3181 = DIRECTION('',(1.,0.));
#3182 = ( GEOMETRIC_REPRESENTATION_CONTEXT(2) 
PARAMETRIC_REPRESENTATION_CONTEXT() REPRESENTATION_CONTEXT('2D SPACE',''
  ) );
#3183 = ADVANCED_FACE('',(#3184),#500,.T.);
#3184 = FACE_BOUND('',#3185,.T.);
#3185 = EDGE_LOOP('',(#3186,#3187,#3208));
#3186 = ORIENTED_EDGE('',*,*,#484,.F.);
#3187 = ORIENTED_EDGE('',*,*,#3188,.F.);
#3188 = EDGE_CURVE('',#825,#485,#3189,.T.);
#3189 = SURFACE_CURVE('',#3190,(#3194,#3201),.PCURVE_S1.);
#3190 = LINE('',#3191,#3192);
#3191 = CARTESIAN_POINT('',(220.,-125.,-75.));
#3192 = VECTOR('',#3193,1.);
#3193 = DIRECTION('',(0.,-0.576683197599,-0.816967863265));
#3194 = PCURVE('',#500,#3195);
#3195 = DEFINITIONAL_REPRESENTATION('',(#3196),#3200);
#3196 = LINE('',#3197,#3198);
#3197 = CARTESIAN_POINT('',(145.,-45.));
#3198 = VECTOR('',#3199,1.);
#3199 = DIRECTION('',(-0.816967863265,0.576683197599));
#3200 = ( GEOMETRIC_REPRESENTATION_CONTEXT(2) 
PARAMETRIC_REPRESENTATION_CONTEXT() REPRESENTATION_CONTEXT('2D SPACE',''
  ) );
#3201 = PCURVE('',#3151,#3202);
#3202 = DEFINITIONAL_REPRESENTATION('',(#3203),#3207);
#3203 = LINE('',#3204,#3205);
#3204 = CARTESIAN_POINT('',(0.,0.));
#3205 = VECTOR('',#3206,1.);
#3206 = DIRECTION('',(1.,0.));
#3207 = ( GEOMETRIC_REPRESENTATION_CONTEXT(2) 
PARAMETRIC_REPRESENTATION_CONTEXT() REPRESENTATION_CONTEXT('2D SPACE',''
  ) );
#3208 = ORIENTED_EDGE('',*,*,#824,.F.);
#3209 = ADVANCED_FACE('',(#3210),#451,.F.);
#3210 = FACE_BOUND('',#3211,.F.);
#3211 = EDGE_LOOP('',(#3212,#3213,#3234));
#3212 = ORIENTED_EDGE('',*,*,#435,.F.);
#3213 = ORIENTED_EDGE('',*,*,#3214,.F.);
#3214 = EDGE_CURVE('',#224,#408,#3215,.T.);
#3215 = SURFACE_CURVE('',#3216,(#3220,#3227),.PCURVE_S1.);
#3216 = LINE('',#3217,#3218);
#3217 = CARTESIAN_POINT('',(-220.,-125.,-75.));
#3218 = VECTOR('',#3219,1.);
#3219 = DIRECTION('',(0.,-0.576683197599,-0.816967863265));
#3220 = PCURVE('',#451,#3221);
#3221 = DEFINITIONAL_REPRESENTATION('',(#3222),#3226);
#3222 = LINE('',#3223,#3224);
#3223 = CARTESIAN_POINT('',(145.,-45.));
#3224 = VECTOR('',#3225,1.);
#3225 = DIRECTION('',(-0.816967863265,0.576683197599));
#3226 = ( GEOMETRIC_REPRESENTATION_CONTEXT(2) 
PARAMETRIC_REPRESENTATION_CONTEXT() REPRESENTATION_CONTEXT('2D SPACE',''
  ) );
#3227 = PCURVE('',#594,#3228);
#3228 = DEFINITIONAL_REPRESENTATION('',(#3229),#3233);
#3229 = LINE('',#3230,#3231);
#3230 = CARTESIAN_POINT('',(0.,0.));
#3231 = VECTOR('',#3232,1.);
#3232 = DIRECTION('',(1.,0.));
#3233 = ( GEOMETRIC_REPRESENTATION_CONTEXT(2) 
PARAMETRIC_REPRESENTATION_CONTEXT() REPRESENTATION_CONTEXT('2D SPACE',''
  ) );
#3234 = ORIENTED_EDGE('',*,*,#801,.F.);
#3235 = ADVANCED_FACE('',(#3236),#423,.T.);
#3236 = FACE_BOUND('',#3237,.T.);
#3237 = EDGE_LOOP('',(#3238,#3239,#3260));
#3238 = ORIENTED_EDGE('',*,*,#407,.T.);
#3239 = ORIENTED_EDGE('',*,*,#3240,.T.);
#3240 = EDGE_CURVE('',#408,#577,#3241,.T.);
#3241 = SURFACE_CURVE('',#3242,(#3246,#3253),.PCURVE_S1.);
#3242 = LINE('',#3243,#3244);
#3243 = CARTESIAN_POINT('',(-220.,-125.,-75.));
#3244 = VECTOR('',#3245,1.);
#3245 = DIRECTION('',(0.,-0.576683197599,-0.816967863265));
#3246 = PCURVE('',#423,#3247);
#3247 = DEFINITIONAL_REPRESENTATION('',(#3248),#3252);
#3248 = LINE('',#3249,#3250);
#3249 = CARTESIAN_POINT('',(-1.42108547152E-14,58.044680082385));
#3250 = VECTOR('',#3251,1.);
#3251 = DIRECTION('',(-0.576683197599,-0.816967863265));
#3252 = ( GEOMETRIC_REPRESENTATION_CONTEXT(2) 
PARAMETRIC_REPRESENTATION_CONTEXT() REPRESENTATION_CONTEXT('2D SPACE',''
  ) );
#3253 = PCURVE('',#594,#3254);
#3254 = DEFINITIONAL_REPRESENTATION('',(#3255),#3259);
#3255 = LINE('',#3256,#3257);
#3256 = CARTESIAN_POINT('',(0.,0.));
#3257 = VECTOR('',#3258,1.);
#3258 = DIRECTION('',(1.,0.));
#3259 = ( GEOMETRIC_REPRESENTATION_CONTEXT(2) 
PARAMETRIC_REPRESENTATION_CONTEXT() REPRESENTATION_CONTEXT('2D SPACE',''
  ) );
#3260 = ORIENTED_EDGE('',*,*,#656,.T.);
#3261 = ADVANCED_FACE('',(#3262),#561,.F.);
#3262 = FACE_BOUND('',#3263,.F.);
#3263 = EDGE_LOOP('',(#3264,#3265,#3288,#3315));
#3264 = ORIENTED_EDGE('',*,*,#540,.F.);
#3265 = ORIENTED_EDGE('',*,*,#3266,.F.);
#3266 = EDGE_CURVE('',#3267,#541,#3269,.T.);
#3267 = VERTEX_POINT('',#3268);
#3268 = CARTESIAN_POINT('',(8.,-160.,-190.));
#3269 = SEAM_CURVE('',#3270,(#3274,#3281),.PCURVE_S1.);
#3270 = LINE('',#3271,#3272);
#3271 = CARTESIAN_POINT('',(8.,-160.,-190.));
#3272 = VECTOR('',#3273,1.);
#3273 = DIRECTION('',(0.,-1.,2.22044604925E-16));
#3274 = PCURVE('',#561,#3275);
#3275 = DEFINITIONAL_REPRESENTATION('',(#3276),#3280);
#3276 = LINE('',#3277,#3278);
#3277 = CARTESIAN_POINT('',(6.28318530718,-0.));
#3278 = VECTOR('',#3279,1.);
#3279 = DIRECTION('',(0.,1.));
#3280 = ( GEOMETRIC_REPRESENTATION_CONTEXT(2) 
PARAMETRIC_REPRESENTATION_CONTEXT() REPRESENTATION_CONTEXT('2D SPACE',''
  ) );
#3281 = PCURVE('',#561,#3282);
#3282 = DEFINITIONAL_REPRESENTATION('',(#3283),#3287);
#3283 = LINE('',#3284,#3285);
#3284 = CARTESIAN_POINT('',(0.,-0.));
#3285 = VECTOR('',#3286,1.);
#3286 = DIRECTION('',(0.,1.));
#3287 = ( GEOMETRIC_REPRESENTATION_CONTEXT(2) 
PARAMETRIC_REPRESENTATION_CONTEXT() REPRESENTATION_CONTEXT('2D SPACE',''
  ) );
#3288 = ORIENTED_EDGE('',*,*,#3289,.T.);
#3289 = EDGE_CURVE('',#3267,#3267,#3290,.T.);
#3290 = SURFACE_CURVE('',#3291,(#3296,#3303),.PCURVE_S1.);
#3291 = CIRCLE('',#3292,8.);
#3292 = AXIS2_PLACEMENT_3D('',#3293,#3294,#3295);
#3293 = CARTESIAN_POINT('',(0.,-160.,-190.));
#3294 = DIRECTION('',(0.,-1.,2.22044604925E-16));
#3295 = DIRECTION('',(1.,0.,0.));
#3296 = PCURVE('',#561,#3297);
#3297 = DEFINITIONAL_REPRESENTATION('',(#3298),#3302);
#3298 = LINE('',#3299,#3300);
#3299 = CARTESIAN_POINT('',(0.,0.));
#3300 = VECTOR('',#3301,1.);
#3301 = DIRECTION('',(1.,0.));
#3302 = ( GEOMETRIC_REPRESENTATION_CONTEXT(2) 
PARAMETRIC_REPRESENTATION_CONTEXT() REPRESENTATION_CONTEXT('2D SPACE',''
  ) );
#3303 = PCURVE('',#3304,#3309);
#3304 = PLANE('',#3305);
#3305 = AXIS2_PLACEMENT_3D('',#3306,#3307,#3308);
#3306 = CARTESIAN_POINT('',(0.,-160.,-190.));
#3307 = DIRECTION('',(0.,-1.,2.22044604925E-16));
#3308 = DIRECTION('',(1.,0.,0.));
#3309 = DEFINITIONAL_REPRESENTATION('',(#3310),#3314);
#3310 = CIRCLE('',#3311,8.);
#3311 = AXIS2_PLACEMENT_2D('',#3312,#3313);
#3312 = CARTESIAN_POINT('',(0.,0.));
#3313 = DIRECTION('',(1.,0.));
#3314 = ( GEOMETRIC_REPRESENTATION_CONTEXT(2) 
PARAMETRIC_REPRESENTATION_CONTEXT() REPRESENTATION_CONTEXT('2D SPACE',''
  ) );
#3315 = ORIENTED_EDGE('',*,*,#3266,.T.);
#3316 = ADVANCED_FACE('',(#3317),#594,.T.);
#3317 = FACE_BOUND('',#3318,.T.);
#3318 = EDGE_LOOP('',(#3319,#3320,#3341,#3342,#3343));
#3319 = ORIENTED_EDGE('',*,*,#704,.T.);
#3320 = ORIENTED_EDGE('',*,*,#3321,.T.);
#3321 = EDGE_CURVE('',#682,#579,#3322,.T.);
#3322 = SURFACE_CURVE('',#3323,(#3327,#3334),.PCURVE_S1.);
#3323 = LINE('',#3324,#3325);
#3324 = CARTESIAN_POINT('',(-232.,-125.,-75.));
#3325 = VECTOR('',#3326,1.);
#3326 = DIRECTION('',(0.,-0.576683197599,-0.816967863265));
#3327 = PCURVE('',#594,#3328);
#3328 = DEFINITIONAL_REPRESENTATION('',(#3329),#3333);
#3329 = LINE('',#3330,#3331);
#3330 = CARTESIAN_POINT('',(-0.,-12.));
#3331 = VECTOR('',#3332,1.);
#3332 = DIRECTION('',(1.,0.));
#3333 = ( GEOMETRIC_REPRESENTATION_CONTEXT(2) 
PARAMETRIC_REPRESENTATION_CONTEXT() REPRESENTATION_CONTEXT('2D SPACE',''
  ) );
#3334 = PCURVE('',#622,#3335);
#3335 = DEFINITIONAL_REPRESENTATION('',(#3336),#3340);
#3336 = LINE('',#3337,#3338);
#3337 = CARTESIAN_POINT('',(-1.42108547152E-14,58.044680082385));
#3338 = VECTOR('',#3339,1.);
#3339 = DIRECTION('',(-0.576683197599,-0.816967863265));
#3340 = ( GEOMETRIC_REPRESENTATION_CONTEXT(2) 
PARAMETRIC_REPRESENTATION_CONTEXT() REPRESENTATION_CONTEXT('2D SPACE',''
  ) );
#3341 = ORIENTED_EDGE('',*,*,#576,.F.);
#3342 = ORIENTED_EDGE('',*,*,#3240,.F.);
#3343 = ORIENTED_EDGE('',*,*,#3214,.F.);
#3344 = ADVANCED_FACE('',(#3345),#622,.F.);
#3345 = FACE_BOUND('',#3346,.F.);
#3346 = EDGE_LOOP('',(#3347,#3348,#3349));
#3347 = ORIENTED_EDGE('',*,*,#3321,.T.);
#3348 = ORIENTED_EDGE('',*,*,#606,.T.);
#3349 = ORIENTED_EDGE('',*,*,#681,.T.);
#3350 = ADVANCED_FACE('',(#3351),#1549,.F.);
#3351 = FACE_BOUND('',#3352,.F.);
#3352 = EDGE_LOOP('',(#3353,#3382,#3405,#3427,#3428,#3429,#3430,#3452));
#3353 = ORIENTED_EDGE('',*,*,#3354,.F.);
#3354 = EDGE_CURVE('',#3355,#3355,#3357,.T.);
#3355 = VERTEX_POINT('',#3356);
#3356 = CARTESIAN_POINT('',(-183.5,-191.,0.));
#3357 = SURFACE_CURVE('',#3358,(#3363,#3370),.PCURVE_S1.);
#3358 = CIRCLE('',#3359,6.5);
#3359 = AXIS2_PLACEMENT_3D('',#3360,#3361,#3362);
#3360 = CARTESIAN_POINT('',(-190.,-191.,0.));
#3361 = DIRECTION('',(0.,0.,1.));
#3362 = DIRECTION('',(1.,0.,-0.));
#3363 = PCURVE('',#1549,#3364);
#3364 = DEFINITIONAL_REPRESENTATION('',(#3365),#3369);
#3365 = LINE('',#3366,#3367);
#3366 = CARTESIAN_POINT('',(0.,28.));
#3367 = VECTOR('',#3368,1.);
#3368 = DIRECTION('',(1.,0.));
#3369 = ( GEOMETRIC_REPRESENTATION_CONTEXT(2) 
PARAMETRIC_REPRESENTATION_CONTEXT() REPRESENTATION_CONTEXT('2D SPACE',''
  ) );
#3370 = PCURVE('',#3371,#3376);
#3371 = PLANE('',#3372);
#3372 = AXIS2_PLACEMENT_3D('',#3373,#3374,#3375);
#3373 = CARTESIAN_POINT('',(-262.,-212.,0.));
#3374 = DIRECTION('',(0.,0.,1.));
#3375 = DIRECTION('',(1.,0.,-0.));
#3376 = DEFINITIONAL_REPRESENTATION('',(#3377),#3381);
#3377 = CIRCLE('',#3378,6.5);
#3378 = AXIS2_PLACEMENT_2D('',#3379,#3380);
#3379 = CARTESIAN_POINT('',(72.,21.));
#3380 = DIRECTION('',(1.,0.));
#3381 = ( GEOMETRIC_REPRESENTATION_CONTEXT(2) 
PARAMETRIC_REPRESENTATION_CONTEXT() REPRESENTATION_CONTEXT('2D SPACE',''
  ) );
#3382 = ORIENTED_EDGE('',*,*,#3383,.F.);
#3383 = EDGE_CURVE('',#3384,#3355,#3386,.T.);
#3384 = VERTEX_POINT('',#3385);
#3385 = CARTESIAN_POINT('',(-183.5,-191.,-28.));
#3386 = SEAM_CURVE('',#3387,(#3391,#3398),.PCURVE_S1.);
#3387 = LINE('',#3388,#3389);
#3388 = CARTESIAN_POINT('',(-183.5,-191.,-28.));
#3389 = VECTOR('',#3390,1.);
#3390 = DIRECTION('',(0.,0.,1.));
#3391 = PCURVE('',#1549,#3392);
#3392 = DEFINITIONAL_REPRESENTATION('',(#3393),#3397);
#3393 = LINE('',#3394,#3395);
#3394 = CARTESIAN_POINT('',(6.28318530718,-0.));
#3395 = VECTOR('',#3396,1.);
#3396 = DIRECTION('',(0.,1.));
#3397 = ( GEOMETRIC_REPRESENTATION_CONTEXT(2) 
PARAMETRIC_REPRESENTATION_CONTEXT() REPRESENTATION_CONTEXT('2D SPACE',''
  ) );
#3398 = PCURVE('',#1549,#3399);
#3399 = DEFINITIONAL_REPRESENTATION('',(#3400),#3404);
#3400 = LINE('',#3401,#3402);
#3401 = CARTESIAN_POINT('',(0.,-0.));
#3402 = VECTOR('',#3403,1.);
#3403 = DIRECTION('',(0.,1.));
#3404 = ( GEOMETRIC_REPRESENTATION_CONTEXT(2) 
PARAMETRIC_REPRESENTATION_CONTEXT() REPRESENTATION_CONTEXT('2D SPACE',''
  ) );
#3405 = ORIENTED_EDGE('',*,*,#3406,.T.);
#3406 = EDGE_CURVE('',#3384,#1565,#3407,.T.);
#3407 = SURFACE_CURVE('',#3408,(#3413,#3420),.PCURVE_S1.);
#3408 = CIRCLE('',#3409,6.5);
#3409 = AXIS2_PLACEMENT_3D('',#3410,#3411,#3412);
#3410 = CARTESIAN_POINT('',(-190.,-191.,-28.));
#3411 = DIRECTION('',(0.,0.,1.));
#3412 = DIRECTION('',(1.,0.,-0.));
#3413 = PCURVE('',#1549,#3414);
#3414 = DEFINITIONAL_REPRESENTATION('',(#3415),#3419);
#3415 = LINE('',#3416,#3417);
#3416 = CARTESIAN_POINT('',(0.,0.));
#3417 = VECTOR('',#3418,1.);
#3418 = DIRECTION('',(1.,0.));
#3419 = ( GEOMETRIC_REPRESENTATION_CONTEXT(2) 
PARAMETRIC_REPRESENTATION_CONTEXT() REPRESENTATION_CONTEXT('2D SPACE',''
  ) );
#3420 = PCURVE('',#1579,#3421);
#3421 = DEFINITIONAL_REPRESENTATION('',(#3422),#3426);
#3422 = CIRCLE('',#3423,6.5);
#3423 = AXIS2_PLACEMENT_2D('',#3424,#3425);
#3424 = CARTESIAN_POINT('',(0.,0.));
#3425 = DIRECTION('',(1.,0.));
#3426 = ( GEOMETRIC_REPRESENTATION_CONTEXT(2) 
PARAMETRIC_REPRESENTATION_CONTEXT() REPRESENTATION_CONTEXT('2D SPACE',''
  ) );
#3427 = ORIENTED_EDGE('',*,*,#1590,.T.);
#3428 = ORIENTED_EDGE('',*,*,#2347,.T.);
#3429 = ORIENTED_EDGE('',*,*,#1527,.T.);
#3430 = ORIENTED_EDGE('',*,*,#3431,.T.);
#3431 = EDGE_CURVE('',#1528,#3384,#3432,.T.);
#3432 = SURFACE_CURVE('',#3433,(#3438,#3445),.PCURVE_S1.);
#3433 = CIRCLE('',#3434,6.5);
#3434 = AXIS2_PLACEMENT_3D('',#3435,#3436,#3437);
#3435 = CARTESIAN_POINT('',(-190.,-191.,-28.));
#3436 = DIRECTION('',(0.,0.,1.));
#3437 = DIRECTION('',(1.,0.,-0.));
#3438 = PCURVE('',#1549,#3439);
#3439 = DEFINITIONAL_REPRESENTATION('',(#3440),#3444);
#3440 = LINE('',#3441,#3442);
#3441 = CARTESIAN_POINT('',(0.,0.));
#3442 = VECTOR('',#3443,1.);
#3443 = DIRECTION('',(1.,0.));
#3444 = ( GEOMETRIC_REPRESENTATION_CONTEXT(2) 
PARAMETRIC_REPRESENTATION_CONTEXT() REPRESENTATION_CONTEXT('2D SPACE',''
  ) );
#3445 = PCURVE('',#1579,#3446);
#3446 = DEFINITIONAL_REPRESENTATION('',(#3447),#3451);
#3447 = CIRCLE('',#3448,6.5);
#3448 = AXIS2_PLACEMENT_2D('',#3449,#3450);
#3449 = CARTESIAN_POINT('',(0.,0.));
#3450 = DIRECTION('',(1.,0.));
#3451 = ( GEOMETRIC_REPRESENTATION_CONTEXT(2) 
PARAMETRIC_REPRESENTATION_CONTEXT() REPRESENTATION_CONTEXT('2D SPACE',''
  ) );
#3452 = ORIENTED_EDGE('',*,*,#3383,.T.);
#3453 = ADVANCED_FACE('',(#3454),#1579,.T.);
#3454 = FACE_BOUND('',#3455,.T.);
#3455 = EDGE_LOOP('',(#3456,#3457,#3458));
#3456 = ORIENTED_EDGE('',*,*,#3431,.T.);
#3457 = ORIENTED_EDGE('',*,*,#3406,.T.);
#3458 = ORIENTED_EDGE('',*,*,#1564,.T.);
#3459 = ADVANCED_FACE('',(#3460),#1433,.F.);
#3460 = FACE_BOUND('',#3461,.F.);
#3461 = EDGE_LOOP('',(#3462,#3486,#3509,#3531,#3532,#3533,#3534,#3556));
#3462 = ORIENTED_EDGE('',*,*,#3463,.F.);
#3463 = EDGE_CURVE('',#3464,#3464,#3466,.T.);
#3464 = VERTEX_POINT('',#3465);
#3465 = CARTESIAN_POINT('',(-88.5,-191.,0.));
#3466 = SURFACE_CURVE('',#3467,(#3472,#3479),.PCURVE_S1.);
#3467 = CIRCLE('',#3468,6.5);
#3468 = AXIS2_PLACEMENT_3D('',#3469,#3470,#3471);
#3469 = CARTESIAN_POINT('',(-95.,-191.,0.));
#3470 = DIRECTION('',(0.,0.,1.));
#3471 = DIRECTION('',(1.,0.,-0.));
#3472 = PCURVE('',#1433,#3473);
#3473 = DEFINITIONAL_REPRESENTATION('',(#3474),#3478);
#3474 = LINE('',#3475,#3476);
#3475 = CARTESIAN_POINT('',(0.,28.));
#3476 = VECTOR('',#3477,1.);
#3477 = DIRECTION('',(1.,0.));
#3478 = ( GEOMETRIC_REPRESENTATION_CONTEXT(2) 
PARAMETRIC_REPRESENTATION_CONTEXT() REPRESENTATION_CONTEXT('2D SPACE',''
  ) );
#3479 = PCURVE('',#3371,#3480);
#3480 = DEFINITIONAL_REPRESENTATION('',(#3481),#3485);
#3481 = CIRCLE('',#3482,6.5);
#3482 = AXIS2_PLACEMENT_2D('',#3483,#3484);
#3483 = CARTESIAN_POINT('',(167.,21.));
#3484 = DIRECTION('',(1.,0.));
#3485 = ( GEOMETRIC_REPRESENTATION_CONTEXT(2) 
PARAMETRIC_REPRESENTATION_CONTEXT() REPRESENTATION_CONTEXT('2D SPACE',''
  ) );
#3486 = ORIENTED_EDGE('',*,*,#3487,.F.);
#3487 = EDGE_CURVE('',#3488,#3464,#3490,.T.);
#3488 = VERTEX_POINT('',#3489);
#3489 = CARTESIAN_POINT('',(-88.5,-191.,-28.));
#3490 = SEAM_CURVE('',#3491,(#3495,#3502),.PCURVE_S1.);
#3491 = LINE('',#3492,#3493);
#3492 = CARTESIAN_POINT('',(-88.5,-191.,-28.));
#3493 = VECTOR('',#3494,1.);
#3494 = DIRECTION('',(0.,0.,1.));
#3495 = PCURVE('',#1433,#3496);
#3496 = DEFINITIONAL_REPRESENTATION('',(#3497),#3501);
#3497 = LINE('',#3498,#3499);
#3498 = CARTESIAN_POINT('',(6.28318530718,-0.));
#3499 = VECTOR('',#3500,1.);
#3500 = DIRECTION('',(0.,1.));
#3501 = ( GEOMETRIC_REPRESENTATION_CONTEXT(2) 
PARAMETRIC_REPRESENTATION_CONTEXT() REPRESENTATION_CONTEXT('2D SPACE',''
  ) );
#3502 = PCURVE('',#1433,#3503);
#3503 = DEFINITIONAL_REPRESENTATION('',(#3504),#3508);
#3504 = LINE('',#3505,#3506);
#3505 = CARTESIAN_POINT('',(0.,-0.));
#3506 = VECTOR('',#3507,1.);
#3507 = DIRECTION('',(0.,1.));
#3508 = ( GEOMETRIC_REPRESENTATION_CONTEXT(2) 
PARAMETRIC_REPRESENTATION_CONTEXT() REPRESENTATION_CONTEXT('2D SPACE',''
  ) );
#3509 = ORIENTED_EDGE('',*,*,#3510,.T.);
#3510 = EDGE_CURVE('',#3488,#1449,#3511,.T.);
#3511 = SURFACE_CURVE('',#3512,(#3517,#3524),.PCURVE_S1.);
#3512 = CIRCLE('',#3513,6.5);
#3513 = AXIS2_PLACEMENT_3D('',#3514,#3515,#3516);
#3514 = CARTESIAN_POINT('',(-95.,-191.,-28.));
#3515 = DIRECTION('',(0.,0.,1.));
#3516 = DIRECTION('',(1.,0.,-0.));
#3517 = PCURVE('',#1433,#3518);
#3518 = DEFINITIONAL_REPRESENTATION('',(#3519),#3523);
#3519 = LINE('',#3520,#3521);
#3520 = CARTESIAN_POINT('',(0.,0.));
#3521 = VECTOR('',#3522,1.);
#3522 = DIRECTION('',(1.,0.));
#3523 = ( GEOMETRIC_REPRESENTATION_CONTEXT(2) 
PARAMETRIC_REPRESENTATION_CONTEXT() REPRESENTATION_CONTEXT('2D SPACE',''
  ) );
#3524 = PCURVE('',#1463,#3525);
#3525 = DEFINITIONAL_REPRESENTATION('',(#3526),#3530);
#3526 = CIRCLE('',#3527,6.5);
#3527 = AXIS2_PLACEMENT_2D('',#3528,#3529);
#3528 = CARTESIAN_POINT('',(0.,0.));
#3529 = DIRECTION('',(1.,0.));
#3530 = ( GEOMETRIC_REPRESENTATION_CONTEXT(2) 
PARAMETRIC_REPRESENTATION_CONTEXT() REPRESENTATION_CONTEXT('2D SPACE',''
  ) );
#3531 = ORIENTED_EDGE('',*,*,#1474,.T.);
#3532 = ORIENTED_EDGE('',*,*,#2324,.T.);
#3533 = ORIENTED_EDGE('',*,*,#1411,.T.);
#3534 = ORIENTED_EDGE('',*,*,#3535,.T.);
#3535 = EDGE_CURVE('',#1412,#3488,#3536,.T.);
#3536 = SURFACE_CURVE('',#3537,(#3542,#3549),.PCURVE_S1.);
#3537 = CIRCLE('',#3538,6.5);
#3538 = AXIS2_PLACEMENT_3D('',#3539,#3540,#3541);
#3539 = CARTESIAN_POINT('',(-95.,-191.,-28.));
#3540 = DIRECTION('',(0.,0.,1.));
#3541 = DIRECTION('',(1.,0.,-0.));
#3542 = PCURVE('',#1433,#3543);
#3543 = DEFINITIONAL_REPRESENTATION('',(#3544),#3548);
#3544 = LINE('',#3545,#3546);
#3545 = CARTESIAN_POINT('',(0.,0.));
#3546 = VECTOR('',#3547,1.);
#3547 = DIRECTION('',(1.,0.));
#3548 = ( GEOMETRIC_REPRESENTATION_CONTEXT(2) 
PARAMETRIC_REPRESENTATION_CONTEXT() REPRESENTATION_CONTEXT('2D SPACE',''
  ) );
#3549 = PCURVE('',#1463,#3550);
#3550 = DEFINITIONAL_REPRESENTATION('',(#3551),#3555);
#3551 = CIRCLE('',#3552,6.5);
#3552 = AXIS2_PLACEMENT_2D('',#3553,#3554);
#3553 = CARTESIAN_POINT('',(0.,0.));
#3554 = DIRECTION('',(1.,0.));
#3555 = ( GEOMETRIC_REPRESENTATION_CONTEXT(2) 
PARAMETRIC_REPRESENTATION_CONTEXT() REPRESENTATION_CONTEXT('2D SPACE',''
  ) );
#3556 = ORIENTED_EDGE('',*,*,#3487,.T.);
#3557 = ADVANCED_FACE('',(#3558),#1463,.T.);
#3558 = FACE_BOUND('',#3559,.T.);
#3559 = EDGE_LOOP('',(#3560,#3561,#3562));
#3560 = ORIENTED_EDGE('',*,*,#3535,.T.);
#3561 = ORIENTED_EDGE('',*,*,#3510,.T.);
#3562 = ORIENTED_EDGE('',*,*,#1448,.T.);
#3563 = ADVANCED_FACE('',(#3564),#1317,.F.);
#3564 = FACE_BOUND('',#3565,.F.);
#3565 = EDGE_LOOP('',(#3566,#3590,#3613,#3635,#3636,#3637,#3638,#3660));
#3566 = ORIENTED_EDGE('',*,*,#3567,.F.);
#3567 = EDGE_CURVE('',#3568,#3568,#3570,.T.);
#3568 = VERTEX_POINT('',#3569);
#3569 = CARTESIAN_POINT('',(6.5,-191.,0.));
#3570 = SURFACE_CURVE('',#3571,(#3576,#3583),.PCURVE_S1.);
#3571 = CIRCLE('',#3572,6.5);
#3572 = AXIS2_PLACEMENT_3D('',#3573,#3574,#3575);
#3573 = CARTESIAN_POINT('',(0.,-191.,0.));
#3574 = DIRECTION('',(0.,0.,1.));
#3575 = DIRECTION('',(1.,0.,-0.));
#3576 = PCURVE('',#1317,#3577);
#3577 = DEFINITIONAL_REPRESENTATION('',(#3578),#3582);
#3578 = LINE('',#3579,#3580);
#3579 = CARTESIAN_POINT('',(0.,28.));
#3580 = VECTOR('',#3581,1.);
#3581 = DIRECTION('',(1.,0.));
#3582 = ( GEOMETRIC_REPRESENTATION_CONTEXT(2) 
PARAMETRIC_REPRESENTATION_CONTEXT() REPRESENTATION_CONTEXT('2D SPACE',''
  ) );
#3583 = PCURVE('',#3371,#3584);
#3584 = DEFINITIONAL_REPRESENTATION('',(#3585),#3589);
#3585 = CIRCLE('',#3586,6.5);
#3586 = AXIS2_PLACEMENT_2D('',#3587,#3588);
#3587 = CARTESIAN_POINT('',(262.,21.));
#3588 = DIRECTION('',(1.,0.));
#3589 = ( GEOMETRIC_REPRESENTATION_CONTEXT(2) 
PARAMETRIC_REPRESENTATION_CONTEXT() REPRESENTATION_CONTEXT('2D SPACE',''
  ) );
#3590 = ORIENTED_EDGE('',*,*,#3591,.F.);
#3591 = EDGE_CURVE('',#3592,#3568,#3594,.T.);
#3592 = VERTEX_POINT('',#3593);
#3593 = CARTESIAN_POINT('',(6.5,-191.,-28.));
#3594 = SEAM_CURVE('',#3595,(#3599,#3606),.PCURVE_S1.);
#3595 = LINE('',#3596,#3597);
#3596 = CARTESIAN_POINT('',(6.5,-191.,-28.));
#3597 = VECTOR('',#3598,1.);
#3598 = DIRECTION('',(0.,0.,1.));
#3599 = PCURVE('',#1317,#3600);
#3600 = DEFINITIONAL_REPRESENTATION('',(#3601),#3605);
#3601 = LINE('',#3602,#3603);
#3602 = CARTESIAN_POINT('',(6.28318530718,-0.));
#3603 = VECTOR('',#3604,1.);
#3604 = DIRECTION('',(0.,1.));
#3605 = ( GEOMETRIC_REPRESENTATION_CONTEXT(2) 
PARAMETRIC_REPRESENTATION_CONTEXT() REPRESENTATION_CONTEXT('2D SPACE',''
  ) );
#3606 = PCURVE('',#1317,#3607);
#3607 = DEFINITIONAL_REPRESENTATION('',(#3608),#3612);
#3608 = LINE('',#3609,#3610);
#3609 = CARTESIAN_POINT('',(0.,-0.));
#3610 = VECTOR('',#3611,1.);
#3611 = DIRECTION('',(0.,1.));
#3612 = ( GEOMETRIC_REPRESENTATION_CONTEXT(2) 
PARAMETRIC_REPRESENTATION_CONTEXT() REPRESENTATION_CONTEXT('2D SPACE',''
  ) );
#3613 = ORIENTED_EDGE('',*,*,#3614,.T.);
#3614 = EDGE_CURVE('',#3592,#1333,#3615,.T.);
#3615 = SURFACE_CURVE('',#3616,(#3621,#3628),.PCURVE_S1.);
#3616 = CIRCLE('',#3617,6.5);
#3617 = AXIS2_PLACEMENT_3D('',#3618,#3619,#3620);
#3618 = CARTESIAN_POINT('',(0.,-191.,-28.));
#3619 = DIRECTION('',(0.,0.,1.));
#3620 = DIRECTION('',(1.,0.,-0.));
#3621 = PCURVE('',#1317,#3622);
#3622 = DEFINITIONAL_REPRESENTATION('',(#3623),#3627);
#3623 = LINE('',#3624,#3625);
#3624 = CARTESIAN_POINT('',(0.,0.));
#3625 = VECTOR('',#3626,1.);
#3626 = DIRECTION('',(1.,0.));
#3627 = ( GEOMETRIC_REPRESENTATION_CONTEXT(2) 
PARAMETRIC_REPRESENTATION_CONTEXT() REPRESENTATION_CONTEXT('2D SPACE',''
  ) );
#3628 = PCURVE('',#1347,#3629);
#3629 = DEFINITIONAL_REPRESENTATION('',(#3630),#3634);
#3630 = CIRCLE('',#3631,6.5);
#3631 = AXIS2_PLACEMENT_2D('',#3632,#3633);
#3632 = CARTESIAN_POINT('',(0.,0.));
#3633 = DIRECTION('',(1.,0.));
#3634 = ( GEOMETRIC_REPRESENTATION_CONTEXT(2) 
PARAMETRIC_REPRESENTATION_CONTEXT() REPRESENTATION_CONTEXT('2D SPACE',''
  ) );
#3635 = ORIENTED_EDGE('',*,*,#1358,.T.);
#3636 = ORIENTED_EDGE('',*,*,#2301,.T.);
#3637 = ORIENTED_EDGE('',*,*,#1295,.T.);
#3638 = ORIENTED_EDGE('',*,*,#3639,.T.);
#3639 = EDGE_CURVE('',#1296,#3592,#3640,.T.);
#3640 = SURFACE_CURVE('',#3641,(#3646,#3653),.PCURVE_S1.);
#3641 = CIRCLE('',#3642,6.5);
#3642 = AXIS2_PLACEMENT_3D('',#3643,#3644,#3645);
#3643 = CARTESIAN_POINT('',(0.,-191.,-28.));
#3644 = DIRECTION('',(0.,0.,1.));
#3645 = DIRECTION('',(1.,0.,-0.));
#3646 = PCURVE('',#1317,#3647);
#3647 = DEFINITIONAL_REPRESENTATION('',(#3648),#3652);
#3648 = LINE('',#3649,#3650);
#3649 = CARTESIAN_POINT('',(0.,0.));
#3650 = VECTOR('',#3651,1.);
#3651 = DIRECTION('',(1.,0.));
#3652 = ( GEOMETRIC_REPRESENTATION_CONTEXT(2) 
PARAMETRIC_REPRESENTATION_CONTEXT() REPRESENTATION_CONTEXT('2D SPACE',''
  ) );
#3653 = PCURVE('',#1347,#3654);
#3654 = DEFINITIONAL_REPRESENTATION('',(#3655),#3659);
#3655 = CIRCLE('',#3656,6.5);
#3656 = AXIS2_PLACEMENT_2D('',#3657,#3658);
#3657 = CARTESIAN_POINT('',(0.,0.));
#3658 = DIRECTION('',(1.,0.));
#3659 = ( GEOMETRIC_REPRESENTATION_CONTEXT(2) 
PARAMETRIC_REPRESENTATION_CONTEXT() REPRESENTATION_CONTEXT('2D SPACE',''
  ) );
#3660 = ORIENTED_EDGE('',*,*,#3591,.T.);
#3661 = ADVANCED_FACE('',(#3662),#1347,.T.);
#3662 = FACE_BOUND('',#3663,.T.);
#3663 = EDGE_LOOP('',(#3664,#3665,#3666));
#3664 = ORIENTED_EDGE('',*,*,#3639,.T.);
#3665 = ORIENTED_EDGE('',*,*,#3614,.T.);
#3666 = ORIENTED_EDGE('',*,*,#1332,.T.);
#3667 = ADVANCED_FACE('',(#3668),#1201,.F.);
#3668 = FACE_BOUND('',#3669,.F.);
#3669 = EDGE_LOOP('',(#3670,#3694,#3717,#3739,#3740,#3741,#3742,#3764));
#3670 = ORIENTED_EDGE('',*,*,#3671,.F.);
#3671 = EDGE_CURVE('',#3672,#3672,#3674,.T.);
#3672 = VERTEX_POINT('',#3673);
#3673 = CARTESIAN_POINT('',(101.5,-191.,0.));
#3674 = SURFACE_CURVE('',#3675,(#3680,#3687),.PCURVE_S1.);
#3675 = CIRCLE('',#3676,6.5);
#3676 = AXIS2_PLACEMENT_3D('',#3677,#3678,#3679);
#3677 = CARTESIAN_POINT('',(95.,-191.,0.));
#3678 = DIRECTION('',(0.,0.,1.));
#3679 = DIRECTION('',(1.,0.,-0.));
#3680 = PCURVE('',#1201,#3681);
#3681 = DEFINITIONAL_REPRESENTATION('',(#3682),#3686);
#3682 = LINE('',#3683,#3684);
#3683 = CARTESIAN_POINT('',(0.,28.));
#3684 = VECTOR('',#3685,1.);
#3685 = DIRECTION('',(1.,0.));
#3686 = ( GEOMETRIC_REPRESENTATION_CONTEXT(2) 
PARAMETRIC_REPRESENTATION_CONTEXT() REPRESENTATION_CONTEXT('2D SPACE',''
  ) );
#3687 = PCURVE('',#3371,#3688);
#3688 = DEFINITIONAL_REPRESENTATION('',(#3689),#3693);
#3689 = CIRCLE('',#3690,6.5);
#3690 = AXIS2_PLACEMENT_2D('',#3691,#3692);
#3691 = CARTESIAN_POINT('',(357.,21.));
#3692 = DIRECTION('',(1.,0.));
#3693 = ( GEOMETRIC_REPRESENTATION_CONTEXT(2) 
PARAMETRIC_REPRESENTATION_CONTEXT() REPRESENTATION_CONTEXT('2D SPACE',''
  ) );
#3694 = ORIENTED_EDGE('',*,*,#3695,.F.);
#3695 = EDGE_CURVE('',#3696,#3672,#3698,.T.);
#3696 = VERTEX_POINT('',#3697);
#3697 = CARTESIAN_POINT('',(101.5,-191.,-28.));
#3698 = SEAM_CURVE('',#3699,(#3703,#3710),.PCURVE_S1.);
#3699 = LINE('',#3700,#3701);
#3700 = CARTESIAN_POINT('',(101.5,-191.,-28.));
#3701 = VECTOR('',#3702,1.);
#3702 = DIRECTION('',(0.,0.,1.));
#3703 = PCURVE('',#1201,#3704);
#3704 = DEFINITIONAL_REPRESENTATION('',(#3705),#3709);
#3705 = LINE('',#3706,#3707);
#3706 = CARTESIAN_POINT('',(6.28318530718,-0.));
#3707 = VECTOR('',#3708,1.);
#3708 = DIRECTION('',(0.,1.));
#3709 = ( GEOMETRIC_REPRESENTATION_CONTEXT(2) 
PARAMETRIC_REPRESENTATION_CONTEXT() REPRESENTATION_CONTEXT('2D SPACE',''
  ) );
#3710 = PCURVE('',#1201,#3711);
#3711 = DEFINITIONAL_REPRESENTATION('',(#3712),#3716);
#3712 = LINE('',#3713,#3714);
#3713 = CARTESIAN_POINT('',(0.,-0.));
#3714 = VECTOR('',#3715,1.);
#3715 = DIRECTION('',(0.,1.));
#3716 = ( GEOMETRIC_REPRESENTATION_CONTEXT(2) 
PARAMETRIC_REPRESENTATION_CONTEXT() REPRESENTATION_CONTEXT('2D SPACE',''
  ) );
#3717 = ORIENTED_EDGE('',*,*,#3718,.T.);
#3718 = EDGE_CURVE('',#3696,#1217,#3719,.T.);
#3719 = SURFACE_CURVE('',#3720,(#3725,#3732),.PCURVE_S1.);
#3720 = CIRCLE('',#3721,6.5);
#3721 = AXIS2_PLACEMENT_3D('',#3722,#3723,#3724);
#3722 = CARTESIAN_POINT('',(95.,-191.,-28.));
#3723 = DIRECTION('',(0.,0.,1.));
#3724 = DIRECTION('',(1.,0.,-0.));
#3725 = PCURVE('',#1201,#3726);
#3726 = DEFINITIONAL_REPRESENTATION('',(#3727),#3731);
#3727 = LINE('',#3728,#3729);
#3728 = CARTESIAN_POINT('',(0.,0.));
#3729 = VECTOR('',#3730,1.);
#3730 = DIRECTION('',(1.,0.));
#3731 = ( GEOMETRIC_REPRESENTATION_CONTEXT(2) 
PARAMETRIC_REPRESENTATION_CONTEXT() REPRESENTATION_CONTEXT('2D SPACE',''
  ) );
#3732 = PCURVE('',#1231,#3733);
#3733 = DEFINITIONAL_REPRESENTATION('',(#3734),#3738);
#3734 = CIRCLE('',#3735,6.5);
#3735 = AXIS2_PLACEMENT_2D('',#3736,#3737);
#3736 = CARTESIAN_POINT('',(0.,0.));
#3737 = DIRECTION('',(1.,0.));
#3738 = ( GEOMETRIC_REPRESENTATION_CONTEXT(2) 
PARAMETRIC_REPRESENTATION_CONTEXT() REPRESENTATION_CONTEXT('2D SPACE',''
  ) );
#3739 = ORIENTED_EDGE('',*,*,#1242,.T.);
#3740 = ORIENTED_EDGE('',*,*,#2278,.T.);
#3741 = ORIENTED_EDGE('',*,*,#1179,.T.);
#3742 = ORIENTED_EDGE('',*,*,#3743,.T.);
#3743 = EDGE_CURVE('',#1180,#3696,#3744,.T.);
#3744 = SURFACE_CURVE('',#3745,(#3750,#3757),.PCURVE_S1.);
#3745 = CIRCLE('',#3746,6.5);
#3746 = AXIS2_PLACEMENT_3D('',#3747,#3748,#3749);
#3747 = CARTESIAN_POINT('',(95.,-191.,-28.));
#3748 = DIRECTION('',(0.,0.,1.));
#3749 = DIRECTION('',(1.,0.,-0.));
#3750 = PCURVE('',#1201,#3751);
#3751 = DEFINITIONAL_REPRESENTATION('',(#3752),#3756);
#3752 = LINE('',#3753,#3754);
#3753 = CARTESIAN_POINT('',(0.,0.));
#3754 = VECTOR('',#3755,1.);
#3755 = DIRECTION('',(1.,0.));
#3756 = ( GEOMETRIC_REPRESENTATION_CONTEXT(2) 
PARAMETRIC_REPRESENTATION_CONTEXT() REPRESENTATION_CONTEXT('2D SPACE',''
  ) );
#3757 = PCURVE('',#1231,#3758);
#3758 = DEFINITIONAL_REPRESENTATION('',(#3759),#3763);
#3759 = CIRCLE('',#3760,6.5);
#3760 = AXIS2_PLACEMENT_2D('',#3761,#3762);
#3761 = CARTESIAN_POINT('',(0.,0.));
#3762 = DIRECTION('',(1.,0.));
#3763 = ( GEOMETRIC_REPRESENTATION_CONTEXT(2) 
PARAMETRIC_REPRESENTATION_CONTEXT() REPRESENTATION_CONTEXT('2D SPACE',''
  ) );
#3764 = ORIENTED_EDGE('',*,*,#3695,.T.);
#3765 = ADVANCED_FACE('',(#3766),#1231,.T.);
#3766 = FACE_BOUND('',#3767,.T.);
#3767 = EDGE_LOOP('',(#3768,#3769,#3770));
#3768 = ORIENTED_EDGE('',*,*,#3743,.T.);
#3769 = ORIENTED_EDGE('',*,*,#3718,.T.);
#3770 = ORIENTED_EDGE('',*,*,#1216,.T.);
#3771 = ADVANCED_FACE('',(#3772),#1085,.F.);
#3772 = FACE_BOUND('',#3773,.F.);
#3773 = EDGE_LOOP('',(#3774,#3798,#3821,#3843,#3844,#3845,#3846,#3868));
#3774 = ORIENTED_EDGE('',*,*,#3775,.F.);
#3775 = EDGE_CURVE('',#3776,#3776,#3778,.T.);
#3776 = VERTEX_POINT('',#3777);
#3777 = CARTESIAN_POINT('',(165.,-191.,0.));
#3778 = SURFACE_CURVE('',#3779,(#3784,#3791),.PCURVE_S1.);
#3779 = CIRCLE('',#3780,5.);
#3780 = AXIS2_PLACEMENT_3D('',#3781,#3782,#3783);
#3781 = CARTESIAN_POINT('',(160.,-191.,0.));
#3782 = DIRECTION('',(0.,0.,1.));
#3783 = DIRECTION('',(1.,0.,-0.));
#3784 = PCURVE('',#1085,#3785);
#3785 = DEFINITIONAL_REPRESENTATION('',(#3786),#3790);
#3786 = LINE('',#3787,#3788);
#3787 = CARTESIAN_POINT('',(0.,28.));
#3788 = VECTOR('',#3789,1.);
#3789 = DIRECTION('',(1.,0.));
#3790 = ( GEOMETRIC_REPRESENTATION_CONTEXT(2) 
PARAMETRIC_REPRESENTATION_CONTEXT() REPRESENTATION_CONTEXT('2D SPACE',''
  ) );
#3791 = PCURVE('',#3371,#3792);
#3792 = DEFINITIONAL_REPRESENTATION('',(#3793),#3797);
#3793 = CIRCLE('',#3794,5.);
#3794 = AXIS2_PLACEMENT_2D('',#3795,#3796);
#3795 = CARTESIAN_POINT('',(422.,21.));
#3796 = DIRECTION('',(1.,0.));
#3797 = ( GEOMETRIC_REPRESENTATION_CONTEXT(2) 
PARAMETRIC_REPRESENTATION_CONTEXT() REPRESENTATION_CONTEXT('2D SPACE',''
  ) );
#3798 = ORIENTED_EDGE('',*,*,#3799,.F.);
#3799 = EDGE_CURVE('',#3800,#3776,#3802,.T.);
#3800 = VERTEX_POINT('',#3801);
#3801 = CARTESIAN_POINT('',(165.,-191.,-28.));
#3802 = SEAM_CURVE('',#3803,(#3807,#3814),.PCURVE_S1.);
#3803 = LINE('',#3804,#3805);
#3804 = CARTESIAN_POINT('',(165.,-191.,-28.));
#3805 = VECTOR('',#3806,1.);
#3806 = DIRECTION('',(0.,0.,1.));
#3807 = PCURVE('',#1085,#3808);
#3808 = DEFINITIONAL_REPRESENTATION('',(#3809),#3813);
#3809 = LINE('',#3810,#3811);
#3810 = CARTESIAN_POINT('',(6.28318530718,-0.));
#3811 = VECTOR('',#3812,1.);
#3812 = DIRECTION('',(0.,1.));
#3813 = ( GEOMETRIC_REPRESENTATION_CONTEXT(2) 
PARAMETRIC_REPRESENTATION_CONTEXT() REPRESENTATION_CONTEXT('2D SPACE',''
  ) );
#3814 = PCURVE('',#1085,#3815);
#3815 = DEFINITIONAL_REPRESENTATION('',(#3816),#3820);
#3816 = LINE('',#3817,#3818);
#3817 = CARTESIAN_POINT('',(0.,-0.));
#3818 = VECTOR('',#3819,1.);
#3819 = DIRECTION('',(0.,1.));
#3820 = ( GEOMETRIC_REPRESENTATION_CONTEXT(2) 
PARAMETRIC_REPRESENTATION_CONTEXT() REPRESENTATION_CONTEXT('2D SPACE',''
  ) );
#3821 = ORIENTED_EDGE('',*,*,#3822,.T.);
#3822 = EDGE_CURVE('',#3800,#1101,#3823,.T.);
#3823 = SURFACE_CURVE('',#3824,(#3829,#3836),.PCURVE_S1.);
#3824 = CIRCLE('',#3825,5.);
#3825 = AXIS2_PLACEMENT_3D('',#3826,#3827,#3828);
#3826 = CARTESIAN_POINT('',(160.,-191.,-28.));
#3827 = DIRECTION('',(0.,0.,1.));
#3828 = DIRECTION('',(1.,0.,-0.));
#3829 = PCURVE('',#1085,#3830);
#3830 = DEFINITIONAL_REPRESENTATION('',(#3831),#3835);
#3831 = LINE('',#3832,#3833);
#3832 = CARTESIAN_POINT('',(0.,0.));
#3833 = VECTOR('',#3834,1.);
#3834 = DIRECTION('',(1.,0.));
#3835 = ( GEOMETRIC_REPRESENTATION_CONTEXT(2) 
PARAMETRIC_REPRESENTATION_CONTEXT() REPRESENTATION_CONTEXT('2D SPACE',''
  ) );
#3836 = PCURVE('',#1115,#3837);
#3837 = DEFINITIONAL_REPRESENTATION('',(#3838),#3842);
#3838 = CIRCLE('',#3839,5.);
#3839 = AXIS2_PLACEMENT_2D('',#3840,#3841);
#3840 = CARTESIAN_POINT('',(0.,0.));
#3841 = DIRECTION('',(1.,0.));
#3842 = ( GEOMETRIC_REPRESENTATION_CONTEXT(2) 
PARAMETRIC_REPRESENTATION_CONTEXT() REPRESENTATION_CONTEXT('2D SPACE',''
  ) );
#3843 = ORIENTED_EDGE('',*,*,#1126,.T.);
#3844 = ORIENTED_EDGE('',*,*,#2255,.T.);
#3845 = ORIENTED_EDGE('',*,*,#1063,.T.);
#3846 = ORIENTED_EDGE('',*,*,#3847,.T.);
#3847 = EDGE_CURVE('',#1064,#3800,#3848,.T.);
#3848 = SURFACE_CURVE('',#3849,(#3854,#3861),.PCURVE_S1.);
#3849 = CIRCLE('',#3850,5.);
#3850 = AXIS2_PLACEMENT_3D('',#3851,#3852,#3853);
#3851 = CARTESIAN_POINT('',(160.,-191.,-28.));
#3852 = DIRECTION('',(0.,0.,1.));
#3853 = DIRECTION('',(1.,0.,-0.));
#3854 = PCURVE('',#1085,#3855);
#3855 = DEFINITIONAL_REPRESENTATION('',(#3856),#3860);
#3856 = LINE('',#3857,#3858);
#3857 = CARTESIAN_POINT('',(0.,0.));
#3858 = VECTOR('',#3859,1.);
#3859 = DIRECTION('',(1.,0.));
#3860 = ( GEOMETRIC_REPRESENTATION_CONTEXT(2) 
PARAMETRIC_REPRESENTATION_CONTEXT() REPRESENTATION_CONTEXT('2D SPACE',''
  ) );
#3861 = PCURVE('',#1115,#3862);
#3862 = DEFINITIONAL_REPRESENTATION('',(#3863),#3867);
#3863 = CIRCLE('',#3864,5.);
#3864 = AXIS2_PLACEMENT_2D('',#3865,#3866);
#3865 = CARTESIAN_POINT('',(0.,0.));
#3866 = DIRECTION('',(1.,0.));
#3867 = ( GEOMETRIC_REPRESENTATION_CONTEXT(2) 
PARAMETRIC_REPRESENTATION_CONTEXT() REPRESENTATION_CONTEXT('2D SPACE',''
  ) );
#3868 = ORIENTED_EDGE('',*,*,#3799,.T.);
#3869 = ADVANCED_FACE('',(#3870),#1115,.T.);
#3870 = FACE_BOUND('',#3871,.T.);
#3871 = EDGE_LOOP('',(#3872,#3873,#3874));
#3872 = ORIENTED_EDGE('',*,*,#3847,.T.);
#3873 = ORIENTED_EDGE('',*,*,#3822,.T.);
#3874 = ORIENTED_EDGE('',*,*,#1100,.T.);
#3875 = ADVANCED_FACE('',(#3876),#969,.F.);
#3876 = FACE_BOUND('',#3877,.F.);
#3877 = EDGE_LOOP('',(#3878,#3902,#3925,#3947,#3948,#3949,#3950,#3972));
#3878 = ORIENTED_EDGE('',*,*,#3879,.F.);
#3879 = EDGE_CURVE('',#3880,#3880,#3882,.T.);
#3880 = VERTEX_POINT('',#3881);
#3881 = CARTESIAN_POINT('',(196.5,-191.,0.));
#3882 = SURFACE_CURVE('',#3883,(#3888,#3895),.PCURVE_S1.);
#3883 = CIRCLE('',#3884,6.5);
#3884 = AXIS2_PLACEMENT_3D('',#3885,#3886,#3887);
#3885 = CARTESIAN_POINT('',(190.,-191.,0.));
#3886 = DIRECTION('',(0.,0.,1.));
#3887 = DIRECTION('',(1.,0.,-0.));
#3888 = PCURVE('',#969,#3889);
#3889 = DEFINITIONAL_REPRESENTATION('',(#3890),#3894);
#3890 = LINE('',#3891,#3892);
#3891 = CARTESIAN_POINT('',(0.,28.));
#3892 = VECTOR('',#3893,1.);
#3893 = DIRECTION('',(1.,0.));
#3894 = ( GEOMETRIC_REPRESENTATION_CONTEXT(2) 
PARAMETRIC_REPRESENTATION_CONTEXT() REPRESENTATION_CONTEXT('2D SPACE',''
  ) );
#3895 = PCURVE('',#3371,#3896);
#3896 = DEFINITIONAL_REPRESENTATION('',(#3897),#3901);
#3897 = CIRCLE('',#3898,6.5);
#3898 = AXIS2_PLACEMENT_2D('',#3899,#3900);
#3899 = CARTESIAN_POINT('',(452.,21.));
#3900 = DIRECTION('',(1.,0.));
#3901 = ( GEOMETRIC_REPRESENTATION_CONTEXT(2) 
PARAMETRIC_REPRESENTATION_CONTEXT() REPRESENTATION_CONTEXT('2D SPACE',''
  ) );
#3902 = ORIENTED_EDGE('',*,*,#3903,.F.);
#3903 = EDGE_CURVE('',#3904,#3880,#3906,.T.);
#3904 = VERTEX_POINT('',#3905);
#3905 = CARTESIAN_POINT('',(196.5,-191.,-28.));
#3906 = SEAM_CURVE('',#3907,(#3911,#3918),.PCURVE_S1.);
#3907 = LINE('',#3908,#3909);
#3908 = CARTESIAN_POINT('',(196.5,-191.,-28.));
#3909 = VECTOR('',#3910,1.);
#3910 = DIRECTION('',(0.,0.,1.));
#3911 = PCURVE('',#969,#3912);
#3912 = DEFINITIONAL_REPRESENTATION('',(#3913),#3917);
#3913 = LINE('',#3914,#3915);
#3914 = CARTESIAN_POINT('',(6.28318530718,-0.));
#3915 = VECTOR('',#3916,1.);
#3916 = DIRECTION('',(0.,1.));
#3917 = ( GEOMETRIC_REPRESENTATION_CONTEXT(2) 
PARAMETRIC_REPRESENTATION_CONTEXT() REPRESENTATION_CONTEXT('2D SPACE',''
  ) );
#3918 = PCURVE('',#969,#3919);
#3919 = DEFINITIONAL_REPRESENTATION('',(#3920),#3924);
#3920 = LINE('',#3921,#3922);
#3921 = CARTESIAN_POINT('',(0.,-0.));
#3922 = VECTOR('',#3923,1.);
#3923 = DIRECTION('',(0.,1.));
#3924 = ( GEOMETRIC_REPRESENTATION_CONTEXT(2) 
PARAMETRIC_REPRESENTATION_CONTEXT() REPRESENTATION_CONTEXT('2D SPACE',''
  ) );
#3925 = ORIENTED_EDGE('',*,*,#3926,.T.);
#3926 = EDGE_CURVE('',#3904,#985,#3927,.T.);
#3927 = SURFACE_CURVE('',#3928,(#3933,#3940),.PCURVE_S1.);
#3928 = CIRCLE('',#3929,6.5);
#3929 = AXIS2_PLACEMENT_3D('',#3930,#3931,#3932);
#3930 = CARTESIAN_POINT('',(190.,-191.,-28.));
#3931 = DIRECTION('',(0.,0.,1.));
#3932 = DIRECTION('',(1.,0.,-0.));
#3933 = PCURVE('',#969,#3934);
#3934 = DEFINITIONAL_REPRESENTATION('',(#3935),#3939);
#3935 = LINE('',#3936,#3937);
#3936 = CARTESIAN_POINT('',(0.,0.));
#3937 = VECTOR('',#3938,1.);
#3938 = DIRECTION('',(1.,0.));
#3939 = ( GEOMETRIC_REPRESENTATION_CONTEXT(2) 
PARAMETRIC_REPRESENTATION_CONTEXT() REPRESENTATION_CONTEXT('2D SPACE',''
  ) );
#3940 = PCURVE('',#999,#3941);
#3941 = DEFINITIONAL_REPRESENTATION('',(#3942),#3946);
#3942 = CIRCLE('',#3943,6.5);
#3943 = AXIS2_PLACEMENT_2D('',#3944,#3945);
#3944 = CARTESIAN_POINT('',(0.,0.));
#3945 = DIRECTION('',(1.,0.));
#3946 = ( GEOMETRIC_REPRESENTATION_CONTEXT(2) 
PARAMETRIC_REPRESENTATION_CONTEXT() REPRESENTATION_CONTEXT('2D SPACE',''
  ) );
#3947 = ORIENTED_EDGE('',*,*,#1010,.T.);
#3948 = ORIENTED_EDGE('',*,*,#2232,.T.);
#3949 = ORIENTED_EDGE('',*,*,#947,.T.);
#3950 = ORIENTED_EDGE('',*,*,#3951,.T.);
#3951 = EDGE_CURVE('',#948,#3904,#3952,.T.);
#3952 = SURFACE_CURVE('',#3953,(#3958,#3965),.PCURVE_S1.);
#3953 = CIRCLE('',#3954,6.5);
#3954 = AXIS2_PLACEMENT_3D('',#3955,#3956,#3957);
#3955 = CARTESIAN_POINT('',(190.,-191.,-28.));
#3956 = DIRECTION('',(0.,0.,1.));
#3957 = DIRECTION('',(1.,0.,-0.));
#3958 = PCURVE('',#969,#3959);
#3959 = DEFINITIONAL_REPRESENTATION('',(#3960),#3964);
#3960 = LINE('',#3961,#3962);
#3961 = CARTESIAN_POINT('',(0.,0.));
#3962 = VECTOR('',#3963,1.);
#3963 = DIRECTION('',(1.,0.));
#3964 = ( GEOMETRIC_REPRESENTATION_CONTEXT(2) 
PARAMETRIC_REPRESENTATION_CONTEXT() REPRESENTATION_CONTEXT('2D SPACE',''
  ) );
#3965 = PCURVE('',#999,#3966);
#3966 = DEFINITIONAL_REPRESENTATION('',(#3967),#3971);
#3967 = CIRCLE('',#3968,6.5);
#3968 = AXIS2_PLACEMENT_2D('',#3969,#3970);
#3969 = CARTESIAN_POINT('',(0.,0.));
#3970 = DIRECTION('',(1.,0.));
#3971 = ( GEOMETRIC_REPRESENTATION_CONTEXT(2) 
PARAMETRIC_REPRESENTATION_CONTEXT() REPRESENTATION_CONTEXT('2D SPACE',''
  ) );
#3972 = ORIENTED_EDGE('',*,*,#3903,.T.);
#3973 = ADVANCED_FACE('',(#3974),#999,.T.);
#3974 = FACE_BOUND('',#3975,.T.);
#3975 = EDGE_LOOP('',(#3976,#3977,#3978));
#3976 = ORIENTED_EDGE('',*,*,#3951,.T.);
#3977 = ORIENTED_EDGE('',*,*,#3926,.T.);
#3978 = ORIENTED_EDGE('',*,*,#984,.T.);
#3979 = ADVANCED_FACE('',(#3980),#910,.T.);
#3980 = FACE_BOUND('',#3981,.T.);
#3981 = EDGE_LOOP('',(#3982,#3983,#3984,#4010));
#3982 = ORIENTED_EDGE('',*,*,#893,.F.);
#3983 = ORIENTED_EDGE('',*,*,#2118,.F.);
#3984 = ORIENTED_EDGE('',*,*,#3985,.T.);
#3985 = EDGE_CURVE('',#2119,#2192,#3986,.T.);
#3986 = SURFACE_CURVE('',#3987,(#3992,#4003),.PCURVE_S1.);
#3987 = CIRCLE('',#3988,45.);
#3988 = AXIS2_PLACEMENT_3D('',#3989,#3990,#3991);
#3989 = CARTESIAN_POINT('',(238.,-125.,5.284661597216E-14));
#3990 = DIRECTION('',(-1.,0.,0.));
#3991 = DIRECTION('',(0.,0.816194118765,-0.577777777778));
#3992 = PCURVE('',#910,#3993);
#3993 = DEFINITIONAL_REPRESENTATION('',(#3994),#4002);
#3994 = ( BOUNDED_CURVE() B_SPLINE_CURVE(2,(#3995,#3996,#3997,#3998,
#3999,#4000,#4001),.UNSPECIFIED.,.T.,.F.) B_SPLINE_CURVE_WITH_KNOTS((1,2
    ,2,2,2,1),(-2.094395102393,0.,2.094395102393,4.188790204786,
6.28318530718,8.377580409573),.UNSPECIFIED.) CURVE() 
GEOMETRIC_REPRESENTATION_ITEM() RATIONAL_B_SPLINE_CURVE((1.,0.5,1.,0.5,
1.,0.5,1.)) REPRESENTATION_ITEM('') );
#3995 = CARTESIAN_POINT('',(26.,36.728735344414));
#3996 = CARTESIAN_POINT('',(89.616035714276,-8.304585652377));
#3997 = CARTESIAN_POINT('',(18.808017857138,-40.8810281706));
#3998 = CARTESIAN_POINT('',(-52.,-73.45747068882));
#3999 = CARTESIAN_POINT('',(-44.80801785713,4.152292826188));
#4000 = CARTESIAN_POINT('',(-37.61603571427,81.762056341205));
#4001 = CARTESIAN_POINT('',(26.,36.728735344414));
#4002 = ( GEOMETRIC_REPRESENTATION_CONTEXT(2) 
PARAMETRIC_REPRESENTATION_CONTEXT() REPRESENTATION_CONTEXT('2D SPACE',''
  ) );
#4003 = PCURVE('',#2154,#4004);
#4004 = DEFINITIONAL_REPRESENTATION('',(#4005),#4009);
#4005 = LINE('',#4006,#4007);
#4006 = CARTESIAN_POINT('',(7.237978239368,478.));
#4007 = VECTOR('',#4008,1.);
#4008 = DIRECTION('',(-1.,-0.));
#4009 = ( GEOMETRIC_REPRESENTATION_CONTEXT(2) 
PARAMETRIC_REPRESENTATION_CONTEXT() REPRESENTATION_CONTEXT('2D SPACE',''
  ) );
#4010 = ORIENTED_EDGE('',*,*,#2212,.F.);
#4011 = ADVANCED_FACE('',(#4012),#769,.F.);
#4012 = FACE_BOUND('',#4013,.F.);
#4013 = EDGE_LOOP('',(#4014,#4015,#4016,#4017));
#4014 = ORIENTED_EDGE('',*,*,#2370,.F.);
#4015 = ORIENTED_EDGE('',*,*,#752,.T.);
#4016 = ORIENTED_EDGE('',*,*,#2459,.F.);
#4017 = ORIENTED_EDGE('',*,*,#4018,.F.);
#4018 = EDGE_CURVE('',#2371,#2439,#4019,.T.);
#4019 = SURFACE_CURVE('',#4020,(#4025,#4032),.PCURVE_S1.);
#4020 = CIRCLE('',#4021,45.);
#4021 = AXIS2_PLACEMENT_3D('',#4022,#4023,#4024);
#4022 = CARTESIAN_POINT('',(-238.,-125.,-5.284661597216E-14));
#4023 = DIRECTION('',(1.,0.,0.));
#4024 = DIRECTION('',(0.,-0.816194118765,-0.577777777778));
#4025 = PCURVE('',#769,#4026);
#4026 = DEFINITIONAL_REPRESENTATION('',(#4027),#4031);
#4027 = CIRCLE('',#4028,45.);
#4028 = AXIS2_PLACEMENT_2D('',#4029,#4030);
#4029 = CARTESIAN_POINT('',(0.,0.));
#4030 = DIRECTION('',(0.577777777778,-0.816194118765));
#4031 = ( GEOMETRIC_REPRESENTATION_CONTEXT(2) 
PARAMETRIC_REPRESENTATION_CONTEXT() REPRESENTATION_CONTEXT('2D SPACE',''
  ) );
#4032 = PCURVE('',#2154,#4033);
#4033 = DEFINITIONAL_REPRESENTATION('',(#4034),#4038);
#4034 = LINE('',#4035,#4036);
#4035 = CARTESIAN_POINT('',(5.328392374991,2.));
#4036 = VECTOR('',#4037,1.);
#4037 = DIRECTION('',(1.,0.));
#4038 = ( GEOMETRIC_REPRESENTATION_CONTEXT(2) 
PARAMETRIC_REPRESENTATION_CONTEXT() REPRESENTATION_CONTEXT('2D SPACE',''
  ) );
#4039 = ADVANCED_FACE('',(#4040),#1641,.F.);
#4040 = FACE_BOUND('',#4041,.F.);
#4041 = EDGE_LOOP('',(#4042,#4065,#4066,#4089));
#4042 = ORIENTED_EDGE('',*,*,#4043,.F.);
#4043 = EDGE_CURVE('',#1624,#4044,#4046,.T.);
#4044 = VERTEX_POINT('',#4045);
#4045 = CARTESIAN_POINT('',(-262.,-212.,0.));
#4046 = SURFACE_CURVE('',#4047,(#4051,#4058),.PCURVE_S1.);
#4047 = LINE('',#4048,#4049);
#4048 = CARTESIAN_POINT('',(-262.,-212.,-26.));
#4049 = VECTOR('',#4050,1.);
#4050 = DIRECTION('',(0.,0.,1.));
#4051 = PCURVE('',#1641,#4052);
#4052 = DEFINITIONAL_REPRESENTATION('',(#4053),#4057);
#4053 = LINE('',#4054,#4055);
#4054 = CARTESIAN_POINT('',(0.,0.));
#4055 = VECTOR('',#4056,1.);
#4056 = DIRECTION('',(1.,0.));
#4057 = ( GEOMETRIC_REPRESENTATION_CONTEXT(2) 
PARAMETRIC_REPRESENTATION_CONTEXT() REPRESENTATION_CONTEXT('2D SPACE',''
  ) );
#4058 = PCURVE('',#1669,#4059);
#4059 = DEFINITIONAL_REPRESENTATION('',(#4060),#4064);
#4060 = LINE('',#4061,#4062);
#4061 = CARTESIAN_POINT('',(0.,0.));
#4062 = VECTOR('',#4063,1.);
#4063 = DIRECTION('',(1.,0.));
#4064 = ( GEOMETRIC_REPRESENTATION_CONTEXT(2) 
PARAMETRIC_REPRESENTATION_CONTEXT() REPRESENTATION_CONTEXT('2D SPACE',''
  ) );
#4065 = ORIENTED_EDGE('',*,*,#1623,.T.);
#4066 = ORIENTED_EDGE('',*,*,#4067,.T.);
#4067 = EDGE_CURVE('',#1626,#4068,#4070,.T.);
#4068 = VERTEX_POINT('',#4069);
#4069 = CARTESIAN_POINT('',(-262.,212.,0.));
#4070 = SURFACE_CURVE('',#4071,(#4075,#4082),.PCURVE_S1.);
#4071 = LINE('',#4072,#4073);
#4072 = CARTESIAN_POINT('',(-262.,212.,-26.));
#4073 = VECTOR('',#4074,1.);
#4074 = DIRECTION('',(0.,0.,1.));
#4075 = PCURVE('',#1641,#4076);
#4076 = DEFINITIONAL_REPRESENTATION('',(#4077),#4081);
#4077 = LINE('',#4078,#4079);
#4078 = CARTESIAN_POINT('',(0.,-424.));
#4079 = VECTOR('',#4080,1.);
#4080 = DIRECTION('',(1.,0.));
#4081 = ( GEOMETRIC_REPRESENTATION_CONTEXT(2) 
PARAMETRIC_REPRESENTATION_CONTEXT() REPRESENTATION_CONTEXT('2D SPACE',''
  ) );
#4082 = PCURVE('',#1723,#4083);
#4083 = DEFINITIONAL_REPRESENTATION('',(#4084),#4088);
#4084 = LINE('',#4085,#4086);
#4085 = CARTESIAN_POINT('',(0.,0.));
#4086 = VECTOR('',#4087,1.);
#4087 = DIRECTION('',(1.,0.));
#4088 = ( GEOMETRIC_REPRESENTATION_CONTEXT(2) 
PARAMETRIC_REPRESENTATION_CONTEXT() REPRESENTATION_CONTEXT('2D SPACE',''
  ) );
#4089 = ORIENTED_EDGE('',*,*,#4090,.F.);
#4090 = EDGE_CURVE('',#4044,#4068,#4091,.T.);
#4091 = SURFACE_CURVE('',#4092,(#4096,#4103),.PCURVE_S1.);
#4092 = LINE('',#4093,#4094);
#4093 = CARTESIAN_POINT('',(-262.,-212.,0.));
#4094 = VECTOR('',#4095,1.);
#4095 = DIRECTION('',(-0.,1.,0.));
#4096 = PCURVE('',#1641,#4097);
#4097 = DEFINITIONAL_REPRESENTATION('',(#4098),#4102);
#4098 = LINE('',#4099,#4100);
#4099 = CARTESIAN_POINT('',(26.,0.));
#4100 = VECTOR('',#4101,1.);
#4101 = DIRECTION('',(0.,-1.));
#4102 = ( GEOMETRIC_REPRESENTATION_CONTEXT(2) 
PARAMETRIC_REPRESENTATION_CONTEXT() REPRESENTATION_CONTEXT('2D SPACE',''
  ) );
#4103 = PCURVE('',#3371,#4104);
#4104 = DEFINITIONAL_REPRESENTATION('',(#4105),#4109);
#4105 = LINE('',#4106,#4107);
#4106 = CARTESIAN_POINT('',(0.,0.));
#4107 = VECTOR('',#4108,1.);
#4108 = DIRECTION('',(0.,1.));
#4109 = ( GEOMETRIC_REPRESENTATION_CONTEXT(2) 
PARAMETRIC_REPRESENTATION_CONTEXT() REPRESENTATION_CONTEXT('2D SPACE',''
  ) );
#4110 = ADVANCED_FACE('',(#4111),#1723,.T.);
#4111 = FACE_BOUND('',#4112,.T.);
#4112 = EDGE_LOOP('',(#4113,#4136,#4137,#4138,#4161,#4187,#4213,#4239));
#4113 = ORIENTED_EDGE('',*,*,#4114,.F.);
#4114 = EDGE_CURVE('',#1682,#4115,#4117,.T.);
#4115 = VERTEX_POINT('',#4116);
#4116 = CARTESIAN_POINT('',(262.,212.,0.));
#4117 = SURFACE_CURVE('',#4118,(#4122,#4129),.PCURVE_S1.);
#4118 = LINE('',#4119,#4120);
#4119 = CARTESIAN_POINT('',(262.,212.,-26.));
#4120 = VECTOR('',#4121,1.);
#4121 = DIRECTION('',(0.,0.,1.));
#4122 = PCURVE('',#1723,#4123);
#4123 = DEFINITIONAL_REPRESENTATION('',(#4124),#4128);
#4124 = LINE('',#4125,#4126);
#4125 = CARTESIAN_POINT('',(0.,524.));
#4126 = VECTOR('',#4127,1.);
#4127 = DIRECTION('',(1.,0.));
#4128 = ( GEOMETRIC_REPRESENTATION_CONTEXT(2) 
PARAMETRIC_REPRESENTATION_CONTEXT() REPRESENTATION_CONTEXT('2D SPACE',''
  ) );
#4129 = PCURVE('',#1697,#4130);
#4130 = DEFINITIONAL_REPRESENTATION('',(#4131),#4135);
#4131 = LINE('',#4132,#4133);
#4132 = CARTESIAN_POINT('',(0.,-424.));
#4133 = VECTOR('',#4134,1.);
#4134 = DIRECTION('',(1.,0.));
#4135 = ( GEOMETRIC_REPRESENTATION_CONTEXT(2) 
PARAMETRIC_REPRESENTATION_CONTEXT() REPRESENTATION_CONTEXT('2D SPACE',''
  ) );
#4136 = ORIENTED_EDGE('',*,*,#1709,.F.);
#4137 = ORIENTED_EDGE('',*,*,#4067,.T.);
#4138 = ORIENTED_EDGE('',*,*,#4139,.T.);
#4139 = EDGE_CURVE('',#4068,#4140,#4142,.T.);
#4140 = VERTEX_POINT('',#4141);
#4141 = CARTESIAN_POINT('',(-238.,212.,0.));
#4142 = SURFACE_CURVE('',#4143,(#4147,#4154),.PCURVE_S1.);
#4143 = LINE('',#4144,#4145);
#4144 = CARTESIAN_POINT('',(-262.,212.,0.));
#4145 = VECTOR('',#4146,1.);
#4146 = DIRECTION('',(1.,0.,-0.));
#4147 = PCURVE('',#1723,#4148);
#4148 = DEFINITIONAL_REPRESENTATION('',(#4149),#4153);
#4149 = LINE('',#4150,#4151);
#4150 = CARTESIAN_POINT('',(26.,0.));
#4151 = VECTOR('',#4152,1.);
#4152 = DIRECTION('',(0.,1.));
#4153 = ( GEOMETRIC_REPRESENTATION_CONTEXT(2) 
PARAMETRIC_REPRESENTATION_CONTEXT() REPRESENTATION_CONTEXT('2D SPACE',''
  ) );
#4154 = PCURVE('',#3371,#4155);
#4155 = DEFINITIONAL_REPRESENTATION('',(#4156),#4160);
#4156 = LINE('',#4157,#4158);
#4157 = CARTESIAN_POINT('',(0.,424.));
#4158 = VECTOR('',#4159,1.);
#4159 = DIRECTION('',(1.,0.));
#4160 = ( GEOMETRIC_REPRESENTATION_CONTEXT(2) 
PARAMETRIC_REPRESENTATION_CONTEXT() REPRESENTATION_CONTEXT('2D SPACE',''
  ) );
#4161 = ORIENTED_EDGE('',*,*,#4162,.T.);
#4162 = EDGE_CURVE('',#4140,#4163,#4165,.T.);
#4163 = VERTEX_POINT('',#4164);
#4164 = CARTESIAN_POINT('',(-238.,212.,-23.0434372436));
#4165 = SURFACE_CURVE('',#4166,(#4170,#4176),.PCURVE_S1.);
#4166 = LINE('',#4167,#4168);
#4167 = CARTESIAN_POINT('',(-238.,212.,-13.));
#4168 = VECTOR('',#4169,1.);
#4169 = DIRECTION('',(2.22044604925E-16,0.,-1.));
#4170 = PCURVE('',#1723,#4171);
#4171 = DEFINITIONAL_REPRESENTATION('',(#4172),#4175);
#4172 = B_SPLINE_CURVE_WITH_KNOTS('',1,(#4173,#4174),.UNSPECIFIED.,.F.,
  .F.,(2,2),(-13.,13.),.PIECEWISE_BEZIER_KNOTS.);
#4173 = CARTESIAN_POINT('',(26.,24.));
#4174 = CARTESIAN_POINT('',(0.,24.));
#4175 = ( GEOMETRIC_REPRESENTATION_CONTEXT(2) 
PARAMETRIC_REPRESENTATION_CONTEXT() REPRESENTATION_CONTEXT('2D SPACE',''
  ) );
#4176 = PCURVE('',#4177,#4182);
#4177 = PLANE('',#4178);
#4178 = AXIS2_PLACEMENT_3D('',#4179,#4180,#4181);
#4179 = CARTESIAN_POINT('',(-238.,125.,-5.284661597216E-14));
#4180 = DIRECTION('',(1.,0.,2.22044604925E-16));
#4181 = DIRECTION('',(2.22044604925E-16,0.,-1.));
#4182 = DEFINITIONAL_REPRESENTATION('',(#4183),#4186);
#4183 = B_SPLINE_CURVE_WITH_KNOTS('',1,(#4184,#4185),.UNSPECIFIED.,.F.,
  .F.,(2,2),(-13.,13.),.PIECEWISE_BEZIER_KNOTS.);
#4184 = CARTESIAN_POINT('',(-5.329070518201E-14,87.));
#4185 = CARTESIAN_POINT('',(26.,87.));
#4186 = ( GEOMETRIC_REPRESENTATION_CONTEXT(2) 
PARAMETRIC_REPRESENTATION_CONTEXT() REPRESENTATION_CONTEXT('2D SPACE',''
  ) );
#4187 = ORIENTED_EDGE('',*,*,#4188,.T.);
#4188 = EDGE_CURVE('',#4163,#4189,#4191,.T.);
#4189 = VERTEX_POINT('',#4190);
#4190 = CARTESIAN_POINT('',(238.,212.,-23.0434372436));
#4191 = SURFACE_CURVE('',#4192,(#4196,#4202),.PCURVE_S1.);
#4192 = LINE('',#4193,#4194);
#4193 = CARTESIAN_POINT('',(-238.,212.,-23.0434372436));
#4194 = VECTOR('',#4195,1.);
#4195 = DIRECTION('',(1.,0.,2.22044604925E-16));
#4196 = PCURVE('',#1723,#4197);
#4197 = DEFINITIONAL_REPRESENTATION('',(#4198),#4201);
#4198 = B_SPLINE_CURVE_WITH_KNOTS('',1,(#4199,#4200),.UNSPECIFIED.,.F.,
  .F.,(2,2),(-2.399999999625E-06,476.0000024),.PIECEWISE_BEZIER_KNOTS.);
#4199 = CARTESIAN_POINT('',(2.956562756394,23.9999976));
#4200 = CARTESIAN_POINT('',(2.956562756394,500.0000024));
#4201 = ( GEOMETRIC_REPRESENTATION_CONTEXT(2) 
PARAMETRIC_REPRESENTATION_CONTEXT() REPRESENTATION_CONTEXT('2D SPACE',''
  ) );
#4202 = PCURVE('',#4203,#4208);
#4203 = CYLINDRICAL_SURFACE('',#4204,90.);
#4204 = AXIS2_PLACEMENT_3D('',#4205,#4206,#4207);
#4205 = CARTESIAN_POINT('',(-238.,125.,-5.284661597216E-14));
#4206 = DIRECTION('',(1.,0.,2.22044604925E-16));
#4207 = DIRECTION('',(2.22044604925E-16,0.,-1.));
#4208 = DEFINITIONAL_REPRESENTATION('',(#4209),#4212);
#4209 = B_SPLINE_CURVE_WITH_KNOTS('',1,(#4210,#4211),.UNSPECIFIED.,.F.,
  .F.,(2,2),(-2.399999999625E-06,476.0000024),.PIECEWISE_BEZIER_KNOTS.);
#4210 = CARTESIAN_POINT('',(7.595060091968,-2.400000004742E-06));
#4211 = CARTESIAN_POINT('',(7.595060091968,476.0000024));
#4212 = ( GEOMETRIC_REPRESENTATION_CONTEXT(2) 
PARAMETRIC_REPRESENTATION_CONTEXT() REPRESENTATION_CONTEXT('2D SPACE',''
  ) );
#4213 = ORIENTED_EDGE('',*,*,#4214,.F.);
#4214 = EDGE_CURVE('',#4215,#4189,#4217,.T.);
#4215 = VERTEX_POINT('',#4216);
#4216 = CARTESIAN_POINT('',(238.,212.,0.));
#4217 = SURFACE_CURVE('',#4218,(#4222,#4228),.PCURVE_S1.);
#4218 = LINE('',#4219,#4220);
#4219 = CARTESIAN_POINT('',(238.,212.,-13.));
#4220 = VECTOR('',#4221,1.);
#4221 = DIRECTION('',(2.22044604925E-16,0.,-1.));
#4222 = PCURVE('',#1723,#4223);
#4223 = DEFINITIONAL_REPRESENTATION('',(#4224),#4227);
#4224 = B_SPLINE_CURVE_WITH_KNOTS('',1,(#4225,#4226),.UNSPECIFIED.,.F.,
  .F.,(2,2),(-13.,13.),.PIECEWISE_BEZIER_KNOTS.);
#4225 = CARTESIAN_POINT('',(26.,500.));
#4226 = CARTESIAN_POINT('',(0.,500.));
#4227 = ( GEOMETRIC_REPRESENTATION_CONTEXT(2) 
PARAMETRIC_REPRESENTATION_CONTEXT() REPRESENTATION_CONTEXT('2D SPACE',''
  ) );
#4228 = PCURVE('',#4229,#4234);
#4229 = PLANE('',#4230);
#4230 = AXIS2_PLACEMENT_3D('',#4231,#4232,#4233);
#4231 = CARTESIAN_POINT('',(238.,125.,5.284661597216E-14));
#4232 = DIRECTION('',(1.,0.,2.22044604925E-16));
#4233 = DIRECTION('',(2.22044604925E-16,0.,-1.));
#4234 = DEFINITIONAL_REPRESENTATION('',(#4235),#4238);
#4235 = B_SPLINE_CURVE_WITH_KNOTS('',1,(#4236,#4237),.UNSPECIFIED.,.F.,
  .F.,(2,2),(-13.,13.),.PIECEWISE_BEZIER_KNOTS.);
#4236 = CARTESIAN_POINT('',(5.329070518201E-14,87.));
#4237 = CARTESIAN_POINT('',(26.,87.));
#4238 = ( GEOMETRIC_REPRESENTATION_CONTEXT(2) 
PARAMETRIC_REPRESENTATION_CONTEXT() REPRESENTATION_CONTEXT('2D SPACE',''
  ) );
#4239 = ORIENTED_EDGE('',*,*,#4240,.T.);
#4240 = EDGE_CURVE('',#4215,#4115,#4241,.T.);
#4241 = SURFACE_CURVE('',#4242,(#4246,#4253),.PCURVE_S1.);
#4242 = LINE('',#4243,#4244);
#4243 = CARTESIAN_POINT('',(-262.,212.,0.));
#4244 = VECTOR('',#4245,1.);
#4245 = DIRECTION('',(1.,0.,-0.));
#4246 = PCURVE('',#1723,#4247);
#4247 = DEFINITIONAL_REPRESENTATION('',(#4248),#4252);
#4248 = LINE('',#4249,#4250);
#4249 = CARTESIAN_POINT('',(26.,0.));
#4250 = VECTOR('',#4251,1.);
#4251 = DIRECTION('',(0.,1.));
#4252 = ( GEOMETRIC_REPRESENTATION_CONTEXT(2) 
PARAMETRIC_REPRESENTATION_CONTEXT() REPRESENTATION_CONTEXT('2D SPACE',''
  ) );
#4253 = PCURVE('',#3371,#4254);
#4254 = DEFINITIONAL_REPRESENTATION('',(#4255),#4259);
#4255 = LINE('',#4256,#4257);
#4256 = CARTESIAN_POINT('',(0.,424.));
#4257 = VECTOR('',#4258,1.);
#4258 = DIRECTION('',(1.,0.));
#4259 = ( GEOMETRIC_REPRESENTATION_CONTEXT(2) 
PARAMETRIC_REPRESENTATION_CONTEXT() REPRESENTATION_CONTEXT('2D SPACE',''
  ) );
#4260 = ADVANCED_FACE('',(#4261),#1669,.F.);
#4261 = FACE_BOUND('',#4262,.F.);
#4262 = EDGE_LOOP('',(#4263,#4264,#4265,#4288));
#4263 = ORIENTED_EDGE('',*,*,#1653,.F.);
#4264 = ORIENTED_EDGE('',*,*,#4043,.T.);
#4265 = ORIENTED_EDGE('',*,*,#4266,.T.);
#4266 = EDGE_CURVE('',#4044,#4267,#4269,.T.);
#4267 = VERTEX_POINT('',#4268);
#4268 = CARTESIAN_POINT('',(262.,-212.,0.));
#4269 = SURFACE_CURVE('',#4270,(#4274,#4281),.PCURVE_S1.);
#4270 = LINE('',#4271,#4272);
#4271 = CARTESIAN_POINT('',(-262.,-212.,0.));
#4272 = VECTOR('',#4273,1.);
#4273 = DIRECTION('',(1.,0.,-0.));
#4274 = PCURVE('',#1669,#4275);
#4275 = DEFINITIONAL_REPRESENTATION('',(#4276),#4280);
#4276 = LINE('',#4277,#4278);
#4277 = CARTESIAN_POINT('',(26.,0.));
#4278 = VECTOR('',#4279,1.);
#4279 = DIRECTION('',(0.,1.));
#4280 = ( GEOMETRIC_REPRESENTATION_CONTEXT(2) 
PARAMETRIC_REPRESENTATION_CONTEXT() REPRESENTATION_CONTEXT('2D SPACE',''
  ) );
#4281 = PCURVE('',#3371,#4282);
#4282 = DEFINITIONAL_REPRESENTATION('',(#4283),#4287);
#4283 = LINE('',#4284,#4285);
#4284 = CARTESIAN_POINT('',(0.,0.));
#4285 = VECTOR('',#4286,1.);
#4286 = DIRECTION('',(1.,0.));
#4287 = ( GEOMETRIC_REPRESENTATION_CONTEXT(2) 
PARAMETRIC_REPRESENTATION_CONTEXT() REPRESENTATION_CONTEXT('2D SPACE',''
  ) );
#4288 = ORIENTED_EDGE('',*,*,#4289,.F.);
#4289 = EDGE_CURVE('',#1654,#4267,#4290,.T.);
#4290 = SURFACE_CURVE('',#4291,(#4295,#4302),.PCURVE_S1.);
#4291 = LINE('',#4292,#4293);
#4292 = CARTESIAN_POINT('',(262.,-212.,-26.));
#4293 = VECTOR('',#4294,1.);
#4294 = DIRECTION('',(0.,0.,1.));
#4295 = PCURVE('',#1669,#4296);
#4296 = DEFINITIONAL_REPRESENTATION('',(#4297),#4301);
#4297 = LINE('',#4298,#4299);
#4298 = CARTESIAN_POINT('',(0.,524.));
#4299 = VECTOR('',#4300,1.);
#4300 = DIRECTION('',(1.,0.));
#4301 = ( GEOMETRIC_REPRESENTATION_CONTEXT(2) 
PARAMETRIC_REPRESENTATION_CONTEXT() REPRESENTATION_CONTEXT('2D SPACE',''
  ) );
#4302 = PCURVE('',#1697,#4303);
#4303 = DEFINITIONAL_REPRESENTATION('',(#4304),#4308);
#4304 = LINE('',#4305,#4306);
#4305 = CARTESIAN_POINT('',(0.,0.));
#4306 = VECTOR('',#4307,1.);
#4307 = DIRECTION('',(1.,0.));
#4308 = ( GEOMETRIC_REPRESENTATION_CONTEXT(2) 
PARAMETRIC_REPRESENTATION_CONTEXT() REPRESENTATION_CONTEXT('2D SPACE',''
  ) );
#4309 = ADVANCED_FACE('',(#4310),#1697,.T.);
#4310 = FACE_BOUND('',#4311,.T.);
#4311 = EDGE_LOOP('',(#4312,#4313,#4314,#4315));
#4312 = ORIENTED_EDGE('',*,*,#4289,.F.);
#4313 = ORIENTED_EDGE('',*,*,#1681,.T.);
#4314 = ORIENTED_EDGE('',*,*,#4114,.T.);
#4315 = ORIENTED_EDGE('',*,*,#4316,.F.);
#4316 = EDGE_CURVE('',#4267,#4115,#4317,.T.);
#4317 = SURFACE_CURVE('',#4318,(#4322,#4329),.PCURVE_S1.);
#4318 = LINE('',#4319,#4320);
#4319 = CARTESIAN_POINT('',(262.,-212.,0.));
#4320 = VECTOR('',#4321,1.);
#4321 = DIRECTION('',(-0.,1.,0.));
#4322 = PCURVE('',#1697,#4323);
#4323 = DEFINITIONAL_REPRESENTATION('',(#4324),#4328);
#4324 = LINE('',#4325,#4326);
#4325 = CARTESIAN_POINT('',(26.,0.));
#4326 = VECTOR('',#4327,1.);
#4327 = DIRECTION('',(0.,-1.));
#4328 = ( GEOMETRIC_REPRESENTATION_CONTEXT(2) 
PARAMETRIC_REPRESENTATION_CONTEXT() REPRESENTATION_CONTEXT('2D SPACE',''
  ) );
#4329 = PCURVE('',#3371,#4330);
#4330 = DEFINITIONAL_REPRESENTATION('',(#4331),#4335);
#4331 = LINE('',#4332,#4333);
#4332 = CARTESIAN_POINT('',(524.,0.));
#4333 = VECTOR('',#4334,1.);
#4334 = DIRECTION('',(0.,1.));
#4335 = ( GEOMETRIC_REPRESENTATION_CONTEXT(2) 
PARAMETRIC_REPRESENTATION_CONTEXT() REPRESENTATION_CONTEXT('2D SPACE',''
  ) );
#4336 = ADVANCED_FACE('',(#4337),#1754,.F.);
#4337 = FACE_BOUND('',#4338,.F.);
#4338 = EDGE_LOOP('',(#4339,#4363,#4384,#4385));
#4339 = ORIENTED_EDGE('',*,*,#4340,.F.);
#4340 = EDGE_CURVE('',#4341,#4341,#4343,.T.);
#4341 = VERTEX_POINT('',#4342);
#4342 = CARTESIAN_POINT('',(-234.5,-1.592040838892E-15,0.));
#4343 = SURFACE_CURVE('',#4344,(#4349,#4356),.PCURVE_S1.);
#4344 = CIRCLE('',#4345,6.5);
#4345 = AXIS2_PLACEMENT_3D('',#4346,#4347,#4348);
#4346 = CARTESIAN_POINT('',(-241.,0.,0.));
#4347 = DIRECTION('',(0.,0.,1.));
#4348 = DIRECTION('',(1.,0.,-0.));
#4349 = PCURVE('',#1754,#4350);
#4350 = DEFINITIONAL_REPRESENTATION('',(#4351),#4355);
#4351 = LINE('',#4352,#4353);
#4352 = CARTESIAN_POINT('',(0.,28.));
#4353 = VECTOR('',#4354,1.);
#4354 = DIRECTION('',(1.,0.));
#4355 = ( GEOMETRIC_REPRESENTATION_CONTEXT(2) 
PARAMETRIC_REPRESENTATION_CONTEXT() REPRESENTATION_CONTEXT('2D SPACE',''
  ) );
#4356 = PCURVE('',#3371,#4357);
#4357 = DEFINITIONAL_REPRESENTATION('',(#4358),#4362);
#4358 = CIRCLE('',#4359,6.5);
#4359 = AXIS2_PLACEMENT_2D('',#4360,#4361);
#4360 = CARTESIAN_POINT('',(21.,212.));
#4361 = DIRECTION('',(1.,0.));
#4362 = ( GEOMETRIC_REPRESENTATION_CONTEXT(2) 
PARAMETRIC_REPRESENTATION_CONTEXT() REPRESENTATION_CONTEXT('2D SPACE',''
  ) );
#4363 = ORIENTED_EDGE('',*,*,#4364,.F.);
#4364 = EDGE_CURVE('',#1738,#4341,#4365,.T.);
#4365 = SEAM_CURVE('',#4366,(#4370,#4377),.PCURVE_S1.);
#4366 = LINE('',#4367,#4368);
#4367 = CARTESIAN_POINT('',(-234.5,-1.592040838892E-15,-28.));
#4368 = VECTOR('',#4369,1.);
#4369 = DIRECTION('',(0.,0.,1.));
#4370 = PCURVE('',#1754,#4371);
#4371 = DEFINITIONAL_REPRESENTATION('',(#4372),#4376);
#4372 = LINE('',#4373,#4374);
#4373 = CARTESIAN_POINT('',(6.28318530718,-0.));
#4374 = VECTOR('',#4375,1.);
#4375 = DIRECTION('',(0.,1.));
#4376 = ( GEOMETRIC_REPRESENTATION_CONTEXT(2) 
PARAMETRIC_REPRESENTATION_CONTEXT() REPRESENTATION_CONTEXT('2D SPACE',''
  ) );
#4377 = PCURVE('',#1754,#4378);
#4378 = DEFINITIONAL_REPRESENTATION('',(#4379),#4383);
#4379 = LINE('',#4380,#4381);
#4380 = CARTESIAN_POINT('',(0.,-0.));
#4381 = VECTOR('',#4382,1.);
#4382 = DIRECTION('',(0.,1.));
#4383 = ( GEOMETRIC_REPRESENTATION_CONTEXT(2) 
PARAMETRIC_REPRESENTATION_CONTEXT() REPRESENTATION_CONTEXT('2D SPACE',''
  ) );
#4384 = ORIENTED_EDGE('',*,*,#1737,.T.);
#4385 = ORIENTED_EDGE('',*,*,#4364,.T.);
#4386 = ADVANCED_FACE('',(#4387),#1785,.F.);
#4387 = FACE_BOUND('',#4388,.F.);
#4388 = EDGE_LOOP('',(#4389,#4413,#4434,#4435));
#4389 = ORIENTED_EDGE('',*,*,#4390,.F.);
#4390 = EDGE_CURVE('',#4391,#4391,#4393,.T.);
#4391 = VERTEX_POINT('',#4392);
#4392 = CARTESIAN_POINT('',(247.5,-1.592040838892E-15,0.));
#4393 = SURFACE_CURVE('',#4394,(#4399,#4406),.PCURVE_S1.);
#4394 = CIRCLE('',#4395,6.5);
#4395 = AXIS2_PLACEMENT_3D('',#4396,#4397,#4398);
#4396 = CARTESIAN_POINT('',(241.,0.,0.));
#4397 = DIRECTION('',(0.,0.,1.));
#4398 = DIRECTION('',(1.,0.,-0.));
#4399 = PCURVE('',#1785,#4400);
#4400 = DEFINITIONAL_REPRESENTATION('',(#4401),#4405);
#4401 = LINE('',#4402,#4403);
#4402 = CARTESIAN_POINT('',(0.,28.));
#4403 = VECTOR('',#4404,1.);
#4404 = DIRECTION('',(1.,0.));
#4405 = ( GEOMETRIC_REPRESENTATION_CONTEXT(2) 
PARAMETRIC_REPRESENTATION_CONTEXT() REPRESENTATION_CONTEXT('2D SPACE',''
  ) );
#4406 = PCURVE('',#3371,#4407);
#4407 = DEFINITIONAL_REPRESENTATION('',(#4408),#4412);
#4408 = CIRCLE('',#4409,6.5);
#4409 = AXIS2_PLACEMENT_2D('',#4410,#4411);
#4410 = CARTESIAN_POINT('',(503.,212.));
#4411 = DIRECTION('',(1.,0.));
#4412 = ( GEOMETRIC_REPRESENTATION_CONTEXT(2) 
PARAMETRIC_REPRESENTATION_CONTEXT() REPRESENTATION_CONTEXT('2D SPACE',''
  ) );
#4413 = ORIENTED_EDGE('',*,*,#4414,.F.);
#4414 = EDGE_CURVE('',#1769,#4391,#4415,.T.);
#4415 = SEAM_CURVE('',#4416,(#4420,#4427),.PCURVE_S1.);
#4416 = LINE('',#4417,#4418);
#4417 = CARTESIAN_POINT('',(247.5,-1.592040838892E-15,-28.));
#4418 = VECTOR('',#4419,1.);
#4419 = DIRECTION('',(0.,0.,1.));
#4420 = PCURVE('',#1785,#4421);
#4421 = DEFINITIONAL_REPRESENTATION('',(#4422),#4426);
#4422 = LINE('',#4423,#4424);
#4423 = CARTESIAN_POINT('',(6.28318530718,-0.));
#4424 = VECTOR('',#4425,1.);
#4425 = DIRECTION('',(0.,1.));
#4426 = ( GEOMETRIC_REPRESENTATION_CONTEXT(2) 
PARAMETRIC_REPRESENTATION_CONTEXT() REPRESENTATION_CONTEXT('2D SPACE',''
  ) );
#4427 = PCURVE('',#1785,#4428);
#4428 = DEFINITIONAL_REPRESENTATION('',(#4429),#4433);
#4429 = LINE('',#4430,#4431);
#4430 = CARTESIAN_POINT('',(0.,-0.));
#4431 = VECTOR('',#4432,1.);
#4432 = DIRECTION('',(0.,1.));
#4433 = ( GEOMETRIC_REPRESENTATION_CONTEXT(2) 
PARAMETRIC_REPRESENTATION_CONTEXT() REPRESENTATION_CONTEXT('2D SPACE',''
  ) );
#4434 = ORIENTED_EDGE('',*,*,#1768,.T.);
#4435 = ORIENTED_EDGE('',*,*,#4414,.T.);
#4436 = ADVANCED_FACE('',(#4437,#4684),#2154,.F.);
#4437 = FACE_BOUND('',#4438,.F.);
#4438 = EDGE_LOOP('',(#4439,#4470,#4496,#4529,#4550,#4571,#4572,#4573,
    #4574,#4597,#4618,#4639,#4640,#4641,#4642,#4665));
#4439 = ORIENTED_EDGE('',*,*,#4440,.F.);
#4440 = EDGE_CURVE('',#4441,#4443,#4445,.T.);
#4441 = VERTEX_POINT('',#4442);
#4442 = CARTESIAN_POINT('',(-204.,-154.,-34.40930106817));
#4443 = VERTEX_POINT('',#4444);
#4444 = CARTESIAN_POINT('',(-204.,-80.,0.));
#4445 = SURFACE_CURVE('',#4446,(#4451,#4458),.PCURVE_S1.);
#4446 = CIRCLE('',#4447,45.);
#4447 = AXIS2_PLACEMENT_3D('',#4448,#4449,#4450);
#4448 = CARTESIAN_POINT('',(-204.,-125.,-4.529709940471E-14));
#4449 = DIRECTION('',(1.,0.,0.));
#4450 = DIRECTION('',(0.,-0.644444444444,-0.764651134848));
#4451 = PCURVE('',#2154,#4452);
#4452 = DEFINITIONAL_REPRESENTATION('',(#4453),#4457);
#4453 = LINE('',#4454,#4455);
#4454 = CARTESIAN_POINT('',(5.582888794339,36.));
#4455 = VECTOR('',#4456,1.);
#4456 = DIRECTION('',(1.,0.));
#4457 = ( GEOMETRIC_REPRESENTATION_CONTEXT(2) 
PARAMETRIC_REPRESENTATION_CONTEXT() REPRESENTATION_CONTEXT('2D SPACE',''
  ) );
#4458 = PCURVE('',#4459,#4464);
#4459 = PLANE('',#4460);
#4460 = AXIS2_PLACEMENT_3D('',#4461,#4462,#4463);
#4461 = CARTESIAN_POINT('',(-204.,-154.,-204.));
#4462 = DIRECTION('',(1.,0.,-0.));
#4463 = DIRECTION('',(0.,0.,1.));
#4464 = DEFINITIONAL_REPRESENTATION('',(#4465),#4469);
#4465 = CIRCLE('',#4466,45.);
#4466 = AXIS2_PLACEMENT_2D('',#4467,#4468);
#4467 = CARTESIAN_POINT('',(204.,-29.));
#4468 = DIRECTION('',(-0.764651134848,0.644444444444));
#4469 = ( GEOMETRIC_REPRESENTATION_CONTEXT(2) 
PARAMETRIC_REPRESENTATION_CONTEXT() REPRESENTATION_CONTEXT('2D SPACE',''
  ) );
#4470 = ORIENTED_EDGE('',*,*,#4471,.T.);
#4471 = EDGE_CURVE('',#4441,#4472,#4474,.T.);
#4472 = VERTEX_POINT('',#4473);
#4473 = CARTESIAN_POINT('',(204.,-154.,-34.40930106817));
#4474 = SURFACE_CURVE('',#4475,(#4479,#4485),.PCURVE_S1.);
#4475 = LINE('',#4476,#4477);
#4476 = CARTESIAN_POINT('',(-240.,-154.,-34.40930106817));
#4477 = VECTOR('',#4478,1.);
#4478 = DIRECTION('',(1.,0.,2.22044604925E-16));
#4479 = PCURVE('',#2154,#4480);
#4480 = DEFINITIONAL_REPRESENTATION('',(#4481),#4484);
#4481 = B_SPLINE_CURVE_WITH_KNOTS('',1,(#4482,#4483),.UNSPECIFIED.,.F.,
  .F.,(2,2),(36.,444.),.PIECEWISE_BEZIER_KNOTS.);
#4482 = CARTESIAN_POINT('',(5.582888794339,36.));
#4483 = CARTESIAN_POINT('',(5.582888794339,444.));
#4484 = ( GEOMETRIC_REPRESENTATION_CONTEXT(2) 
PARAMETRIC_REPRESENTATION_CONTEXT() REPRESENTATION_CONTEXT('2D SPACE',''
  ) );
#4485 = PCURVE('',#4486,#4491);
#4486 = PLANE('',#4487);
#4487 = AXIS2_PLACEMENT_3D('',#4488,#4489,#4490);
#4488 = CARTESIAN_POINT('',(-204.,-154.,-204.));
#4489 = DIRECTION('',(-0.,1.,0.));
#4490 = DIRECTION('',(0.,0.,1.));
#4491 = DEFINITIONAL_REPRESENTATION('',(#4492),#4495);
#4492 = B_SPLINE_CURVE_WITH_KNOTS('',1,(#4493,#4494),.UNSPECIFIED.,.F.,
  .F.,(2,2),(-5.999999928008E-07,480.0000006),.PIECEWISE_BEZIER_KNOTS.);
#4493 = CARTESIAN_POINT('',(169.59069893182,-36.0000006));
#4494 = CARTESIAN_POINT('',(169.59069893183,444.0000006));
#4495 = ( GEOMETRIC_REPRESENTATION_CONTEXT(2) 
PARAMETRIC_REPRESENTATION_CONTEXT() REPRESENTATION_CONTEXT('2D SPACE',''
  ) );
#4496 = ORIENTED_EDGE('',*,*,#4497,.F.);
#4497 = EDGE_CURVE('',#4498,#4472,#4500,.T.);
#4498 = VERTEX_POINT('',#4499);
#4499 = CARTESIAN_POINT('',(204.,-80.,0.));
#4500 = SURFACE_CURVE('',#4501,(#4506,#4513),.PCURVE_S1.);
#4501 = CIRCLE('',#4502,45.);
#4502 = AXIS2_PLACEMENT_3D('',#4503,#4504,#4505);
#4503 = CARTESIAN_POINT('',(204.,-125.,4.529709940471E-14));
#4504 = DIRECTION('',(-1.,0.,0.));
#4505 = DIRECTION('',(0.,1.,-1.006602208993E-15));
#4506 = PCURVE('',#2154,#4507);
#4507 = DEFINITIONAL_REPRESENTATION('',(#4508),#4512);
#4508 = LINE('',#4509,#4510);
#4509 = CARTESIAN_POINT('',(7.853981633974,444.));
#4510 = VECTOR('',#4511,1.);
#4511 = DIRECTION('',(-1.,-0.));
#4512 = ( GEOMETRIC_REPRESENTATION_CONTEXT(2) 
PARAMETRIC_REPRESENTATION_CONTEXT() REPRESENTATION_CONTEXT('2D SPACE',''
  ) );
#4513 = PCURVE('',#4514,#4519);
#4514 = PLANE('',#4515);
#4515 = AXIS2_PLACEMENT_3D('',#4516,#4517,#4518);
#4516 = CARTESIAN_POINT('',(204.,-154.,-204.));
#4517 = DIRECTION('',(1.,0.,-0.));
#4518 = DIRECTION('',(0.,0.,1.));
#4519 = DEFINITIONAL_REPRESENTATION('',(#4520),#4528);
#4520 = ( BOUNDED_CURVE() B_SPLINE_CURVE(2,(#4521,#4522,#4523,#4524,
#4525,#4526,#4527),.UNSPECIFIED.,.T.,.F.) B_SPLINE_CURVE_WITH_KNOTS((1,2
    ,2,2,2,1),(-2.094395102393,0.,2.094395102393,4.188790204786,
6.28318530718,8.377580409573),.UNSPECIFIED.) CURVE() 
GEOMETRIC_REPRESENTATION_ITEM() RATIONAL_B_SPLINE_CURVE((1.,0.5,1.,0.5,
1.,0.5,1.)) REPRESENTATION_ITEM('') );
#4521 = CARTESIAN_POINT('',(204.,-74.));
#4522 = CARTESIAN_POINT('',(126.0577136594,-74.));
#4523 = CARTESIAN_POINT('',(165.0288568297,-6.5));
#4524 = CARTESIAN_POINT('',(204.,61.));
#4525 = CARTESIAN_POINT('',(242.9711431703,-6.5));
#4526 = CARTESIAN_POINT('',(281.94228634059,-74.));
#4527 = CARTESIAN_POINT('',(204.,-74.));
#4528 = ( GEOMETRIC_REPRESENTATION_CONTEXT(2) 
PARAMETRIC_REPRESENTATION_CONTEXT() REPRESENTATION_CONTEXT('2D SPACE',''
  ) );
#4529 = ORIENTED_EDGE('',*,*,#4530,.T.);
#4530 = EDGE_CURVE('',#4498,#4531,#4533,.T.);
#4531 = VERTEX_POINT('',#4532);
#4532 = CARTESIAN_POINT('',(240.,-80.,5.752137757939E-16));
#4533 = SURFACE_CURVE('',#4534,(#4538,#4544),.PCURVE_S1.);
#4534 = LINE('',#4535,#4536);
#4535 = CARTESIAN_POINT('',(-240.,-80.,0.));
#4536 = VECTOR('',#4537,1.);
#4537 = DIRECTION('',(1.,0.,2.22044604925E-16));
#4538 = PCURVE('',#2154,#4539);
#4539 = DEFINITIONAL_REPRESENTATION('',(#4540),#4543);
#4540 = B_SPLINE_CURVE_WITH_KNOTS('',1,(#4541,#4542),.UNSPECIFIED.,.F.,
  .F.,(2,2),(444.,480.),.PIECEWISE_BEZIER_KNOTS.);
#4541 = CARTESIAN_POINT('',(7.853981633974,444.));
#4542 = CARTESIAN_POINT('',(7.853981633974,480.));
#4543 = ( GEOMETRIC_REPRESENTATION_CONTEXT(2) 
PARAMETRIC_REPRESENTATION_CONTEXT() REPRESENTATION_CONTEXT('2D SPACE',''
  ) );
#4544 = PCURVE('',#3371,#4545);
#4545 = DEFINITIONAL_REPRESENTATION('',(#4546),#4549);
#4546 = B_SPLINE_CURVE_WITH_KNOTS('',1,(#4547,#4548),.UNSPECIFIED.,.F.,
  .F.,(2,2),(-5.999999928008E-07,480.0000006),.PIECEWISE_BEZIER_KNOTS.);
#4547 = CARTESIAN_POINT('',(21.9999994,132.));
#4548 = CARTESIAN_POINT('',(502.0000006,132.));
#4549 = ( GEOMETRIC_REPRESENTATION_CONTEXT(2) 
PARAMETRIC_REPRESENTATION_CONTEXT() REPRESENTATION_CONTEXT('2D SPACE',''
  ) );
#4550 = ORIENTED_EDGE('',*,*,#4551,.F.);
#4551 = EDGE_CURVE('',#2140,#4531,#4552,.T.);
#4552 = SURFACE_CURVE('',#4553,(#4558,#4564),.PCURVE_S1.);
#4553 = CIRCLE('',#4554,45.);
#4554 = AXIS2_PLACEMENT_3D('',#4555,#4556,#4557);
#4555 = CARTESIAN_POINT('',(240.,-125.,5.329070518201E-14));
#4556 = DIRECTION('',(1.,-0.,2.22044604925E-16));
#4557 = DIRECTION('',(2.22044604925E-16,0.,-1.));
#4558 = PCURVE('',#2154,#4559);
#4559 = DEFINITIONAL_REPRESENTATION('',(#4560),#4563);
#4560 = B_SPLINE_CURVE_WITH_KNOTS('',1,(#4561,#4562),.UNSPECIFIED.,.F.,
  .F.,(2,2),(0.954792932189,1.570796326795),.PIECEWISE_BEZIER_KNOTS.);
#4561 = CARTESIAN_POINT('',(7.237978239368,480.));
#4562 = CARTESIAN_POINT('',(7.853981633974,480.));
#4563 = ( GEOMETRIC_REPRESENTATION_CONTEXT(2) 
PARAMETRIC_REPRESENTATION_CONTEXT() REPRESENTATION_CONTEXT('2D SPACE',''
  ) );
#4564 = PCURVE('',#2180,#4565);
#4565 = DEFINITIONAL_REPRESENTATION('',(#4566),#4570);
#4566 = CIRCLE('',#4567,45.);
#4567 = AXIS2_PLACEMENT_2D('',#4568,#4569);
#4568 = CARTESIAN_POINT('',(0.,0.));
#4569 = DIRECTION('',(1.,0.));
#4570 = ( GEOMETRIC_REPRESENTATION_CONTEXT(2) 
PARAMETRIC_REPRESENTATION_CONTEXT() REPRESENTATION_CONTEXT('2D SPACE',''
  ) );
#4571 = ORIENTED_EDGE('',*,*,#2139,.F.);
#4572 = ORIENTED_EDGE('',*,*,#3985,.T.);
#4573 = ORIENTED_EDGE('',*,*,#2191,.T.);
#4574 = ORIENTED_EDGE('',*,*,#4575,.F.);
#4575 = EDGE_CURVE('',#4576,#2166,#4578,.T.);
#4576 = VERTEX_POINT('',#4577);
#4577 = CARTESIAN_POINT('',(240.,-170.,2.158904218975E-14));
#4578 = SURFACE_CURVE('',#4579,(#4584,#4590),.PCURVE_S1.);
#4579 = CIRCLE('',#4580,45.);
#4580 = AXIS2_PLACEMENT_3D('',#4581,#4582,#4583);
#4581 = CARTESIAN_POINT('',(240.,-125.,5.329070518201E-14));
#4582 = DIRECTION('',(1.,-0.,2.22044604925E-16));
#4583 = DIRECTION('',(2.22044604925E-16,0.,-1.));
#4584 = PCURVE('',#2154,#4585);
#4585 = DEFINITIONAL_REPRESENTATION('',(#4586),#4589);
#4586 = B_SPLINE_CURVE_WITH_KNOTS('',1,(#4587,#4588),.UNSPECIFIED.,.F.,
  .F.,(2,2),(4.712388980385,5.328392374991),.PIECEWISE_BEZIER_KNOTS.);
#4587 = CARTESIAN_POINT('',(4.712388980385,480.));
#4588 = CARTESIAN_POINT('',(5.328392374991,480.));
#4589 = ( GEOMETRIC_REPRESENTATION_CONTEXT(2) 
PARAMETRIC_REPRESENTATION_CONTEXT() REPRESENTATION_CONTEXT('2D SPACE',''
  ) );
#4590 = PCURVE('',#2180,#4591);
#4591 = DEFINITIONAL_REPRESENTATION('',(#4592),#4596);
#4592 = CIRCLE('',#4593,45.);
#4593 = AXIS2_PLACEMENT_2D('',#4594,#4595);
#4594 = CARTESIAN_POINT('',(0.,0.));
#4595 = DIRECTION('',(1.,0.));
#4596 = ( GEOMETRIC_REPRESENTATION_CONTEXT(2) 
PARAMETRIC_REPRESENTATION_CONTEXT() REPRESENTATION_CONTEXT('2D SPACE',''
  ) );
#4597 = ORIENTED_EDGE('',*,*,#4598,.F.);
#4598 = EDGE_CURVE('',#4599,#4576,#4601,.T.);
#4599 = VERTEX_POINT('',#4600);
#4600 = CARTESIAN_POINT('',(-240.,-170.,-5.056310401257E-15));
#4601 = SURFACE_CURVE('',#4602,(#4606,#4612),.PCURVE_S1.);
#4602 = LINE('',#4603,#4604);
#4603 = CARTESIAN_POINT('',(-240.,-170.,0.));
#4604 = VECTOR('',#4605,1.);
#4605 = DIRECTION('',(1.,0.,2.22044604925E-16));
#4606 = PCURVE('',#2154,#4607);
#4607 = DEFINITIONAL_REPRESENTATION('',(#4608),#4611);
#4608 = B_SPLINE_CURVE_WITH_KNOTS('',1,(#4609,#4610),.UNSPECIFIED.,.F.,
  .F.,(2,2),(-1.122726445425E-30,480.),.PIECEWISE_BEZIER_KNOTS.);
#4609 = CARTESIAN_POINT('',(4.712388980385,1.071018713289E-29));
#4610 = CARTESIAN_POINT('',(4.712388980385,480.));
#4611 = ( GEOMETRIC_REPRESENTATION_CONTEXT(2) 
PARAMETRIC_REPRESENTATION_CONTEXT() REPRESENTATION_CONTEXT('2D SPACE',''
  ) );
#4612 = PCURVE('',#3371,#4613);
#4613 = DEFINITIONAL_REPRESENTATION('',(#4614),#4617);
#4614 = B_SPLINE_CURVE_WITH_KNOTS('',1,(#4615,#4616),.UNSPECIFIED.,.F.,
  .F.,(2,2),(-5.999999928008E-07,480.0000006),.PIECEWISE_BEZIER_KNOTS.);
#4615 = CARTESIAN_POINT('',(21.9999994,42.));
#4616 = CARTESIAN_POINT('',(502.0000006,42.));
#4617 = ( GEOMETRIC_REPRESENTATION_CONTEXT(2) 
PARAMETRIC_REPRESENTATION_CONTEXT() REPRESENTATION_CONTEXT('2D SPACE',''
  ) );
#4618 = ORIENTED_EDGE('',*,*,#4619,.T.);
#4619 = EDGE_CURVE('',#4599,#2392,#4620,.T.);
#4620 = SURFACE_CURVE('',#4621,(#4626,#4632),.PCURVE_S1.);
#4621 = CIRCLE('',#4622,45.);
#4622 = AXIS2_PLACEMENT_3D('',#4623,#4624,#4625);
#4623 = CARTESIAN_POINT('',(-240.,-125.,-5.329070518201E-14));
#4624 = DIRECTION('',(1.,-0.,2.22044604925E-16));
#4625 = DIRECTION('',(2.22044604925E-16,0.,-1.));
#4626 = PCURVE('',#2154,#4627);
#4627 = DEFINITIONAL_REPRESENTATION('',(#4628),#4631);
#4628 = B_SPLINE_CURVE_WITH_KNOTS('',1,(#4629,#4630),.UNSPECIFIED.,.F.,
  .F.,(2,2),(4.712388980385,5.328392374991),.PIECEWISE_BEZIER_KNOTS.);
#4629 = CARTESIAN_POINT('',(4.712388980385,0.));
#4630 = CARTESIAN_POINT('',(5.328392374991,0.));
#4631 = ( GEOMETRIC_REPRESENTATION_CONTEXT(2) 
PARAMETRIC_REPRESENTATION_CONTEXT() REPRESENTATION_CONTEXT('2D SPACE',''
  ) );
#4632 = PCURVE('',#2427,#4633);
#4633 = DEFINITIONAL_REPRESENTATION('',(#4634),#4638);
#4634 = CIRCLE('',#4635,45.);
#4635 = AXIS2_PLACEMENT_2D('',#4636,#4637);
#4636 = CARTESIAN_POINT('',(0.,0.));
#4637 = DIRECTION('',(1.,0.));
#4638 = ( GEOMETRIC_REPRESENTATION_CONTEXT(2) 
PARAMETRIC_REPRESENTATION_CONTEXT() REPRESENTATION_CONTEXT('2D SPACE',''
  ) );
#4639 = ORIENTED_EDGE('',*,*,#2391,.T.);
#4640 = ORIENTED_EDGE('',*,*,#4018,.T.);
#4641 = ORIENTED_EDGE('',*,*,#2438,.F.);
#4642 = ORIENTED_EDGE('',*,*,#4643,.T.);
#4643 = EDGE_CURVE('',#2413,#4644,#4646,.T.);
#4644 = VERTEX_POINT('',#4645);
#4645 = CARTESIAN_POINT('',(-240.,-80.,-6.086124371957E-15));
#4646 = SURFACE_CURVE('',#4647,(#4652,#4658),.PCURVE_S1.);
#4647 = CIRCLE('',#4648,45.);
#4648 = AXIS2_PLACEMENT_3D('',#4649,#4650,#4651);
#4649 = CARTESIAN_POINT('',(-240.,-125.,-5.329070518201E-14));
#4650 = DIRECTION('',(1.,-0.,2.22044604925E-16));
#4651 = DIRECTION('',(2.22044604925E-16,0.,-1.));
#4652 = PCURVE('',#2154,#4653);
#4653 = DEFINITIONAL_REPRESENTATION('',(#4654),#4657);
#4654 = B_SPLINE_CURVE_WITH_KNOTS('',1,(#4655,#4656),.UNSPECIFIED.,.F.,
  .F.,(2,2),(0.954792932189,1.570796326795),.PIECEWISE_BEZIER_KNOTS.);
#4655 = CARTESIAN_POINT('',(7.237978239368,0.));
#4656 = CARTESIAN_POINT('',(7.853981633974,0.));
#4657 = ( GEOMETRIC_REPRESENTATION_CONTEXT(2) 
PARAMETRIC_REPRESENTATION_CONTEXT() REPRESENTATION_CONTEXT('2D SPACE',''
  ) );
#4658 = PCURVE('',#2427,#4659);
#4659 = DEFINITIONAL_REPRESENTATION('',(#4660),#4664);
#4660 = CIRCLE('',#4661,45.);
#4661 = AXIS2_PLACEMENT_2D('',#4662,#4663);
#4662 = CARTESIAN_POINT('',(0.,0.));
#4663 = DIRECTION('',(1.,0.));
#4664 = ( GEOMETRIC_REPRESENTATION_CONTEXT(2) 
PARAMETRIC_REPRESENTATION_CONTEXT() REPRESENTATION_CONTEXT('2D SPACE',''
  ) );
#4665 = ORIENTED_EDGE('',*,*,#4666,.T.);
#4666 = EDGE_CURVE('',#4644,#4443,#4667,.T.);
#4667 = SURFACE_CURVE('',#4668,(#4672,#4678),.PCURVE_S1.);
#4668 = LINE('',#4669,#4670);
#4669 = CARTESIAN_POINT('',(-240.,-80.,0.));
#4670 = VECTOR('',#4671,1.);
#4671 = DIRECTION('',(1.,0.,2.22044604925E-16));
#4672 = PCURVE('',#2154,#4673);
#4673 = DEFINITIONAL_REPRESENTATION('',(#4674),#4677);
#4674 = B_SPLINE_CURVE_WITH_KNOTS('',1,(#4675,#4676),.UNSPECIFIED.,.F.,
  .F.,(2,2),(-1.351391081696E-30,36.),.PIECEWISE_BEZIER_KNOTS.);
#4675 = CARTESIAN_POINT('',(7.853981633974,1.048152249662E-29));
#4676 = CARTESIAN_POINT('',(7.853981633974,36.));
#4677 = ( GEOMETRIC_REPRESENTATION_CONTEXT(2) 
PARAMETRIC_REPRESENTATION_CONTEXT() REPRESENTATION_CONTEXT('2D SPACE',''
  ) );
#4678 = PCURVE('',#3371,#4679);
#4679 = DEFINITIONAL_REPRESENTATION('',(#4680),#4683);
#4680 = B_SPLINE_CURVE_WITH_KNOTS('',1,(#4681,#4682),.UNSPECIFIED.,.F.,
  .F.,(2,2),(-5.999999928008E-07,480.0000006),.PIECEWISE_BEZIER_KNOTS.);
#4681 = CARTESIAN_POINT('',(21.9999994,132.));
#4682 = CARTESIAN_POINT('',(502.0000006,132.));
#4683 = ( GEOMETRIC_REPRESENTATION_CONTEXT(2) 
PARAMETRIC_REPRESENTATION_CONTEXT() REPRESENTATION_CONTEXT('2D SPACE',''
  ) );
#4684 = FACE_BOUND('',#4685,.F.);
#4685 = EDGE_LOOP('',(#4686,#4788));
#4686 = ORIENTED_EDGE('',*,*,#4687,.F.);
#4687 = EDGE_CURVE('',#4688,#4690,#4692,.T.);
#4688 = VERTEX_POINT('',#4689);
#4689 = CARTESIAN_POINT('',(6.36140942066,-160.,-28.28427124746));
#4690 = VERTEX_POINT('',#4691);
#4691 = CARTESIAN_POINT('',(-6.36140942066,-160.,-28.28427124746));
#4692 = SURFACE_CURVE('',#4693,(#4721,#4752),.PCURVE_S1.);
#4693 = B_SPLINE_CURVE_WITH_KNOTS('',6,(#4694,#4695,#4696,#4697,#4698,
    #4699,#4700,#4701,#4702,#4703,#4704,#4705,#4706,#4707,#4708,#4709,
    #4710,#4711,#4712,#4713,#4714,#4715,#4716,#4717,#4718,#4719,#4720),
  .UNSPECIFIED.,.F.,.F.,(7,5,5,5,5,7),(0.,0.248728497781,0.499198768435,
    0.670877867062,0.751841000058,1.),.UNSPECIFIED.);
#4694 = CARTESIAN_POINT('',(6.361410321189,-159.9999994,-28.28427198992)
  );
#4695 = CARTESIAN_POINT('',(5.930265225773,-160.287260565,
    -27.92880444929));
#4696 = CARTESIAN_POINT('',(5.470998281899,-160.5468535468,
    -27.59871296316));
#4697 = CARTESIAN_POINT('',(4.986041417074,-160.7778731135,
    -27.29781534128));
#4698 = CARTESIAN_POINT('',(4.478673900079,-160.9798211784,
    -27.02951822183));
#4699 = CARTESIAN_POINT('',(3.95291137095,-161.152528623,-26.79652368927
    ));
#4700 = CARTESIAN_POINT('',(2.870067350148,-161.440720014,
    -26.40329073907));
#4701 = CARTESIAN_POINT('',(2.312528207224,-161.5558656006,
    -26.24347698617));
#4702 = CARTESIAN_POINT('',(1.744123484345,-161.6419906672,
    -26.12253325774));
#4703 = CARTESIAN_POINT('',(1.168452231722,-161.6994139109,
    -26.04142063349));
#4704 = CARTESIAN_POINT('',(0.589243794477,-161.7283115925,
    -26.00059861015));
#4705 = CARTESIAN_POINT('',(-0.386611266339,-161.7290195302,
    -25.99959854683));
#4706 = CARTESIAN_POINT('',(-0.78353168217,-161.7159282285,
    -26.01809170215));
#4707 = CARTESIAN_POINT('',(-1.179341357967,-161.6894543251,
    -26.05549234199));
#4708 = CARTESIAN_POINT('',(-1.5728845023,-161.6495547526,
    -26.11170698865));
#4709 = CARTESIAN_POINT('',(-1.96302213781,-161.5961486073,
    -26.18654389365));
#4710 = CARTESIAN_POINT('',(-2.530485272587,-161.4975080999,
    -26.32365537732));
#4711 = CARTESIAN_POINT('',(-2.711324451606,-161.462868523,
    -26.37167110575));
#4712 = CARTESIAN_POINT('',(-2.891018479141,-161.4251909732,
    -26.42372862482));
#4713 = CARTESIAN_POINT('',(-3.06943845646,-161.3844660091,
    -26.47978716577));
#4714 = CARTESIAN_POINT('',(-3.246458528129,-161.3406840295,
    -26.53979962114));
#4715 = CARTESIAN_POINT('',(-3.959870439139,-161.1502397858,
    -26.79961117935));
#4716 = CARTESIAN_POINT('',(-4.484045201046,-160.9776815814,
    -27.0323604857));
#4717 = CARTESIAN_POINT('',(-4.989893775662,-160.7760374933,
    -27.30020607346));
#4718 = CARTESIAN_POINT('',(-5.473433379465,-160.5454772761,
    -27.60046301779));
#4719 = CARTESIAN_POINT('',(-5.931410360062,-160.2864975907,
    -27.92974858173));
#4720 = CARTESIAN_POINT('',(-6.361410321189,-159.9999994,-28.28427198992
    ));
#4721 = PCURVE('',#2154,#4722);
#4722 = DEFINITIONAL_REPRESENTATION('',(#4723),#4751);
#4723 = B_SPLINE_CURVE_WITH_KNOTS('',6,(#4724,#4725,#4726,#4727,#4728,
    #4729,#4730,#4731,#4732,#4733,#4734,#4735,#4736,#4737,#4738,#4739,
    #4740,#4741,#4742,#4743,#4744,#4745,#4746,#4747,#4748,#4749,#4750),
  .UNSPECIFIED.,.F.,.F.,(7,5,5,5,5,7),(0.,0.248728497781,0.499198768435,
    0.670877867062,0.751841000058,1.),.UNSPECIFIED.);
#4724 = CARTESIAN_POINT('',(5.392062820506,246.36141032118));
#4725 = CARTESIAN_POINT('',(5.381906604885,245.93026522577));
#4726 = CARTESIAN_POINT('',(5.372575445673,245.4709982819));
#4727 = CARTESIAN_POINT('',(5.364146078053,244.98604141707));
#4728 = CARTESIAN_POINT('',(5.356684018893,244.47867390007));
#4729 = CARTESIAN_POINT('',(5.350239122257,243.95291137095));
#4730 = CARTESIAN_POINT('',(5.339405101061,242.87006735014));
#4731 = CARTESIAN_POINT('',(5.335028034607,242.31252820722));
#4732 = CARTESIAN_POINT('',(5.331728599855,241.74412348434));
#4733 = CARTESIAN_POINT('',(5.329520120259,241.16845223172));
#4734 = CARTESIAN_POINT('',(5.328408673135,240.58924379447));
#4735 = CARTESIAN_POINT('',(5.328381444769,239.61338873366));
#4736 = CARTESIAN_POINT('',(5.328884951832,239.21646831783));
#4737 = CARTESIAN_POINT('',(5.329903226422,238.82065864203));
#4738 = CARTESIAN_POINT('',(5.331435115431,238.4271154977));
#4739 = CARTESIAN_POINT('',(5.333478190378,238.03697786218));
#4740 = CARTESIAN_POINT('',(5.337231674927,237.46951472741));
#4741 = CARTESIAN_POINT('',(5.338547374321,237.28867554839));
#4742 = CARTESIAN_POINT('',(5.339975411954,237.10898152085));
#4743 = CARTESIAN_POINT('',(5.341515181698,236.93056154354));
#4744 = CARTESIAN_POINT('',(5.343165969947,236.75354147187));
#4745 = CARTESIAN_POINT('',(5.350324528866,236.04012956086));
#4746 = CARTESIAN_POINT('',(5.356763072681,235.51595479895));
#4747 = CARTESIAN_POINT('',(5.364213053534,235.01010622433));
#4748 = CARTESIAN_POINT('',(5.37262491662,234.52656662053));
#4749 = CARTESIAN_POINT('',(5.381933580098,234.06858963993));
#4750 = CARTESIAN_POINT('',(5.392062820506,233.63858967881));
#4751 = ( GEOMETRIC_REPRESENTATION_CONTEXT(2) 
PARAMETRIC_REPRESENTATION_CONTEXT() REPRESENTATION_CONTEXT('2D SPACE',''
  ) );
#4752 = PCURVE('',#4753,#4758);
#4753 = CYLINDRICAL_SURFACE('',#4754,10.);
#4754 = AXIS2_PLACEMENT_3D('',#4755,#4756,#4757);
#4755 = CARTESIAN_POINT('',(0.,-160.,-36.));
#4756 = DIRECTION('',(0.,-1.,2.22044604925E-16));
#4757 = DIRECTION('',(1.,0.,0.));
#4758 = DEFINITIONAL_REPRESENTATION('',(#4759),#4787);
#4759 = B_SPLINE_CURVE_WITH_KNOTS('',6,(#4760,#4761,#4762,#4763,#4764,
    #4765,#4766,#4767,#4768,#4769,#4770,#4771,#4772,#4773,#4774,#4775,
    #4776,#4777,#4778,#4779,#4780,#4781,#4782,#4783,#4784,#4785,#4786),
  .UNSPECIFIED.,.F.,.F.,(7,5,5,5,5,7),(0.,0.248728497781,0.499198768435,
    0.670877867062,0.751841000058,1.),.UNSPECIFIED.);
#4760 = CARTESIAN_POINT('',(0.881309867452,-6.E-07));
#4761 = CARTESIAN_POINT('',(0.937188599161,0.287260565003));
#4762 = CARTESIAN_POINT('',(0.993622856989,0.546853546822));
#4763 = CARTESIAN_POINT('',(1.050496217779,0.777873113543));
#4764 = CARTESIAN_POINT('',(1.107684181155,0.979821178489));
#4765 = CARTESIAN_POINT('',(1.165055725432,1.152528623061));
#4766 = CARTESIAN_POINT('',(1.280259168371,1.440720014008));
#4767 = CARTESIAN_POINT('',(1.338119591269,1.555865600635));
#4768 = CARTESIAN_POINT('',(1.396022145411,1.641990667205));
#4769 = CARTESIAN_POINT('',(1.453946916129,1.699413910909));
#4770 = CARTESIAN_POINT('',(1.511871916764,1.728311592588));
#4771 = CARTESIAN_POINT('',(1.609457474089,1.729019530229));
#4772 = CARTESIAN_POINT('',(1.649147598051,1.715928228516));
#4773 = CARTESIAN_POINT('',(1.688837226979,1.689454325186));
#4774 = CARTESIAN_POINT('',(1.728523384034,1.649554752637));
#4775 = CARTESIAN_POINT('',(1.768203518984,1.596148607377));
#4776 = CARTESIAN_POINT('',(1.826582793413,1.497508099926));
#4777 = CARTESIAN_POINT('',(1.845288576721,1.462868523078));
#4778 = CARTESIAN_POINT('',(1.863989785621,1.425190973219));
#4779 = CARTESIAN_POINT('',(1.882684677885,1.384466009143));
#4780 = CARTESIAN_POINT('',(1.90137158018,1.340684029576));
#4781 = CARTESIAN_POINT('',(1.977296450976,1.15023978585));
#4782 = CARTESIAN_POINT('',(2.034513997352,0.977681581457));
#4783 = CARTESIAN_POINT('',(2.091548253658,0.776037493317));
#4784 = CARTESIAN_POINT('',(2.14826901018,0.545477276171));
#4785 = CARTESIAN_POINT('',(2.204552470014,0.286497590744));
#4786 = CARTESIAN_POINT('',(2.260282786138,-6.E-07));
#4787 = ( GEOMETRIC_REPRESENTATION_CONTEXT(2) 
PARAMETRIC_REPRESENTATION_CONTEXT() REPRESENTATION_CONTEXT('2D SPACE',''
  ) );
#4788 = ORIENTED_EDGE('',*,*,#4789,.F.);
#4789 = EDGE_CURVE('',#4690,#4688,#4790,.T.);
#4790 = SURFACE_CURVE('',#4791,(#4795,#4801),.PCURVE_S1.);
#4791 = LINE('',#4792,#4793);
#4792 = CARTESIAN_POINT('',(-240.,-160.,-28.28427124746));
#4793 = VECTOR('',#4794,1.);
#4794 = DIRECTION('',(1.,0.,2.22044604925E-16));
#4795 = PCURVE('',#2154,#4796);
#4796 = DEFINITIONAL_REPRESENTATION('',(#4797),#4800);
#4797 = B_SPLINE_CURVE_WITH_KNOTS('',1,(#4798,#4799),.UNSPECIFIED.,.F.,
  .F.,(2,2),(228.,252.),.PIECEWISE_BEZIER_KNOTS.);
#4798 = CARTESIAN_POINT('',(5.392062799293,228.));
#4799 = CARTESIAN_POINT('',(5.392062799293,252.));
#4800 = ( GEOMETRIC_REPRESENTATION_CONTEXT(2) 
PARAMETRIC_REPRESENTATION_CONTEXT() REPRESENTATION_CONTEXT('2D SPACE',''
  ) );
#4801 = PCURVE('',#4802,#4807);
#4802 = PLANE('',#4803);
#4803 = AXIS2_PLACEMENT_3D('',#4804,#4805,#4806);
#4804 = CARTESIAN_POINT('',(0.,-160.,-36.));
#4805 = DIRECTION('',(0.,-1.,2.22044604925E-16));
#4806 = DIRECTION('',(1.,0.,0.));
#4807 = DEFINITIONAL_REPRESENTATION('',(#4808),#4811);
#4808 = B_SPLINE_CURVE_WITH_KNOTS('',1,(#4809,#4810),.UNSPECIFIED.,.F.,
  .F.,(2,2),(228.,252.),.PIECEWISE_BEZIER_KNOTS.);
#4809 = CARTESIAN_POINT('',(-12.,7.715728752538));
#4810 = CARTESIAN_POINT('',(12.,7.715728752538));
#4811 = ( GEOMETRIC_REPRESENTATION_CONTEXT(2) 
PARAMETRIC_REPRESENTATION_CONTEXT() REPRESENTATION_CONTEXT('2D SPACE',''
  ) );
#4812 = ADVANCED_FACE('',(#4813),#2427,.T.);
#4813 = FACE_BOUND('',#4814,.T.);
#4814 = EDGE_LOOP('',(#4815,#4816,#4817,#4836));
#4815 = ORIENTED_EDGE('',*,*,#2412,.T.);
#4816 = ORIENTED_EDGE('',*,*,#4643,.T.);
#4817 = ORIENTED_EDGE('',*,*,#4818,.F.);
#4818 = EDGE_CURVE('',#4599,#4644,#4819,.T.);
#4819 = SURFACE_CURVE('',#4820,(#4824,#4830),.PCURVE_S1.);
#4820 = LINE('',#4821,#4822);
#4821 = CARTESIAN_POINT('',(-240.,-168.5,0.));
#4822 = VECTOR('',#4823,1.);
#4823 = DIRECTION('',(0.,1.,0.));
#4824 = PCURVE('',#2427,#4825);
#4825 = DEFINITIONAL_REPRESENTATION('',(#4826),#4829);
#4826 = B_SPLINE_CURVE_WITH_KNOTS('',1,(#4827,#4828),.UNSPECIFIED.,.F.,
  .F.,(2,2),(-1.5,88.5),.PIECEWISE_BEZIER_KNOTS.);
#4827 = CARTESIAN_POINT('',(-5.329070518201E-14,-45.));
#4828 = CARTESIAN_POINT('',(-5.329070518201E-14,45.));
#4829 = ( GEOMETRIC_REPRESENTATION_CONTEXT(2) 
PARAMETRIC_REPRESENTATION_CONTEXT() REPRESENTATION_CONTEXT('2D SPACE',''
  ) );
#4830 = PCURVE('',#3371,#4831);
#4831 = DEFINITIONAL_REPRESENTATION('',(#4832),#4835);
#4832 = B_SPLINE_CURVE_WITH_KNOTS('',1,(#4833,#4834),.UNSPECIFIED.,.F.,
  .F.,(2,2),(-1.5,88.5),.PIECEWISE_BEZIER_KNOTS.);
#4833 = CARTESIAN_POINT('',(22.,42.));
#4834 = CARTESIAN_POINT('',(22.,132.));
#4835 = ( GEOMETRIC_REPRESENTATION_CONTEXT(2) 
PARAMETRIC_REPRESENTATION_CONTEXT() REPRESENTATION_CONTEXT('2D SPACE',''
  ) );
#4836 = ORIENTED_EDGE('',*,*,#4619,.T.);
#4837 = ADVANCED_FACE('',(#4838),#2180,.F.);
#4838 = FACE_BOUND('',#4839,.F.);
#4839 = EDGE_LOOP('',(#4840,#4841,#4842,#4861));
#4840 = ORIENTED_EDGE('',*,*,#2165,.T.);
#4841 = ORIENTED_EDGE('',*,*,#4551,.T.);
#4842 = ORIENTED_EDGE('',*,*,#4843,.F.);
#4843 = EDGE_CURVE('',#4576,#4531,#4844,.T.);
#4844 = SURFACE_CURVE('',#4845,(#4849,#4855),.PCURVE_S1.);
#4845 = LINE('',#4846,#4847);
#4846 = CARTESIAN_POINT('',(240.,-168.5,0.));
#4847 = VECTOR('',#4848,1.);
#4848 = DIRECTION('',(0.,1.,0.));
#4849 = PCURVE('',#2180,#4850);
#4850 = DEFINITIONAL_REPRESENTATION('',(#4851),#4854);
#4851 = B_SPLINE_CURVE_WITH_KNOTS('',1,(#4852,#4853),.UNSPECIFIED.,.F.,
  .F.,(2,2),(-1.5,88.5),.PIECEWISE_BEZIER_KNOTS.);
#4852 = CARTESIAN_POINT('',(5.329070518201E-14,-45.));
#4853 = CARTESIAN_POINT('',(5.329070518201E-14,45.));
#4854 = ( GEOMETRIC_REPRESENTATION_CONTEXT(2) 
PARAMETRIC_REPRESENTATION_CONTEXT() REPRESENTATION_CONTEXT('2D SPACE',''
  ) );
#4855 = PCURVE('',#3371,#4856);
#4856 = DEFINITIONAL_REPRESENTATION('',(#4857),#4860);
#4857 = B_SPLINE_CURVE_WITH_KNOTS('',1,(#4858,#4859),.UNSPECIFIED.,.F.,
  .F.,(2,2),(-1.5,88.5),.PIECEWISE_BEZIER_KNOTS.);
#4858 = CARTESIAN_POINT('',(502.,42.));
#4859 = CARTESIAN_POINT('',(502.,132.));
#4860 = ( GEOMETRIC_REPRESENTATION_CONTEXT(2) 
PARAMETRIC_REPRESENTATION_CONTEXT() REPRESENTATION_CONTEXT('2D SPACE',''
  ) );
#4861 = ORIENTED_EDGE('',*,*,#4575,.T.);
#4862 = ADVANCED_FACE('',(#4863),#1977,.T.);
#4863 = FACE_BOUND('',#4864,.T.);
#4864 = EDGE_LOOP('',(#4865,#4866,#4867,#4893));
#4865 = ORIENTED_EDGE('',*,*,#2506,.F.);
#4866 = ORIENTED_EDGE('',*,*,#1962,.F.);
#4867 = ORIENTED_EDGE('',*,*,#4868,.T.);
#4868 = EDGE_CURVE('',#1963,#2036,#4869,.T.);
#4869 = SURFACE_CURVE('',#4870,(#4875,#4886),.PCURVE_S1.);
#4870 = CIRCLE('',#4871,60.);
#4871 = AXIS2_PLACEMENT_3D('',#4872,#4873,#4874);
#4872 = CARTESIAN_POINT('',(238.,125.,5.284661597216E-14));
#4873 = DIRECTION('',(-1.,0.,0.));
#4874 = DIRECTION('',(0.,0.901233722306,-0.433333333333));
#4875 = PCURVE('',#1977,#4876);
#4876 = DEFINITIONAL_REPRESENTATION('',(#4877),#4885);
#4877 = ( BOUNDED_CURVE() B_SPLINE_CURVE(2,(#4878,#4879,#4880,#4881,
#4882,#4883,#4884),.UNSPECIFIED.,.T.,.F.) B_SPLINE_CURVE_WITH_KNOTS((1,2
    ,2,2,2,1),(-2.094395102393,0.,2.094395102393,4.188790204786,
6.28318530718,8.377580409573),.UNSPECIFIED.) CURVE() 
GEOMETRIC_REPRESENTATION_ITEM() RATIONAL_B_SPLINE_CURVE((1.,0.5,1.,0.5,
1.,0.5,1.)) REPRESENTATION_ITEM('') );
#4878 = CARTESIAN_POINT('',(26.,54.074023338383));
#4879 = CARTESIAN_POINT('',(119.65895579174,9.040702341592));
#4880 = CARTESIAN_POINT('',(33.829477895872,-49.55367216758));
#4881 = CARTESIAN_POINT('',(-52.,-108.1480466767));
#4882 = CARTESIAN_POINT('',(-59.82947789587,-4.520351170796));
#4883 = CARTESIAN_POINT('',(-67.65895579174,99.107344335174));
#4884 = CARTESIAN_POINT('',(26.,54.074023338383));
#4885 = ( GEOMETRIC_REPRESENTATION_CONTEXT(2) 
PARAMETRIC_REPRESENTATION_CONTEXT() REPRESENTATION_CONTEXT('2D SPACE',''
  ) );
#4886 = PCURVE('',#1862,#4887);
#4887 = DEFINITIONAL_REPRESENTATION('',(#4888),#4892);
#4888 = LINE('',#4889,#4890);
#4889 = CARTESIAN_POINT('',(7.405793497995,478.));
#4890 = VECTOR('',#4891,1.);
#4891 = DIRECTION('',(-1.,-0.));
#4892 = ( GEOMETRIC_REPRESENTATION_CONTEXT(2) 
PARAMETRIC_REPRESENTATION_CONTEXT() REPRESENTATION_CONTEXT('2D SPACE',''
  ) );
#4893 = ORIENTED_EDGE('',*,*,#2056,.F.);
#4894 = ADVANCED_FACE('',(#4895),#1862,.F.);
#4895 = FACE_BOUND('',#4896,.F.);
#4896 = EDGE_LOOP('',(#4897,#4898,#4899,#4922,#4943,#4971,#4997,#5021,
    #5042,#5063,#5064,#5090,#5091,#5114,#5135,#5394,#5415,#5674,#5695,
    #5954,#5975,#6234,#6255,#6514,#6535,#6556));
#4897 = ORIENTED_EDGE('',*,*,#4868,.T.);
#4898 = ORIENTED_EDGE('',*,*,#2035,.T.);
#4899 = ORIENTED_EDGE('',*,*,#4900,.F.);
#4900 = EDGE_CURVE('',#4901,#2010,#4903,.T.);
#4901 = VERTEX_POINT('',#4902);
#4902 = CARTESIAN_POINT('',(240.,65.,1.102182119233E-14));
#4903 = SURFACE_CURVE('',#4904,(#4909,#4915),.PCURVE_S1.);
#4904 = CIRCLE('',#4905,60.);
#4905 = AXIS2_PLACEMENT_3D('',#4906,#4907,#4908);
#4906 = CARTESIAN_POINT('',(240.,125.,5.329070518201E-14));
#4907 = DIRECTION('',(1.,-0.,2.22044604925E-16));
#4908 = DIRECTION('',(2.22044604925E-16,0.,-1.));
#4909 = PCURVE('',#1862,#4910);
#4910 = DEFINITIONAL_REPRESENTATION('',(#4911),#4914);
#4911 = B_SPLINE_CURVE_WITH_KNOTS('',1,(#4912,#4913),.UNSPECIFIED.,.F.,
  .F.,(2,2),(4.712388980385,5.160577116364),.PIECEWISE_BEZIER_KNOTS.);
#4912 = CARTESIAN_POINT('',(4.712388980385,480.));
#4913 = CARTESIAN_POINT('',(5.160577116364,480.));
#4914 = ( GEOMETRIC_REPRESENTATION_CONTEXT(2) 
PARAMETRIC_REPRESENTATION_CONTEXT() REPRESENTATION_CONTEXT('2D SPACE',''
  ) );
#4915 = PCURVE('',#2024,#4916);
#4916 = DEFINITIONAL_REPRESENTATION('',(#4917),#4921);
#4917 = CIRCLE('',#4918,60.);
#4918 = AXIS2_PLACEMENT_2D('',#4919,#4920);
#4919 = CARTESIAN_POINT('',(0.,0.));
#4920 = DIRECTION('',(1.,0.));
#4921 = ( GEOMETRIC_REPRESENTATION_CONTEXT(2) 
PARAMETRIC_REPRESENTATION_CONTEXT() REPRESENTATION_CONTEXT('2D SPACE',''
  ) );
#4922 = ORIENTED_EDGE('',*,*,#4923,.F.);
#4923 = EDGE_CURVE('',#4924,#4901,#4926,.T.);
#4924 = VERTEX_POINT('',#4925);
#4925 = CARTESIAN_POINT('',(204.,65.,0.));
#4926 = SURFACE_CURVE('',#4927,(#4931,#4937),.PCURVE_S1.);
#4927 = LINE('',#4928,#4929);
#4928 = CARTESIAN_POINT('',(-240.,65.,0.));
#4929 = VECTOR('',#4930,1.);
#4930 = DIRECTION('',(1.,0.,2.22044604925E-16));
#4931 = PCURVE('',#1862,#4932);
#4932 = DEFINITIONAL_REPRESENTATION('',(#4933),#4936);
#4933 = B_SPLINE_CURVE_WITH_KNOTS('',1,(#4934,#4935),.UNSPECIFIED.,.F.,
  .F.,(2,2),(444.,480.),.PIECEWISE_BEZIER_KNOTS.);
#4934 = CARTESIAN_POINT('',(4.712388980385,444.));
#4935 = CARTESIAN_POINT('',(4.712388980385,480.));
#4936 = ( GEOMETRIC_REPRESENTATION_CONTEXT(2) 
PARAMETRIC_REPRESENTATION_CONTEXT() REPRESENTATION_CONTEXT('2D SPACE',''
  ) );
#4937 = PCURVE('',#3371,#4938);
#4938 = DEFINITIONAL_REPRESENTATION('',(#4939),#4942);
#4939 = B_SPLINE_CURVE_WITH_KNOTS('',1,(#4940,#4941),.UNSPECIFIED.,.F.,
  .F.,(2,2),(-5.999999928008E-07,480.0000006),.PIECEWISE_BEZIER_KNOTS.);
#4940 = CARTESIAN_POINT('',(21.9999994,277.));
#4941 = CARTESIAN_POINT('',(502.0000006,277.));
#4942 = ( GEOMETRIC_REPRESENTATION_CONTEXT(2) 
PARAMETRIC_REPRESENTATION_CONTEXT() REPRESENTATION_CONTEXT('2D SPACE',''
  ) );
#4943 = ORIENTED_EDGE('',*,*,#4944,.F.);
#4944 = EDGE_CURVE('',#4945,#4924,#4947,.T.);
#4945 = VERTEX_POINT('',#4946);
#4946 = CARTESIAN_POINT('',(204.,154.,-52.52618394667));
#4947 = SURFACE_CURVE('',#4948,(#4953,#4960),.PCURVE_S1.);
#4948 = CIRCLE('',#4949,60.);
#4949 = AXIS2_PLACEMENT_3D('',#4950,#4951,#4952);
#4950 = CARTESIAN_POINT('',(204.,125.,4.529709940471E-14));
#4951 = DIRECTION('',(-1.,0.,0.));
#4952 = DIRECTION('',(0.,0.483333333333,-0.875436399111));
#4953 = PCURVE('',#1862,#4954);
#4954 = DEFINITIONAL_REPRESENTATION('',(#4955),#4959);
#4955 = LINE('',#4956,#4957);
#4956 = CARTESIAN_POINT('',(6.787643659705,444.));
#4957 = VECTOR('',#4958,1.);
#4958 = DIRECTION('',(-1.,-0.));
#4959 = ( GEOMETRIC_REPRESENTATION_CONTEXT(2) 
PARAMETRIC_REPRESENTATION_CONTEXT() REPRESENTATION_CONTEXT('2D SPACE',''
  ) );
#4960 = PCURVE('',#4514,#4961);
#4961 = DEFINITIONAL_REPRESENTATION('',(#4962),#4970);
#4962 = ( BOUNDED_CURVE() B_SPLINE_CURVE(2,(#4963,#4964,#4965,#4966,
#4967,#4968,#4969),.UNSPECIFIED.,.T.,.F.) B_SPLINE_CURVE_WITH_KNOTS((1,2
    ,2,2,2,1),(-2.094395102393,0.,2.094395102393,4.188790204786,
6.28318530718,8.377580409573),.UNSPECIFIED.) CURVE() 
GEOMETRIC_REPRESENTATION_ITEM() RATIONAL_B_SPLINE_CURVE((1.,0.5,1.,0.5,
1.,0.5,1.)) REPRESENTATION_ITEM('') );
#4963 = CARTESIAN_POINT('',(151.47381605332,-308.));
#4964 = CARTESIAN_POINT('',(101.24434263382,-217.0219806766));
#4965 = CARTESIAN_POINT('',(205.14835526358,-219.0109903383));
#4966 = CARTESIAN_POINT('',(309.05236789335,-221.));
#4967 = CARTESIAN_POINT('',(255.37782868308,-309.9890096616));
#4968 = CARTESIAN_POINT('',(201.70328947282,-398.9780193233));
#4969 = CARTESIAN_POINT('',(151.47381605332,-308.));
#4970 = ( GEOMETRIC_REPRESENTATION_CONTEXT(2) 
PARAMETRIC_REPRESENTATION_CONTEXT() REPRESENTATION_CONTEXT('2D SPACE',''
  ) );
#4971 = ORIENTED_EDGE('',*,*,#4972,.F.);
#4972 = EDGE_CURVE('',#4973,#4945,#4975,.T.);
#4973 = VERTEX_POINT('',#4974);
#4974 = CARTESIAN_POINT('',(-204.,154.,-52.52618394667));
#4975 = SURFACE_CURVE('',#4976,(#4980,#4986),.PCURVE_S1.);
#4976 = LINE('',#4977,#4978);
#4977 = CARTESIAN_POINT('',(-240.,154.,-52.52618394667));
#4978 = VECTOR('',#4979,1.);
#4979 = DIRECTION('',(1.,0.,2.22044604925E-16));
#4980 = PCURVE('',#1862,#4981);
#4981 = DEFINITIONAL_REPRESENTATION('',(#4982),#4985);
#4982 = B_SPLINE_CURVE_WITH_KNOTS('',1,(#4983,#4984),.UNSPECIFIED.,.F.,
  .F.,(2,2),(36.,444.),.PIECEWISE_BEZIER_KNOTS.);
#4983 = CARTESIAN_POINT('',(6.787643659705,36.));
#4984 = CARTESIAN_POINT('',(6.787643659705,444.));
#4985 = ( GEOMETRIC_REPRESENTATION_CONTEXT(2) 
PARAMETRIC_REPRESENTATION_CONTEXT() REPRESENTATION_CONTEXT('2D SPACE',''
  ) );
#4986 = PCURVE('',#4987,#4992);
#4987 = PLANE('',#4988);
#4988 = AXIS2_PLACEMENT_3D('',#4989,#4990,#4991);
#4989 = CARTESIAN_POINT('',(-204.,154.,-204.));
#4990 = DIRECTION('',(-0.,1.,0.));
#4991 = DIRECTION('',(0.,0.,1.));
#4992 = DEFINITIONAL_REPRESENTATION('',(#4993),#4996);
#4993 = B_SPLINE_CURVE_WITH_KNOTS('',1,(#4994,#4995),.UNSPECIFIED.,.F.,
  .F.,(2,2),(-5.999999928008E-07,480.0000006),.PIECEWISE_BEZIER_KNOTS.);
#4994 = CARTESIAN_POINT('',(151.47381605332,-36.0000006));
#4995 = CARTESIAN_POINT('',(151.47381605332,444.0000006));
#4996 = ( GEOMETRIC_REPRESENTATION_CONTEXT(2) 
PARAMETRIC_REPRESENTATION_CONTEXT() REPRESENTATION_CONTEXT('2D SPACE',''
  ) );
#4997 = ORIENTED_EDGE('',*,*,#4998,.F.);
#4998 = EDGE_CURVE('',#4999,#4973,#5001,.T.);
#4999 = VERTEX_POINT('',#5000);
#5000 = CARTESIAN_POINT('',(-204.,65.,0.));
#5001 = SURFACE_CURVE('',#5002,(#5007,#5014),.PCURVE_S1.);
#5002 = CIRCLE('',#5003,60.);
#5003 = AXIS2_PLACEMENT_3D('',#5004,#5005,#5006);
#5004 = CARTESIAN_POINT('',(-204.,125.,-4.529709940471E-14));
#5005 = DIRECTION('',(1.,0.,0.));
#5006 = DIRECTION('',(0.,-1.,7.549516567451E-16));
#5007 = PCURVE('',#1862,#5008);
#5008 = DEFINITIONAL_REPRESENTATION('',(#5009),#5013);
#5009 = LINE('',#5010,#5011);
#5010 = CARTESIAN_POINT('',(4.712388980385,36.));
#5011 = VECTOR('',#5012,1.);
#5012 = DIRECTION('',(1.,0.));
#5013 = ( GEOMETRIC_REPRESENTATION_CONTEXT(2) 
PARAMETRIC_REPRESENTATION_CONTEXT() REPRESENTATION_CONTEXT('2D SPACE',''
  ) );
#5014 = PCURVE('',#4459,#5015);
#5015 = DEFINITIONAL_REPRESENTATION('',(#5016),#5020);
#5016 = CIRCLE('',#5017,60.);
#5017 = AXIS2_PLACEMENT_2D('',#5018,#5019);
#5018 = CARTESIAN_POINT('',(204.,-279.));
#5019 = DIRECTION('',(7.549516567451E-16,1.));
#5020 = ( GEOMETRIC_REPRESENTATION_CONTEXT(2) 
PARAMETRIC_REPRESENTATION_CONTEXT() REPRESENTATION_CONTEXT('2D SPACE',''
  ) );
#5021 = ORIENTED_EDGE('',*,*,#5022,.F.);
#5022 = EDGE_CURVE('',#5023,#4999,#5025,.T.);
#5023 = VERTEX_POINT('',#5024);
#5024 = CARTESIAN_POINT('',(-240.,65.,1.102182119233E-14));
#5025 = SURFACE_CURVE('',#5026,(#5030,#5036),.PCURVE_S1.);
#5026 = LINE('',#5027,#5028);
#5027 = CARTESIAN_POINT('',(-240.,65.,0.));
#5028 = VECTOR('',#5029,1.);
#5029 = DIRECTION('',(1.,0.,2.22044604925E-16));
#5030 = PCURVE('',#1862,#5031);
#5031 = DEFINITIONAL_REPRESENTATION('',(#5032),#5035);
#5032 = B_SPLINE_CURVE_WITH_KNOTS('',1,(#5033,#5034),.UNSPECIFIED.,.F.,
  .F.,(2,2),(2.447335932204E-30,36.),.PIECEWISE_BEZIER_KNOTS.);
#5033 = CARTESIAN_POINT('',(4.712388980385,1.428024951052E-29));
#5034 = CARTESIAN_POINT('',(4.712388980385,36.));
#5035 = ( GEOMETRIC_REPRESENTATION_CONTEXT(2) 
PARAMETRIC_REPRESENTATION_CONTEXT() REPRESENTATION_CONTEXT('2D SPACE',''
  ) );
#5036 = PCURVE('',#3371,#5037);
#5037 = DEFINITIONAL_REPRESENTATION('',(#5038),#5041);
#5038 = B_SPLINE_CURVE_WITH_KNOTS('',1,(#5039,#5040),.UNSPECIFIED.,.F.,
  .F.,(2,2),(-5.999999928008E-07,480.0000006),.PIECEWISE_BEZIER_KNOTS.);
#5039 = CARTESIAN_POINT('',(21.9999994,277.));
#5040 = CARTESIAN_POINT('',(502.0000006,277.));
#5041 = ( GEOMETRIC_REPRESENTATION_CONTEXT(2) 
PARAMETRIC_REPRESENTATION_CONTEXT() REPRESENTATION_CONTEXT('2D SPACE',''
  ) );
#5042 = ORIENTED_EDGE('',*,*,#5043,.T.);
#5043 = EDGE_CURVE('',#5023,#1848,#5044,.T.);
#5044 = SURFACE_CURVE('',#5045,(#5050,#5056),.PCURVE_S1.);
#5045 = CIRCLE('',#5046,60.);
#5046 = AXIS2_PLACEMENT_3D('',#5047,#5048,#5049);
#5047 = CARTESIAN_POINT('',(-240.,125.,-5.329070518201E-14));
#5048 = DIRECTION('',(1.,-0.,2.22044604925E-16));
#5049 = DIRECTION('',(2.22044604925E-16,0.,-1.));
#5050 = PCURVE('',#1862,#5051);
#5051 = DEFINITIONAL_REPRESENTATION('',(#5052),#5055);
#5052 = B_SPLINE_CURVE_WITH_KNOTS('',1,(#5053,#5054),.UNSPECIFIED.,.F.,
  .F.,(2,2),(4.712388980385,5.160577116364),.PIECEWISE_BEZIER_KNOTS.);
#5053 = CARTESIAN_POINT('',(4.712388980385,0.));
#5054 = CARTESIAN_POINT('',(5.160577116364,0.));
#5055 = ( GEOMETRIC_REPRESENTATION_CONTEXT(2) 
PARAMETRIC_REPRESENTATION_CONTEXT() REPRESENTATION_CONTEXT('2D SPACE',''
  ) );
#5056 = PCURVE('',#1888,#5057);
#5057 = DEFINITIONAL_REPRESENTATION('',(#5058),#5062);
#5058 = CIRCLE('',#5059,60.);
#5059 = AXIS2_PLACEMENT_2D('',#5060,#5061);
#5060 = CARTESIAN_POINT('',(0.,0.));
#5061 = DIRECTION('',(1.,0.));
#5062 = ( GEOMETRIC_REPRESENTATION_CONTEXT(2) 
PARAMETRIC_REPRESENTATION_CONTEXT() REPRESENTATION_CONTEXT('2D SPACE',''
  ) );
#5063 = ORIENTED_EDGE('',*,*,#1847,.T.);
#5064 = ORIENTED_EDGE('',*,*,#5065,.F.);
#5065 = EDGE_CURVE('',#1900,#1822,#5066,.T.);
#5066 = SURFACE_CURVE('',#5067,(#5072,#5079),.PCURVE_S1.);
#5067 = CIRCLE('',#5068,60.);
#5068 = AXIS2_PLACEMENT_3D('',#5069,#5070,#5071);
#5069 = CARTESIAN_POINT('',(-238.,125.,-5.284661597216E-14));
#5070 = DIRECTION('',(-1.,0.,0.));
#5071 = DIRECTION('',(0.,0.901233722306,-0.433333333333));
#5072 = PCURVE('',#1862,#5073);
#5073 = DEFINITIONAL_REPRESENTATION('',(#5074),#5078);
#5074 = LINE('',#5075,#5076);
#5075 = CARTESIAN_POINT('',(7.405793497995,2.));
#5076 = VECTOR('',#5077,1.);
#5077 = DIRECTION('',(-1.,-0.));
#5078 = ( GEOMETRIC_REPRESENTATION_CONTEXT(2) 
PARAMETRIC_REPRESENTATION_CONTEXT() REPRESENTATION_CONTEXT('2D SPACE',''
  ) );
#5079 = PCURVE('',#1836,#5080);
#5080 = DEFINITIONAL_REPRESENTATION('',(#5081),#5089);
#5081 = ( BOUNDED_CURVE() B_SPLINE_CURVE(2,(#5082,#5083,#5084,#5085,
#5086,#5087,#5088),.UNSPECIFIED.,.T.,.F.) B_SPLINE_CURVE_WITH_KNOTS((1,2
    ,2,2,2,1),(-2.094395102393,0.,2.094395102393,4.188790204786,
6.28318530718,8.377580409573),.UNSPECIFIED.) CURVE() 
GEOMETRIC_REPRESENTATION_ITEM() RATIONAL_B_SPLINE_CURVE((1.,0.5,1.,0.5,
1.,0.5,1.)) REPRESENTATION_ITEM('') );
#5082 = CARTESIAN_POINT('',(26.,54.074023338383));
#5083 = CARTESIAN_POINT('',(119.65895579174,9.040702341592));
#5084 = CARTESIAN_POINT('',(33.829477895872,-49.55367216758));
#5085 = CARTESIAN_POINT('',(-52.,-108.1480466767));
#5086 = CARTESIAN_POINT('',(-59.82947789587,-4.520351170796));
#5087 = CARTESIAN_POINT('',(-67.65895579174,99.107344335174));
#5088 = CARTESIAN_POINT('',(26.,54.074023338383));
#5089 = ( GEOMETRIC_REPRESENTATION_CONTEXT(2) 
PARAMETRIC_REPRESENTATION_CONTEXT() REPRESENTATION_CONTEXT('2D SPACE',''
  ) );
#5090 = ORIENTED_EDGE('',*,*,#1899,.F.);
#5091 = ORIENTED_EDGE('',*,*,#5092,.T.);
#5092 = EDGE_CURVE('',#1874,#5093,#5095,.T.);
#5093 = VERTEX_POINT('',#5094);
#5094 = CARTESIAN_POINT('',(-240.,185.,-3.673940397442E-15));
#5095 = SURFACE_CURVE('',#5096,(#5101,#5107),.PCURVE_S1.);
#5096 = CIRCLE('',#5097,60.);
#5097 = AXIS2_PLACEMENT_3D('',#5098,#5099,#5100);
#5098 = CARTESIAN_POINT('',(-240.,125.,-5.329070518201E-14));
#5099 = DIRECTION('',(1.,-0.,2.22044604925E-16));
#5100 = DIRECTION('',(2.22044604925E-16,0.,-1.));
#5101 = PCURVE('',#1862,#5102);
#5102 = DEFINITIONAL_REPRESENTATION('',(#5103),#5106);
#5103 = B_SPLINE_CURVE_WITH_KNOTS('',1,(#5104,#5105),.UNSPECIFIED.,.F.,
  .F.,(2,2),(1.122608190815,1.570796326795),.PIECEWISE_BEZIER_KNOTS.);
#5104 = CARTESIAN_POINT('',(7.405793497995,0.));
#5105 = CARTESIAN_POINT('',(7.853981633974,0.));
#5106 = ( GEOMETRIC_REPRESENTATION_CONTEXT(2) 
PARAMETRIC_REPRESENTATION_CONTEXT() REPRESENTATION_CONTEXT('2D SPACE',''
  ) );
#5107 = PCURVE('',#1888,#5108);
#5108 = DEFINITIONAL_REPRESENTATION('',(#5109),#5113);
#5109 = CIRCLE('',#5110,60.);
#5110 = AXIS2_PLACEMENT_2D('',#5111,#5112);
#5111 = CARTESIAN_POINT('',(0.,0.));
#5112 = DIRECTION('',(1.,0.));
#5113 = ( GEOMETRIC_REPRESENTATION_CONTEXT(2) 
PARAMETRIC_REPRESENTATION_CONTEXT() REPRESENTATION_CONTEXT('2D SPACE',''
  ) );
#5114 = ORIENTED_EDGE('',*,*,#5115,.T.);
#5115 = EDGE_CURVE('',#5093,#5116,#5118,.T.);
#5116 = VERTEX_POINT('',#5117);
#5117 = CARTESIAN_POINT('',(-192.5,185.,1.054711873394E-14));
#5118 = SURFACE_CURVE('',#5119,(#5123,#5129),.PCURVE_S1.);
#5119 = LINE('',#5120,#5121);
#5120 = CARTESIAN_POINT('',(-240.,185.,0.));
#5121 = VECTOR('',#5122,1.);
#5122 = DIRECTION('',(1.,0.,2.22044604925E-16));
#5123 = PCURVE('',#1862,#5124);
#5124 = DEFINITIONAL_REPRESENTATION('',(#5125),#5128);
#5125 = B_SPLINE_CURVE_WITH_KNOTS('',1,(#5126,#5127),.UNSPECIFIED.,.F.,
  .F.,(2,2),(-8.157786440681E-31,480.),.PIECEWISE_BEZIER_KNOTS.);
#5126 = CARTESIAN_POINT('',(7.853981633974,1.101713493425E-29));
#5127 = CARTESIAN_POINT('',(7.853981633974,480.));
#5128 = ( GEOMETRIC_REPRESENTATION_CONTEXT(2) 
PARAMETRIC_REPRESENTATION_CONTEXT() REPRESENTATION_CONTEXT('2D SPACE',''
  ) );
#5129 = PCURVE('',#3371,#5130);
#5130 = DEFINITIONAL_REPRESENTATION('',(#5131),#5134);
#5131 = B_SPLINE_CURVE_WITH_KNOTS('',1,(#5132,#5133),.UNSPECIFIED.,.F.,
  .F.,(2,2),(-5.999999928008E-07,480.0000006),.PIECEWISE_BEZIER_KNOTS.);
#5132 = CARTESIAN_POINT('',(21.9999994,397.));
#5133 = CARTESIAN_POINT('',(502.0000006,397.));
#5134 = ( GEOMETRIC_REPRESENTATION_CONTEXT(2) 
PARAMETRIC_REPRESENTATION_CONTEXT() REPRESENTATION_CONTEXT('2D SPACE',''
  ) );
#5135 = ORIENTED_EDGE('',*,*,#5136,.T.);
#5136 = EDGE_CURVE('',#5116,#5137,#5139,.T.);
#5137 = VERTEX_POINT('',#5138);
#5138 = CARTESIAN_POINT('',(-187.5,185.,1.165734175856E-14));
#5139 = SURFACE_CURVE('',#5140,(#5221,#5305),.PCURVE_S1.);
#5140 = B_SPLINE_CURVE_WITH_KNOTS('',7,(#5141,#5142,#5143,#5144,#5145,
    #5146,#5147,#5148,#5149,#5150,#5151,#5152,#5153,#5154,#5155,#5156,
    #5157,#5158,#5159,#5160,#5161,#5162,#5163,#5164,#5165,#5166,#5167,
    #5168,#5169,#5170,#5171,#5172,#5173,#5174,#5175,#5176,#5177,#5178,
    #5179,#5180,#5181,#5182,#5183,#5184,#5185,#5186,#5187,#5188,#5189,
    #5190,#5191,#5192,#5193,#5194,#5195,#5196,#5197,#5198,#5199,#5200,
    #5201,#5202,#5203,#5204,#5205,#5206,#5207,#5208,#5209,#5210,#5211,
    #5212,#5213,#5214,#5215,#5216,#5217,#5218,#5219,#5220),
  .UNSPECIFIED.,.F.,.F.,(8,6,6,6,6,6,6,6,6,6,6,6,6,8),(0.,0.228896408201
    ,0.343532883713,0.431848449664,0.468704033928,0.486681122776,
    0.500336207661,0.516507084817,0.525353591348,0.544450181578,
    0.578282962424,0.62031748031,0.786021381464,1.),.UNSPECIFIED.);
#5141 = CARTESIAN_POINT('',(-192.5,185.,-7.105427357601E-15));
#5142 = CARTESIAN_POINT('',(-192.5,185.,-0.567647853336));
#5143 = CARTESIAN_POINT('',(-192.4849632089,184.99373474097,
    -1.13275974259));
#5144 = CARTESIAN_POINT('',(-192.4551291253,184.98130377531,
    -1.696760534443));
#5145 = CARTESIAN_POINT('',(-192.4098408775,184.96271185602,
    -2.26084837385));
#5146 = CARTESIAN_POINT('',(-192.3476333574,184.93788412414,
    -2.82503830593));
#5147 = CARTESIAN_POINT('',(-192.2662958318,184.90689546046,
    -3.387081433563));
#5148 = CARTESIAN_POINT('',(-192.1111305957,184.85214326498,
    -4.218804520745));
#5149 = CARTESIAN_POINT('',(-192.0539413157,184.83253704554,
    -4.493734594886));
#5150 = CARTESIAN_POINT('',(-191.9906611283,184.81156414265,
    -4.767274172305));
#5151 = CARTESIAN_POINT('',(-191.9204287349,184.78920194726,
    -5.039891151946));
#5152 = CARTESIAN_POINT('',(-191.8422430066,184.76549037356,
    -5.311137206847));
#5153 = CARTESIAN_POINT('',(-191.7550033467,184.74059738017,
    -5.579488967754));
#5154 = CARTESIAN_POINT('',(-191.5824705102,184.69509588388,
    -6.044574327991));
#5155 = CARTESIAN_POINT('',(-191.5020842595,184.67501462595,
    -6.24157002568));
#5156 = CARTESIAN_POINT('',(-191.4147166431,184.65448286193,
    -6.435706430138));
#5157 = CARTESIAN_POINT('',(-191.3185344979,184.6334549948,
    -6.627550746635));
#5158 = CARTESIAN_POINT('',(-191.2116742594,184.61212501839,
    -6.815485069725));
#5159 = CARTESIAN_POINT('',(-191.0923706794,184.59103075998,
    -6.995485007442));
#5160 = CARTESIAN_POINT('',(-190.9034627866,184.56284863522,
    -7.229930603176));
#5161 = CARTESIAN_POINT('',(-190.8451440078,184.5547224828,
    -7.296745330207));
#5162 = CARTESIAN_POINT('',(-190.7838412824,184.54682174761,
    -7.36098443422));
#5163 = CARTESIAN_POINT('',(-190.7192845334,184.53922790262,
    -7.422085901651));
#5164 = CARTESIAN_POINT('',(-190.6512290176,184.53205193596,
    -7.479278746525));
#5165 = CARTESIAN_POINT('',(-190.5794632393,184.5254359749,
    -7.53157622013));
#5166 = CARTESIAN_POINT('',(-190.4669187503,184.51668629631,
    -7.600300533797));
#5167 = CARTESIAN_POINT('',(-190.4290715289,184.51399036364,
    -7.621395396383));
#5168 = CARTESIAN_POINT('',(-190.3903286284,184.5114939253,
    -7.640863372864));
#5169 = CARTESIAN_POINT('',(-190.3507438354,184.50922214996,
    -7.658526763562));
#5170 = CARTESIAN_POINT('',(-190.3103712952,184.50719856149,
    -7.674220404697));
#5171 = CARTESIAN_POINT('',(-190.2692655124,184.50544503903,
    -7.687791668398));
#5172 = CARTESIAN_POINT('',(-190.1957428256,184.50287037873,
    -7.707690426696));
#5173 = CARTESIAN_POINT('',(-190.1636298793,184.50192693441,
    -7.714970427081));
#5174 = CARTESIAN_POINT('',(-190.1312157431,184.50116168942,
    -7.720868379408));
#5175 = CARTESIAN_POINT('',(-190.0985733074,184.50058236891,
    -7.725329753453));
#5176 = CARTESIAN_POINT('',(-190.0657751223,184.50019421764,
    -7.728317573205));
#5177 = CARTESIAN_POINT('',(-190.032893397,184.5,-7.72981241687));
#5178 = CARTESIAN_POINT('',(-189.961046373,184.5,-7.72981241687));
#5179 = CARTESIAN_POINT('',(-189.9221210188,184.50027240094,
    -7.727716027442));
#5180 = CARTESIAN_POINT('',(-189.8833369685,184.50081638893,
    -7.723528627051));
#5181 = CARTESIAN_POINT('',(-189.8448079566,184.50162656454,
    -7.717288106503));
#5182 = CARTESIAN_POINT('',(-189.8066484209,184.50269294281,
    -7.709064868949));
#5183 = CARTESIAN_POINT('',(-189.7689735027,184.50400095326,
    -7.698961829883));
#5184 = CARTESIAN_POINT('',(-189.7116169425,184.50636871412,
    -7.680633122824));
#5185 = CARTESIAN_POINT('',(-189.6915062935,184.50727293734,
    -7.673627126446));
#5186 = CARTESIAN_POINT('',(-189.6715751493,184.50824155619,
    -7.666114237821));
#5187 = CARTESIAN_POINT('',(-189.651831558,184.50927188223,
    -7.658113272898));
#5188 = CARTESIAN_POINT('',(-189.632283566,184.51036109196,
    -7.649644053761));
#5189 = CARTESIAN_POINT('',(-189.6129392184,184.51150622677,
    -7.640727408628));
#5190 = CARTESIAN_POINT('',(-189.5525056712,184.51529019335,
    -7.611218469099));
#5191 = CARTESIAN_POINT('',(-189.5122134256,184.51812106089,
    -7.589079466973));
#5192 = CARTESIAN_POINT('',(-189.4729293601,184.52117012442,
    -7.565152721177));
#5193 = CARTESIAN_POINT('',(-189.4346507776,184.524412027,
    -7.539614411693));
#5194 = CARTESIAN_POINT('',(-189.3973727448,184.52782272596,
    -7.512632342782));
#5195 = CARTESIAN_POINT('',(-189.3610880925,184.53137949288,
    -7.484365942984));
#5196 = CARTESIAN_POINT('',(-189.2632464039,184.54158316175,
    -7.402879853549));
#5197 = CARTESIAN_POINT('',(-189.2036914491,184.54850752932,
    -7.347151453534));
#5198 = CARTESIAN_POINT('',(-189.1469505093,184.55573233098,
    -7.28848255985));
#5199 = CARTESIAN_POINT('',(-189.0928365804,184.56317724046,
    -7.227432952699));
#5200 = CARTESIAN_POINT('',(-189.0411478427,184.57078216294,
    -7.164420762939));
#5201 = CARTESIAN_POINT('',(-188.9916678057,184.57850610753,
    -7.099722537326));
#5202 = CARTESIAN_POINT('',(-188.885147592,184.59604172321,
    -6.951163942098));
#5203 = CARTESIAN_POINT('',(-188.829176413,184.60590655652,
    -6.866451756778));
#5204 = CARTESIAN_POINT('',(-188.7760274251,184.61584085941,
    -6.779891616338));
#5205 = CARTESIAN_POINT('',(-188.7254717556,184.62578808706,
    -6.691886576374));
#5206 = CARTESIAN_POINT('',(-188.6772761721,184.63571243386,
    -6.602687855086));
#5207 = CARTESIAN_POINT('',(-188.6312031025,184.64559641729,
    -6.512394808854));
#5208 = CARTESIAN_POINT('',(-188.4127999996,184.69423669848,
    -6.060490482634));
#5209 = CARTESIAN_POINT('',(-188.2654300227,184.73291527876,
    -5.677259669017));
#5210 = CARTESIAN_POINT('',(-188.1408380794,184.7692772255,
    -5.286276069746));
#5211 = CARTESIAN_POINT('',(-188.0348078774,184.80257842075,
    -4.894709118092));
#5212 = CARTESIAN_POINT('',(-187.9436516138,184.8328601587,
    -4.503969723221));
#5213 = CARTESIAN_POINT('',(-187.8643176717,184.86043103978,
    -4.110124654334));
#5214 = CARTESIAN_POINT('',(-187.7052515725,184.91779553962,
    -3.183049190099));
#5215 = CARTESIAN_POINT('',(-187.6342138299,184.94514673723,
    -2.654749198395));
#5216 = CARTESIAN_POINT('',(-187.5795570558,184.96706751187,
    -2.124658330883));
#5217 = CARTESIAN_POINT('',(-187.5396073445,184.98349688041,
    -1.594442335068));
#5218 = CARTESIAN_POINT('',(-187.5132564941,184.99447652807,
    -1.064151059763));
#5219 = CARTESIAN_POINT('',(-187.5,185.,-0.532974266574));
#5220 = CARTESIAN_POINT('',(-187.5,185.,-7.105427357601E-15));
#5221 = PCURVE('',#1862,#5222);
#5222 = DEFINITIONAL_REPRESENTATION('',(#5223),#5304);
#5223 = B_SPLINE_CURVE_WITH_KNOTS('',7,(#5224,#5225,#5226,#5227,#5228,
    #5229,#5230,#5231,#5232,#5233,#5234,#5235,#5236,#5237,#5238,#5239,
    #5240,#5241,#5242,#5243,#5244,#5245,#5246,#5247,#5248,#5249,#5250,
    #5251,#5252,#5253,#5254,#5255,#5256,#5257,#5258,#5259,#5260,#5261,
    #5262,#5263,#5264,#5265,#5266,#5267,#5268,#5269,#5270,#5271,#5272,
    #5273,#5274,#5275,#5276,#5277,#5278,#5279,#5280,#5281,#5282,#5283,
    #5284,#5285,#5286,#5287,#5288,#5289,#5290,#5291,#5292,#5293,#5294,
    #5295,#5296,#5297,#5298,#5299,#5300,#5301,#5302,#5303),
  .UNSPECIFIED.,.F.,.F.,(8,6,6,6,6,6,6,6,6,6,6,6,6,8),(0.,0.228896408201
    ,0.343532883713,0.431848449664,0.468704033928,0.486681122776,
    0.500336207661,0.516507084817,0.525353591348,0.544450181578,
    0.578282962424,0.62031748031,0.786021381464,1.),.UNSPECIFIED.);
#5224 = CARTESIAN_POINT('',(7.853981633974,47.5));
#5225 = CARTESIAN_POINT('',(7.844520836419,47.5));
#5226 = CARTESIAN_POINT('',(7.835102309007,47.515036791056));
#5227 = CARTESIAN_POINT('',(7.825700898972,47.544870874658));
#5228 = CARTESIAN_POINT('',(7.81629535949,47.590159122404));
#5229 = CARTESIAN_POINT('',(7.806884014496,47.652366642531));
#5230 = CARTESIAN_POINT('',(7.797502937286,47.733704168162));
#5231 = CARTESIAN_POINT('',(7.783610882236,47.888869404297));
#5232 = CARTESIAN_POINT('',(7.779017146031,47.946058684206));
#5233 = CARTESIAN_POINT('',(7.774444875465,48.009338871605));
#5234 = CARTESIAN_POINT('',(7.769886115795,48.079571265076));
#5235 = CARTESIAN_POINT('',(7.765348210547,48.157756993383));
#5236 = CARTESIAN_POINT('',(7.760856536417,48.244996653225));
#5237 = CARTESIAN_POINT('',(7.753068105209,48.417529489771));
#5238 = CARTESIAN_POINT('',(7.749767856033,48.497915740494));
#5239 = CARTESIAN_POINT('',(7.746514241625,48.58528335684));
#5240 = CARTESIAN_POINT('',(7.743297728398,48.68146550204));
#5241 = CARTESIAN_POINT('',(7.740145415055,48.788325740534));
#5242 = CARTESIAN_POINT('',(7.737124899161,48.907629320594));
#5243 = CARTESIAN_POINT('',(7.733189342956,49.096537213331));
#5244 = CARTESIAN_POINT('',(7.732067559505,49.15485599212));
#5245 = CARTESIAN_POINT('',(7.730988842104,49.21615871758));
#5246 = CARTESIAN_POINT('',(7.729962650944,49.280715466531));
#5247 = CARTESIAN_POINT('',(7.729001963954,49.348770982382));
#5248 = CARTESIAN_POINT('',(7.728123392677,49.42053676068));
#5249 = CARTESIAN_POINT('',(7.726968741676,49.533081249632));
#5250 = CARTESIAN_POINT('',(7.726614301118,49.570928471052));
#5251 = CARTESIAN_POINT('',(7.72628717805,49.609671371501));
#5252 = CARTESIAN_POINT('',(7.725990363361,49.649256164546));
#5253 = CARTESIAN_POINT('',(7.725726637256,49.689628704735));
#5254 = CARTESIAN_POINT('',(7.725498569258,49.730734487594));
#5255 = CARTESIAN_POINT('',(7.725164158725,49.804257174386));
#5256 = CARTESIAN_POINT('',(7.725041810756,49.836370120604));
#5257 = CARTESIAN_POINT('',(7.7249426876,49.868784256888));
#5258 = CARTESIAN_POINT('',(7.724867707103,49.901426692561));
#5259 = CARTESIAN_POINT('',(7.724817491656,49.93422487767));
#5260 = CARTESIAN_POINT('',(7.724792368192,49.967106602986));
#5261 = CARTESIAN_POINT('',(7.724792368192,50.038953626936));
#5262 = CARTESIAN_POINT('',(7.724827601745,50.077878981109));
#5263 = CARTESIAN_POINT('',(7.724897978203,50.11666303142));
#5264 = CARTESIAN_POINT('',(7.72500285972,50.155192043374));
#5265 = CARTESIAN_POINT('',(7.725141061256,50.193351579077));
#5266 = CARTESIAN_POINT('',(7.725310850576,50.231026497239));
#5267 = CARTESIAN_POINT('',(7.725618867438,50.288383057443));
#5268 = CARTESIAN_POINT('',(7.725736602551,50.308493706459));
#5269 = CARTESIAN_POINT('',(7.725862853751,50.328424850638));
#5270 = CARTESIAN_POINT('',(7.725997304287,50.348168441947));
#5271 = CARTESIAN_POINT('',(7.726139620492,50.367716433902));
#5272 = CARTESIAN_POINT('',(7.726289451778,50.387060781571));
#5273 = CARTESIAN_POINT('',(7.726785294471,50.447494328732));
#5274 = CARTESIAN_POINT('',(7.727157282061,50.487786574375));
#5275 = CARTESIAN_POINT('',(7.727559285991,50.527070639814));
#5276 = CARTESIAN_POINT('',(7.727988340146,50.565349222326));
#5277 = CARTESIAN_POINT('',(7.728441619722,50.602627255151));
#5278 = CARTESIAN_POINT('',(7.728916441226,50.638911907493));
#5279 = CARTESIAN_POINT('',(7.730285148811,50.736753596046));
#5280 = CARTESIAN_POINT('',(7.731221097306,50.796308550834));
#5281 = CARTESIAN_POINT('',(7.732206297526,50.853049490699));
#5282 = CARTESIAN_POINT('',(7.733231327518,50.907163419506));
#5283 = CARTESIAN_POINT('',(7.734289150273,50.958852157276));
#5284 = CARTESIAN_POINT('',(7.735375110204,51.008332194281));
#5285 = CARTESIAN_POINT('',(7.737868276087,51.11485240792));
#5286 = CARTESIAN_POINT('',(7.739289684916,51.170823586915));
#5287 = CARTESIAN_POINT('',(7.740741820798,51.223972574846));
#5288 = CARTESIAN_POINT('',(7.74221790723,51.274528244342));
#5289 = CARTESIAN_POINT('',(7.743713722089,51.322723827832));
#5290 = CARTESIAN_POINT('',(7.745227593209,51.368796897409));
#5291 = CARTESIAN_POINT('',(7.752802834257,51.587200000306));
#5292 = CARTESIAN_POINT('',(7.759222322225,51.734569977293));
#5293 = CARTESIAN_POINT('',(7.765766507408,51.85916192055));
#5294 = CARTESIAN_POINT('',(7.772315832799,51.965192122545));
#5295 = CARTESIAN_POINT('',(7.7788473995,52.056348386127));
#5296 = CARTESIAN_POINT('',(7.78542733251,52.135682328222));
#5297 = CARTESIAN_POINT('',(7.800908141438,52.294748427464));
#5298 = CARTESIAN_POINT('',(7.80972448445,52.365786170038));
#5299 = CARTESIAN_POINT('',(7.818566122728,52.420442944198));
#5300 = CARTESIAN_POINT('',(7.82740644432,52.460392655415));
#5301 = CARTESIAN_POINT('',(7.836245785496,52.48674350585));
#5302 = CARTESIAN_POINT('',(7.845098729532,52.5));
#5303 = CARTESIAN_POINT('',(7.853981633974,52.5));
#5304 = ( GEOMETRIC_REPRESENTATION_CONTEXT(2) 
PARAMETRIC_REPRESENTATION_CONTEXT() REPRESENTATION_CONTEXT('2D SPACE',''
  ) );
#5305 = PCURVE('',#5306,#5311);
#5306 = CYLINDRICAL_SURFACE('',#5307,6.5);
#5307 = AXIS2_PLACEMENT_3D('',#5308,#5309,#5310);
#5308 = CARTESIAN_POINT('',(-190.,191.,-28.));
#5309 = DIRECTION('',(0.,0.,1.));
#5310 = DIRECTION('',(1.,0.,-0.));
#5311 = DEFINITIONAL_REPRESENTATION('',(#5312),#5393);
#5312 = B_SPLINE_CURVE_WITH_KNOTS('',7,(#5313,#5314,#5315,#5316,#5317,
    #5318,#5319,#5320,#5321,#5322,#5323,#5324,#5325,#5326,#5327,#5328,
    #5329,#5330,#5331,#5332,#5333,#5334,#5335,#5336,#5337,#5338,#5339,
    #5340,#5341,#5342,#5343,#5344,#5345,#5346,#5347,#5348,#5349,#5350,
    #5351,#5352,#5353,#5354,#5355,#5356,#5357,#5358,#5359,#5360,#5361,
    #5362,#5363,#5364,#5365,#5366,#5367,#5368,#5369,#5370,#5371,#5372,
    #5373,#5374,#5375,#5376,#5377,#5378,#5379,#5380,#5381,#5382,#5383,
    #5384,#5385,#5386,#5387,#5388,#5389,#5390,#5391,#5392),
  .UNSPECIFIED.,.F.,.F.,(8,6,6,6,6,6,6,6,6,6,6,6,6,8),(0.,0.228896408201
    ,0.343532883713,0.431848449664,0.468704033928,0.486681122776,
    0.500336207661,0.516507084817,0.525353591348,0.544450181578,
    0.578282962424,0.62031748031,0.786021381464,1.),.UNSPECIFIED.);
#5313 = CARTESIAN_POINT('',(4.317597860685,28.));
#5314 = CARTESIAN_POINT('',(4.317597860685,27.432352146664));
#5315 = CARTESIAN_POINT('',(4.320104101486,26.86724025741));
#5316 = CARTESIAN_POINT('',(4.325076101723,26.303239465557));
#5317 = CARTESIAN_POINT('',(4.33260804767,25.73915162615));
#5318 = CARTESIAN_POINT('',(4.342911435819,25.17496169407));
#5319 = CARTESIAN_POINT('',(4.35629832093,24.612918566437));
#5320 = CARTESIAN_POINT('',(4.381612467133,23.781195479255));
#5321 = CARTESIAN_POINT('',(4.390913144818,23.506265405114));
#5322 = CARTESIAN_POINT('',(4.401168376353,23.232725827695));
#5323 = CARTESIAN_POINT('',(4.412506316999,22.960108848054));
#5324 = CARTESIAN_POINT('',(4.425073500341,22.688862793153));
#5325 = CARTESIAN_POINT('',(4.439027874698,22.420511032246));
#5326 = CARTESIAN_POINT('',(4.466478946115,21.955425672009));
#5327 = CARTESIAN_POINT('',(4.47922504417,21.75842997432));
#5328 = CARTESIAN_POINT('',(4.493030038009,21.564293569862));
#5329 = CARTESIAN_POINT('',(4.508173194621,21.372449253365));
#5330 = CARTESIAN_POINT('',(4.524931938381,21.184514930275));
#5331 = CARTESIAN_POINT('',(4.543564306911,21.004514992558));
#5332 = CARTESIAN_POINT('',(4.572948690356,20.770069396824));
#5333 = CARTESIAN_POINT('',(4.582007062469,20.703254669793));
#5334 = CARTESIAN_POINT('',(4.591515441312,20.63901556578));
#5335 = CARTESIAN_POINT('',(4.601514541549,20.577914098349));
#5336 = CARTESIAN_POINT('',(4.612041274906,20.520721253475));
#5337 = CARTESIAN_POINT('',(4.623127849841,20.46842377987));
#5338 = CARTESIAN_POINT('',(4.640494633663,20.399699466203));
#5339 = CARTESIAN_POINT('',(4.646331911169,20.378604603617));
#5340 = CARTESIAN_POINT('',(4.652304497067,20.359136627136));
#5341 = CARTESIAN_POINT('',(4.658404210705,20.341473236438));
#5342 = CARTESIAN_POINT('',(4.66462289743,20.325779595303));
#5343 = CARTESIAN_POINT('',(4.670952428593,20.312208331602));
#5344 = CARTESIAN_POINT('',(4.682270544509,20.292309573304));
#5345 = CARTESIAN_POINT('',(4.687213045066,20.285029572919));
#5346 = CARTESIAN_POINT('',(4.692201092812,20.279131620592));
#5347 = CARTESIAN_POINT('',(4.697223646852,20.274670246547));
#5348 = CARTESIAN_POINT('',(4.702269735797,20.271682426795));
#5349 = CARTESIAN_POINT('',(4.707328457767,20.27018758313));
#5350 = CARTESIAN_POINT('',(4.718381846067,20.27018758313));
#5351 = CARTESIAN_POINT('',(4.72437035029,20.272283972558));
#5352 = CARTESIAN_POINT('',(4.730337483828,20.276471372949));
#5353 = CARTESIAN_POINT('',(4.73626609055,20.282711893497));
#5354 = CARTESIAN_POINT('',(4.74213886742,20.290935131051));
#5355 = CARTESIAN_POINT('',(4.747938364496,20.301038170117));
#5356 = CARTESIAN_POINT('',(4.756769966292,20.319366877176));
#5357 = CARTESIAN_POINT('',(4.759867017066,20.326372873554));
#5358 = CARTESIAN_POINT('',(4.762936933785,20.333885762179));
#5359 = CARTESIAN_POINT('',(4.765978508213,20.341886727102));
#5360 = CARTESIAN_POINT('',(4.768990527345,20.350355946239));
#5361 = CARTESIAN_POINT('',(4.771971773404,20.359272591372));
#5362 = CARTESIAN_POINT('',(4.781287449606,20.388781530901));
#5363 = CARTESIAN_POINT('',(4.78750136284,20.410920533027));
#5364 = CARTESIAN_POINT('',(4.793562985856,20.434847278823));
#5365 = CARTESIAN_POINT('',(4.799472823018,20.460385588307));
#5366 = CARTESIAN_POINT('',(4.805231660744,20.487367657218));
#5367 = CARTESIAN_POINT('',(4.810840567503,20.515634057016));
#5368 = CARTESIAN_POINT('',(4.825974768652,20.597120146451));
#5369 = CARTESIAN_POINT('',(4.835198149862,20.652848546466));
#5370 = CARTESIAN_POINT('',(4.843997199611,20.71151744015));
#5371 = CARTESIAN_POINT('',(4.852400134099,20.772567047301));
#5372 = CARTESIAN_POINT('',(4.860437356353,20.835579237061));
#5373 = CARTESIAN_POINT('',(4.868141589017,20.900277462674));
#5374 = CARTESIAN_POINT('',(4.884749887884,21.048836057902));
#5375 = CARTESIAN_POINT('',(4.893493007015,21.133548243222));
#5376 = CARTESIAN_POINT('',(4.901810699787,21.220108383662));
#5377 = CARTESIAN_POINT('',(4.909737030326,21.308113423626));
#5378 = CARTESIAN_POINT('',(4.917306890875,21.397312144914));
#5379 = CARTESIAN_POINT('',(4.924556101051,21.487605191146));
#5380 = CARTESIAN_POINT('',(4.958979772661,21.939509517366));
#5381 = CARTESIAN_POINT('',(4.982403465296,22.322740330983));
#5382 = CARTESIAN_POINT('',(5.002362876015,22.713723930253));
#5383 = CARTESIAN_POINT('',(5.01945580666,23.105290881908));
#5384 = CARTESIAN_POINT('',(5.034231115241,23.496030276779));
#5385 = CARTESIAN_POINT('',(5.047151495328,23.889875345666));
#5386 = CARTESIAN_POINT('',(5.073165924538,24.816950809901));
#5387 = CARTESIAN_POINT('',(5.084874271897,25.345250801605));
#5388 = CARTESIAN_POINT('',(5.093933315856,25.875341669117));
#5389 = CARTESIAN_POINT('',(5.100579010548,26.405557664932));
#5390 = CARTESIAN_POINT('',(5.104970621952,26.935848940237));
#5391 = CARTESIAN_POINT('',(5.107180100084,27.467025733426));
#5392 = CARTESIAN_POINT('',(5.107180100084,28.));
#5393 = ( GEOMETRIC_REPRESENTATION_CONTEXT(2) 
PARAMETRIC_REPRESENTATION_CONTEXT() REPRESENTATION_CONTEXT('2D SPACE',''
  ) );
#5394 = ORIENTED_EDGE('',*,*,#5395,.T.);
#5395 = EDGE_CURVE('',#5137,#5396,#5398,.T.);
#5396 = VERTEX_POINT('',#5397);
#5397 = CARTESIAN_POINT('',(-97.5,185.,3.164135620182E-14));
#5398 = SURFACE_CURVE('',#5399,(#5403,#5409),.PCURVE_S1.);
#5399 = LINE('',#5400,#5401);
#5400 = CARTESIAN_POINT('',(-240.,185.,0.));
#5401 = VECTOR('',#5402,1.);
#5402 = DIRECTION('',(1.,0.,2.22044604925E-16));
#5403 = PCURVE('',#1862,#5404);
#5404 = DEFINITIONAL_REPRESENTATION('',(#5405),#5408);
#5405 = B_SPLINE_CURVE_WITH_KNOTS('',1,(#5406,#5407),.UNSPECIFIED.,.F.,
  .F.,(2,2),(-8.157786440681E-31,480.),.PIECEWISE_BEZIER_KNOTS.);
#5406 = CARTESIAN_POINT('',(7.853981633974,1.101713493425E-29));
#5407 = CARTESIAN_POINT('',(7.853981633974,480.));
#5408 = ( GEOMETRIC_REPRESENTATION_CONTEXT(2) 
PARAMETRIC_REPRESENTATION_CONTEXT() REPRESENTATION_CONTEXT('2D SPACE',''
  ) );
#5409 = PCURVE('',#3371,#5410);
#5410 = DEFINITIONAL_REPRESENTATION('',(#5411),#5414);
#5411 = B_SPLINE_CURVE_WITH_KNOTS('',1,(#5412,#5413),.UNSPECIFIED.,.F.,
  .F.,(2,2),(-5.999999928008E-07,480.0000006),.PIECEWISE_BEZIER_KNOTS.);
#5412 = CARTESIAN_POINT('',(21.9999994,397.));
#5413 = CARTESIAN_POINT('',(502.0000006,397.));
#5414 = ( GEOMETRIC_REPRESENTATION_CONTEXT(2) 
PARAMETRIC_REPRESENTATION_CONTEXT() REPRESENTATION_CONTEXT('2D SPACE',''
  ) );
#5415 = ORIENTED_EDGE('',*,*,#5416,.T.);
#5416 = EDGE_CURVE('',#5396,#5417,#5419,.T.);
#5417 = VERTEX_POINT('',#5418);
#5418 = CARTESIAN_POINT('',(-92.5,185.,3.275157922644E-14));
#5419 = SURFACE_CURVE('',#5420,(#5501,#5585),.PCURVE_S1.);
#5420 = B_SPLINE_CURVE_WITH_KNOTS('',7,(#5421,#5422,#5423,#5424,#5425,
    #5426,#5427,#5428,#5429,#5430,#5431,#5432,#5433,#5434,#5435,#5436,
    #5437,#5438,#5439,#5440,#5441,#5442,#5443,#5444,#5445,#5446,#5447,
    #5448,#5449,#5450,#5451,#5452,#5453,#5454,#5455,#5456,#5457,#5458,
    #5459,#5460,#5461,#5462,#5463,#5464,#5465,#5466,#5467,#5468,#5469,
    #5470,#5471,#5472,#5473,#5474,#5475,#5476,#5477,#5478,#5479,#5480,
    #5481,#5482,#5483,#5484,#5485,#5486,#5487,#5488,#5489,#5490,#5491,
    #5492,#5493,#5494,#5495,#5496,#5497,#5498,#5499,#5500),
  .UNSPECIFIED.,.F.,.F.,(8,6,6,6,6,6,6,6,6,6,6,6,6,8),(0.,0.228896062325
    ,0.343532364614,0.431847797116,0.468703325692,0.486680400267,
    0.500335484175,0.516506372633,0.52535289214,0.544449510375,
    0.57828234083,0.62031692035,0.786021067912,1.),.UNSPECIFIED.);
#5421 = CARTESIAN_POINT('',(-97.5,185.,1.33226762955E-14));
#5422 = CARTESIAN_POINT('',(-97.5,185.,-0.567647853335));
#5423 = CARTESIAN_POINT('',(-97.48496320894,184.99373474097,
    -1.132759742587));
#5424 = CARTESIAN_POINT('',(-97.45512912534,184.98130377531,
    -1.696760534446));
#5425 = CARTESIAN_POINT('',(-97.40984087759,184.96271185601,
    -2.260848373852));
#5426 = CARTESIAN_POINT('',(-97.34763335746,184.93788412414,
    -2.825038305928));
#5427 = CARTESIAN_POINT('',(-97.26629583183,184.90689546046,
    -3.387081433564));
#5428 = CARTESIAN_POINT('',(-97.1111305957,184.85214326498,
    -4.218804520745));
#5429 = CARTESIAN_POINT('',(-97.05394131579,184.83253704554,
    -4.493734594886));
#5430 = CARTESIAN_POINT('',(-96.99066112839,184.81156414265,
    -4.767274172305));
#5431 = CARTESIAN_POINT('',(-96.92042873492,184.78920194726,
    -5.039891151946));
#5432 = CARTESIAN_POINT('',(-96.84224300661,184.76549037356,
    -5.311137206847));
#5433 = CARTESIAN_POINT('',(-96.75500334677,184.74059738017,
    -5.579488967754));
#5434 = CARTESIAN_POINT('',(-96.58247051022,184.69509588388,
    -6.044574327991));
#5435 = CARTESIAN_POINT('',(-96.5020842595,184.67501462595,
    -6.24157002568));
#5436 = CARTESIAN_POINT('',(-96.41471664316,184.65448286193,
    -6.435706430138));
#5437 = CARTESIAN_POINT('',(-96.31853449796,184.6334549948,
    -6.627550746635));
#5438 = CARTESIAN_POINT('',(-96.21167425946,184.61212501839,
    -6.815485069725));
#5439 = CARTESIAN_POINT('',(-96.0923706794,184.59103075998,
    -6.995485007442));
#5440 = CARTESIAN_POINT('',(-95.90346278666,184.56284863522,
    -7.229930603183));
#5441 = CARTESIAN_POINT('',(-95.84514400788,184.5547224828,
    -7.296745330206));
#5442 = CARTESIAN_POINT('',(-95.78384128242,184.54682174761,
    -7.360984434214));
#5443 = CARTESIAN_POINT('',(-95.71928453347,184.53922790262,
    -7.422085901647));
#5444 = CARTESIAN_POINT('',(-95.65122901761,184.53205193596,
    -7.479278746526));
#5445 = CARTESIAN_POINT('',(-95.57946323931,184.5254359749,
    -7.531576220134));
#5446 = CARTESIAN_POINT('',(-95.46691872391,184.51668629425,
    -7.60030054995));
#5447 = CARTESIAN_POINT('',(-95.42907152778,184.51399036298,
    -7.621395401681));
#5448 = CARTESIAN_POINT('',(-95.3903286521,184.51149392636,
    -7.640863364652));
#5449 = CARTESIAN_POINT('',(-95.35074385756,184.50922215141,
    -7.658526752156));
#5450 = CARTESIAN_POINT('',(-95.31037129036,184.50719856183,
    -7.674220402012));
#5451 = CARTESIAN_POINT('',(-95.26926548222,184.50544503797,
    -7.687791676568));
#5452 = CARTESIAN_POINT('',(-95.19574282561,184.50287037873,
    -7.707690426696));
#5453 = CARTESIAN_POINT('',(-95.16362987939,184.50192693441,
    -7.714970427081));
#5454 = CARTESIAN_POINT('',(-95.13121574311,184.50116168942,
    -7.720868379408));
#5455 = CARTESIAN_POINT('',(-95.09857330744,184.50058236891,
    -7.725329753453));
#5456 = CARTESIAN_POINT('',(-95.06577512233,184.50019421764,
    -7.728317573205));
#5457 = CARTESIAN_POINT('',(-95.03289339701,184.5,-7.72981241687));
#5458 = CARTESIAN_POINT('',(-94.96104634305,184.5,-7.72981241687));
#5459 = CARTESIAN_POINT('',(-94.92212101501,184.50027240041,
    -7.727716031507));
#5460 = CARTESIAN_POINT('',(-94.88333699192,184.50081638822,
    -7.723528632548));
#5461 = CARTESIAN_POINT('',(-94.84480798058,184.5016265643,
    -7.717288108361));
#5462 = CARTESIAN_POINT('',(-94.80664841858,184.50269294346,
    -7.709064863916));
#5463 = CARTESIAN_POINT('',(-94.76897347429,184.50400095443,
    -7.698961820785));
#5464 = CARTESIAN_POINT('',(-94.71161694255,184.50636871412,
    -7.680633122825));
#5465 = CARTESIAN_POINT('',(-94.69150629354,184.50727293734,
    -7.673627126446));
#5466 = CARTESIAN_POINT('',(-94.67157514936,184.50824155619,
    -7.66611423782));
#5467 = CARTESIAN_POINT('',(-94.65183155805,184.50927188223,
    -7.658113272898));
#5468 = CARTESIAN_POINT('',(-94.63228356609,184.51036109196,
    -7.649644053762));
#5469 = CARTESIAN_POINT('',(-94.61293921843,184.51150622677,
    -7.640727408629));
#5470 = CARTESIAN_POINT('',(-94.55250567127,184.51529019335,
    -7.611218469103));
#5471 = CARTESIAN_POINT('',(-94.51221342562,184.51812106089,
    -7.589079466973));
#5472 = CARTESIAN_POINT('',(-94.47292936018,184.52117012442,
    -7.565152721173));
#5473 = CARTESIAN_POINT('',(-94.43465077766,184.524412027,-7.53961441169
    ));
#5474 = CARTESIAN_POINT('',(-94.39737274485,184.52782272595,
    -7.512632342784));
#5475 = CARTESIAN_POINT('',(-94.36108809251,184.53137949288,
    -7.48436594299));
#5476 = CARTESIAN_POINT('',(-94.26324640395,184.54158316175,
    -7.40287985355));
#5477 = CARTESIAN_POINT('',(-94.20369144916,184.54850752932,
    -7.347151453534));
#5478 = CARTESIAN_POINT('',(-94.1469505093,184.55573233098,
    -7.28848255985));
#5479 = CARTESIAN_POINT('',(-94.09283658049,184.56317724046,
    -7.227432952699));
#5480 = CARTESIAN_POINT('',(-94.04114784272,184.57078216294,
    -7.16442076294));
#5481 = CARTESIAN_POINT('',(-93.99166780571,184.57850610753,
    -7.099722537326));
#5482 = CARTESIAN_POINT('',(-93.88514759208,184.59604172321,
    -6.951163942098));
#5483 = CARTESIAN_POINT('',(-93.82917641308,184.60590655652,
    -6.866451756779));
#5484 = CARTESIAN_POINT('',(-93.77602742515,184.61584085941,
    -6.779891616339));
#5485 = CARTESIAN_POINT('',(-93.72547175565,184.62578808706,
    -6.691886576374));
#5486 = CARTESIAN_POINT('',(-93.67727617216,184.63571243386,
    -6.602687855087));
#5487 = CARTESIAN_POINT('',(-93.63120310259,184.64559641729,
    -6.512394808854));
#5488 = CARTESIAN_POINT('',(-93.41279999608,184.69423669929,
    -6.060490475159));
#5489 = CARTESIAN_POINT('',(-93.26543003517,184.73291527578,
    -5.677259699527));
#5490 = CARTESIAN_POINT('',(-93.14083805927,184.76927723066,
    -5.286276012305));
#5491 = CARTESIAN_POINT('',(-93.03480789507,184.8025784159,
    -4.894709177441));
#5492 = CARTESIAN_POINT('',(-92.94365160578,184.83286016116,
    -4.503969689564));
#5493 = CARTESIAN_POINT('',(-92.86431767328,184.86043103924,
    -4.110124663113));
#5494 = CARTESIAN_POINT('',(-92.70525157253,184.91779553962,
    -3.183049190099));
#5495 = CARTESIAN_POINT('',(-92.63421382996,184.94514673723,
    -2.654749198395));
#5496 = CARTESIAN_POINT('',(-92.5795570558,184.96706751187,
    -2.124658330883));
#5497 = CARTESIAN_POINT('',(-92.53960734458,184.98349688041,
    -1.594442335068));
#5498 = CARTESIAN_POINT('',(-92.51325649415,184.99447652807,
    -1.064151059763));
#5499 = CARTESIAN_POINT('',(-92.5,185.,-0.532974266575));
#5500 = CARTESIAN_POINT('',(-92.5,185.,1.42108547152E-14));
#5501 = PCURVE('',#1862,#5502);
#5502 = DEFINITIONAL_REPRESENTATION('',(#5503),#5584);
#5503 = B_SPLINE_CURVE_WITH_KNOTS('',7,(#5504,#5505,#5506,#5507,#5508,
    #5509,#5510,#5511,#5512,#5513,#5514,#5515,#5516,#5517,#5518,#5519,
    #5520,#5521,#5522,#5523,#5524,#5525,#5526,#5527,#5528,#5529,#5530,
    #5531,#5532,#5533,#5534,#5535,#5536,#5537,#5538,#5539,#5540,#5541,
    #5542,#5543,#5544,#5545,#5546,#5547,#5548,#5549,#5550,#5551,#5552,
    #5553,#5554,#5555,#5556,#5557,#5558,#5559,#5560,#5561,#5562,#5563,
    #5564,#5565,#5566,#5567,#5568,#5569,#5570,#5571,#5572,#5573,#5574,
    #5575,#5576,#5577,#5578,#5579,#5580,#5581,#5582,#5583),
  .UNSPECIFIED.,.F.,.F.,(8,6,6,6,6,6,6,6,6,6,6,6,6,8),(0.,0.228896062325
    ,0.343532364614,0.431847797116,0.468703325692,0.486680400267,
    0.500335484175,0.516506372633,0.52535289214,0.544449510375,
    0.57828234083,0.62031692035,0.786021067912,1.),.UNSPECIFIED.);
#5504 = CARTESIAN_POINT('',(7.853981633974,142.5));
#5505 = CARTESIAN_POINT('',(7.844520836419,142.5));
#5506 = CARTESIAN_POINT('',(7.835102309007,142.51503679105));
#5507 = CARTESIAN_POINT('',(7.825700898971,142.54487087465));
#5508 = CARTESIAN_POINT('',(7.81629535949,142.5901591224));
#5509 = CARTESIAN_POINT('',(7.806884014497,142.65236664253));
#5510 = CARTESIAN_POINT('',(7.797502937286,142.73370416816));
#5511 = CARTESIAN_POINT('',(7.783610882236,142.88886940429));
#5512 = CARTESIAN_POINT('',(7.779017146031,142.9460586842));
#5513 = CARTESIAN_POINT('',(7.774444875465,143.0093388716));
#5514 = CARTESIAN_POINT('',(7.769886115795,143.07957126507));
#5515 = CARTESIAN_POINT('',(7.765348210547,143.15775699338));
#5516 = CARTESIAN_POINT('',(7.760856536417,143.24499665322));
#5517 = CARTESIAN_POINT('',(7.753068105209,143.41752948977));
#5518 = CARTESIAN_POINT('',(7.749767856033,143.49791574049));
#5519 = CARTESIAN_POINT('',(7.746514241625,143.58528335684));
#5520 = CARTESIAN_POINT('',(7.743297728398,143.68146550204));
#5521 = CARTESIAN_POINT('',(7.740145415055,143.78832574053));
#5522 = CARTESIAN_POINT('',(7.737124899161,143.90762932059));
#5523 = CARTESIAN_POINT('',(7.733189342956,144.09653721333));
#5524 = CARTESIAN_POINT('',(7.732067559505,144.15485599212));
#5525 = CARTESIAN_POINT('',(7.730988842104,144.21615871757));
#5526 = CARTESIAN_POINT('',(7.729962650944,144.28071546652));
#5527 = CARTESIAN_POINT('',(7.729001963954,144.34877098238));
#5528 = CARTESIAN_POINT('',(7.728123392677,144.42053676068));
#5529 = CARTESIAN_POINT('',(7.726968741405,144.53308127608));
#5530 = CARTESIAN_POINT('',(7.726614301029,144.57092847221));
#5531 = CARTESIAN_POINT('',(7.726287178188,144.60967134789));
#5532 = CARTESIAN_POINT('',(7.725990363552,144.64925614243));
#5533 = CARTESIAN_POINT('',(7.725726637301,144.68962870963));
#5534 = CARTESIAN_POINT('',(7.725498569121,144.73073451778));
#5535 = CARTESIAN_POINT('',(7.725164158725,144.80425717438));
#5536 = CARTESIAN_POINT('',(7.725041810756,144.8363701206));
#5537 = CARTESIAN_POINT('',(7.7249426876,144.86878425688));
#5538 = CARTESIAN_POINT('',(7.724867707103,144.90142669256));
#5539 = CARTESIAN_POINT('',(7.724817491656,144.93422487767));
#5540 = CARTESIAN_POINT('',(7.724792368192,144.96710660298));
#5541 = CARTESIAN_POINT('',(7.724792368192,145.03895365694));
#5542 = CARTESIAN_POINT('',(7.724827601677,145.07787898498));
#5543 = CARTESIAN_POINT('',(7.72489797811,145.11666300807));
#5544 = CARTESIAN_POINT('',(7.725002859688,145.15519201941));
#5545 = CARTESIAN_POINT('',(7.725141061341,145.19335158141));
#5546 = CARTESIAN_POINT('',(7.725310850729,145.23102652571));
#5547 = CARTESIAN_POINT('',(7.725618867438,145.28838305744));
#5548 = CARTESIAN_POINT('',(7.725736602551,145.30849370645));
#5549 = CARTESIAN_POINT('',(7.725862853751,145.32842485063));
#5550 = CARTESIAN_POINT('',(7.725997304287,145.34816844194));
#5551 = CARTESIAN_POINT('',(7.726139620492,145.3677164339));
#5552 = CARTESIAN_POINT('',(7.726289451778,145.38706078156));
#5553 = CARTESIAN_POINT('',(7.726785294471,145.44749432872));
#5554 = CARTESIAN_POINT('',(7.727157282061,145.48778657437));
#5555 = CARTESIAN_POINT('',(7.727559285991,145.52707063982));
#5556 = CARTESIAN_POINT('',(7.727988340146,145.56534922233));
#5557 = CARTESIAN_POINT('',(7.728441619722,145.60262725515));
#5558 = CARTESIAN_POINT('',(7.728916441226,145.63891190748));
#5559 = CARTESIAN_POINT('',(7.730285148811,145.73675359604));
#5560 = CARTESIAN_POINT('',(7.731221097306,145.79630855083));
#5561 = CARTESIAN_POINT('',(7.732206297526,145.85304949069));
#5562 = CARTESIAN_POINT('',(7.733231327518,145.9071634195));
#5563 = CARTESIAN_POINT('',(7.734289150273,145.95885215727));
#5564 = CARTESIAN_POINT('',(7.735375110204,146.00833219428));
#5565 = CARTESIAN_POINT('',(7.737868276087,146.11485240792));
#5566 = CARTESIAN_POINT('',(7.739289684916,146.17082358691));
#5567 = CARTESIAN_POINT('',(7.740741820798,146.22397257484));
#5568 = CARTESIAN_POINT('',(7.74221790723,146.27452824434));
#5569 = CARTESIAN_POINT('',(7.743713722089,146.32272382783));
#5570 = CARTESIAN_POINT('',(7.745227593209,146.3687968974));
#5571 = CARTESIAN_POINT('',(7.752802834383,146.58720000391));
#5572 = CARTESIAN_POINT('',(7.759222321714,146.73456996482));
#5573 = CARTESIAN_POINT('',(7.76576650837,146.85916194072));
#5574 = CARTESIAN_POINT('',(7.772315831806,146.96519210492));
#5575 = CARTESIAN_POINT('',(7.778847400063,147.05634839421));
#5576 = CARTESIAN_POINT('',(7.785427332364,147.13568232671));
#5577 = CARTESIAN_POINT('',(7.800908141438,147.29474842746));
#5578 = CARTESIAN_POINT('',(7.80972448445,147.36578617003));
#5579 = CARTESIAN_POINT('',(7.818566122728,147.42044294419));
#5580 = CARTESIAN_POINT('',(7.82740644432,147.46039265541));
#5581 = CARTESIAN_POINT('',(7.836245785496,147.48674350585));
#5582 = CARTESIAN_POINT('',(7.845098729532,147.5));
#5583 = CARTESIAN_POINT('',(7.853981633974,147.5));
#5584 = ( GEOMETRIC_REPRESENTATION_CONTEXT(2) 
PARAMETRIC_REPRESENTATION_CONTEXT() REPRESENTATION_CONTEXT('2D SPACE',''
  ) );
#5585 = PCURVE('',#5586,#5591);
#5586 = CYLINDRICAL_SURFACE('',#5587,6.5);
#5587 = AXIS2_PLACEMENT_3D('',#5588,#5589,#5590);
#5588 = CARTESIAN_POINT('',(-95.,191.,-28.));
#5589 = DIRECTION('',(0.,0.,1.));
#5590 = DIRECTION('',(1.,0.,-0.));
#5591 = DEFINITIONAL_REPRESENTATION('',(#5592),#5673);
#5592 = B_SPLINE_CURVE_WITH_KNOTS('',7,(#5593,#5594,#5595,#5596,#5597,
    #5598,#5599,#5600,#5601,#5602,#5603,#5604,#5605,#5606,#5607,#5608,
    #5609,#5610,#5611,#5612,#5613,#5614,#5615,#5616,#5617,#5618,#5619,
    #5620,#5621,#5622,#5623,#5624,#5625,#5626,#5627,#5628,#5629,#5630,
    #5631,#5632,#5633,#5634,#5635,#5636,#5637,#5638,#5639,#5640,#5641,
    #5642,#5643,#5644,#5645,#5646,#5647,#5648,#5649,#5650,#5651,#5652,
    #5653,#5654,#5655,#5656,#5657,#5658,#5659,#5660,#5661,#5662,#5663,
    #5664,#5665,#5666,#5667,#5668,#5669,#5670,#5671,#5672),
  .UNSPECIFIED.,.F.,.F.,(8,6,6,6,6,6,6,6,6,6,6,6,6,8),(0.,0.228896062325
    ,0.343532364614,0.431847797116,0.468703325692,0.486680400267,
    0.500335484175,0.516506372633,0.52535289214,0.544449510375,
    0.57828234083,0.62031692035,0.786021067912,1.),.UNSPECIFIED.);
#5593 = CARTESIAN_POINT('',(4.317597860685,28.));
#5594 = CARTESIAN_POINT('',(4.317597860685,27.432352146665));
#5595 = CARTESIAN_POINT('',(4.320104101486,26.867240257413));
#5596 = CARTESIAN_POINT('',(4.325076101723,26.303239465554));
#5597 = CARTESIAN_POINT('',(4.33260804767,25.739151626148));
#5598 = CARTESIAN_POINT('',(4.342911435819,25.174961694072));
#5599 = CARTESIAN_POINT('',(4.35629832093,24.612918566436));
#5600 = CARTESIAN_POINT('',(4.381612467133,23.781195479255));
#5601 = CARTESIAN_POINT('',(4.390913144819,23.506265405114));
#5602 = CARTESIAN_POINT('',(4.401168376353,23.232725827695));
#5603 = CARTESIAN_POINT('',(4.412506316999,22.960108848054));
#5604 = CARTESIAN_POINT('',(4.425073500341,22.688862793153));
#5605 = CARTESIAN_POINT('',(4.439027874698,22.420511032246));
#5606 = CARTESIAN_POINT('',(4.466478946115,21.955425672009));
#5607 = CARTESIAN_POINT('',(4.47922504417,21.75842997432));
#5608 = CARTESIAN_POINT('',(4.493030038009,21.564293569862));
#5609 = CARTESIAN_POINT('',(4.508173194621,21.372449253365));
#5610 = CARTESIAN_POINT('',(4.524931938381,21.184514930275));
#5611 = CARTESIAN_POINT('',(4.543564306911,21.004514992558));
#5612 = CARTESIAN_POINT('',(4.572948690356,20.770069396817));
#5613 = CARTESIAN_POINT('',(4.582007062469,20.703254669794));
#5614 = CARTESIAN_POINT('',(4.591515441311,20.639015565786));
#5615 = CARTESIAN_POINT('',(4.601514541548,20.577914098353));
#5616 = CARTESIAN_POINT('',(4.612041274906,20.520721253474));
#5617 = CARTESIAN_POINT('',(4.623127849842,20.468423779866));
#5618 = CARTESIAN_POINT('',(4.640494637745,20.39969945005));
#5619 = CARTESIAN_POINT('',(4.646331911354,20.378604598319));
#5620 = CARTESIAN_POINT('',(4.652304493431,20.359136635348));
#5621 = CARTESIAN_POINT('',(4.658404207295,20.341473247844));
#5622 = CARTESIAN_POINT('',(4.66462289818,20.325779597988));
#5623 = CARTESIAN_POINT('',(4.67095243324,20.312208323432));
#5624 = CARTESIAN_POINT('',(4.682270544509,20.292309573304));
#5625 = CARTESIAN_POINT('',(4.687213045066,20.285029572919));
#5626 = CARTESIAN_POINT('',(4.692201092812,20.279131620592));
#5627 = CARTESIAN_POINT('',(4.697223646852,20.274670246547));
#5628 = CARTESIAN_POINT('',(4.702269735797,20.271682426795));
#5629 = CARTESIAN_POINT('',(4.707328457767,20.27018758313));
#5630 = CARTESIAN_POINT('',(4.718381850684,20.27018758313));
#5631 = CARTESIAN_POINT('',(4.724370350885,20.272283968493));
#5632 = CARTESIAN_POINT('',(4.730337480235,20.276471367452));
#5633 = CARTESIAN_POINT('',(4.736266086864,20.282711891639));
#5634 = CARTESIAN_POINT('',(4.742138867781,20.290935136084));
#5635 = CARTESIAN_POINT('',(4.74793836888,20.301038179215));
#5636 = CARTESIAN_POINT('',(4.756769966292,20.319366877175));
#5637 = CARTESIAN_POINT('',(4.759867017065,20.326372873554));
#5638 = CARTESIAN_POINT('',(4.762936933785,20.33388576218));
#5639 = CARTESIAN_POINT('',(4.765978508213,20.341886727102));
#5640 = CARTESIAN_POINT('',(4.768990527345,20.350355946238));
#5641 = CARTESIAN_POINT('',(4.771971773404,20.359272591371));
#5642 = CARTESIAN_POINT('',(4.781287449604,20.388781530897));
#5643 = CARTESIAN_POINT('',(4.78750136284,20.410920533027));
#5644 = CARTESIAN_POINT('',(4.793562985857,20.434847278827));
#5645 = CARTESIAN_POINT('',(4.799472823019,20.46038558831));
#5646 = CARTESIAN_POINT('',(4.805231660744,20.487367657216));
#5647 = CARTESIAN_POINT('',(4.810840567502,20.51563405701));
#5648 = CARTESIAN_POINT('',(4.825974768652,20.59712014645));
#5649 = CARTESIAN_POINT('',(4.835198149862,20.652848546466));
#5650 = CARTESIAN_POINT('',(4.843997199611,20.71151744015));
#5651 = CARTESIAN_POINT('',(4.852400134099,20.772567047301));
#5652 = CARTESIAN_POINT('',(4.860437356353,20.83557923706));
#5653 = CARTESIAN_POINT('',(4.868141589017,20.900277462674));
#5654 = CARTESIAN_POINT('',(4.884749887884,21.048836057902));
#5655 = CARTESIAN_POINT('',(4.893493007015,21.133548243221));
#5656 = CARTESIAN_POINT('',(4.901810699787,21.220108383661));
#5657 = CARTESIAN_POINT('',(4.909737030326,21.308113423626));
#5658 = CARTESIAN_POINT('',(4.917306890875,21.397312144913));
#5659 = CARTESIAN_POINT('',(4.924556101051,21.487605191146));
#5660 = CARTESIAN_POINT('',(4.95897977323,21.939509524841));
#5661 = CARTESIAN_POINT('',(4.982403463323,22.322740300473));
#5662 = CARTESIAN_POINT('',(5.002362879223,22.713723987695));
#5663 = CARTESIAN_POINT('',(5.019455803843,23.105290822559));
#5664 = CARTESIAN_POINT('',(5.034231116543,23.496030310436));
#5665 = CARTESIAN_POINT('',(5.047151495082,23.889875336887));
#5666 = CARTESIAN_POINT('',(5.073165924538,24.816950809901));
#5667 = CARTESIAN_POINT('',(5.084874271897,25.345250801605));
#5668 = CARTESIAN_POINT('',(5.093933315856,25.875341669117));
#5669 = CARTESIAN_POINT('',(5.100579010548,26.405557664932));
#5670 = CARTESIAN_POINT('',(5.104970621952,26.935848940237));
#5671 = CARTESIAN_POINT('',(5.107180100084,27.467025733425));
#5672 = CARTESIAN_POINT('',(5.107180100084,28.));
#5673 = ( GEOMETRIC_REPRESENTATION_CONTEXT(2) 
PARAMETRIC_REPRESENTATION_CONTEXT() REPRESENTATION_CONTEXT('2D SPACE',''
  ) );
#5674 = ORIENTED_EDGE('',*,*,#5675,.T.);
#5675 = EDGE_CURVE('',#5417,#5676,#5678,.T.);
#5676 = VERTEX_POINT('',#5677);
#5677 = CARTESIAN_POINT('',(-2.5,185.,5.273559366969E-14));
#5678 = SURFACE_CURVE('',#5679,(#5683,#5689),.PCURVE_S1.);
#5679 = LINE('',#5680,#5681);
#5680 = CARTESIAN_POINT('',(-240.,185.,0.));
#5681 = VECTOR('',#5682,1.);
#5682 = DIRECTION('',(1.,0.,2.22044604925E-16));
#5683 = PCURVE('',#1862,#5684);
#5684 = DEFINITIONAL_REPRESENTATION('',(#5685),#5688);
#5685 = B_SPLINE_CURVE_WITH_KNOTS('',1,(#5686,#5687),.UNSPECIFIED.,.F.,
  .F.,(2,2),(-8.157786440681E-31,480.),.PIECEWISE_BEZIER_KNOTS.);
#5686 = CARTESIAN_POINT('',(7.853981633974,1.101713493425E-29));
#5687 = CARTESIAN_POINT('',(7.853981633974,480.));
#5688 = ( GEOMETRIC_REPRESENTATION_CONTEXT(2) 
PARAMETRIC_REPRESENTATION_CONTEXT() REPRESENTATION_CONTEXT('2D SPACE',''
  ) );
#5689 = PCURVE('',#3371,#5690);
#5690 = DEFINITIONAL_REPRESENTATION('',(#5691),#5694);
#5691 = B_SPLINE_CURVE_WITH_KNOTS('',1,(#5692,#5693),.UNSPECIFIED.,.F.,
  .F.,(2,2),(-5.999999928008E-07,480.0000006),.PIECEWISE_BEZIER_KNOTS.);
#5692 = CARTESIAN_POINT('',(21.9999994,397.));
#5693 = CARTESIAN_POINT('',(502.0000006,397.));
#5694 = ( GEOMETRIC_REPRESENTATION_CONTEXT(2) 
PARAMETRIC_REPRESENTATION_CONTEXT() REPRESENTATION_CONTEXT('2D SPACE',''
  ) );
#5695 = ORIENTED_EDGE('',*,*,#5696,.T.);
#5696 = EDGE_CURVE('',#5676,#5697,#5699,.T.);
#5697 = VERTEX_POINT('',#5698);
#5698 = CARTESIAN_POINT('',(2.5,185.,5.384581669432E-14));
#5699 = SURFACE_CURVE('',#5700,(#5781,#5865),.PCURVE_S1.);
#5700 = B_SPLINE_CURVE_WITH_KNOTS('',7,(#5701,#5702,#5703,#5704,#5705,
    #5706,#5707,#5708,#5709,#5710,#5711,#5712,#5713,#5714,#5715,#5716,
    #5717,#5718,#5719,#5720,#5721,#5722,#5723,#5724,#5725,#5726,#5727,
    #5728,#5729,#5730,#5731,#5732,#5733,#5734,#5735,#5736,#5737,#5738,
    #5739,#5740,#5741,#5742,#5743,#5744,#5745,#5746,#5747,#5748,#5749,
    #5750,#5751,#5752,#5753,#5754,#5755,#5756,#5757,#5758,#5759,#5760,
    #5761,#5762,#5763,#5764,#5765,#5766,#5767,#5768,#5769,#5770,#5771,
    #5772,#5773,#5774,#5775,#5776,#5777,#5778,#5779,#5780),
  .UNSPECIFIED.,.F.,.F.,(8,6,6,6,6,6,6,6,6,6,6,6,6,8),(0.,0.228896427598
    ,0.34353291428,0.431848488836,0.468704074657,0.486681165271,
    0.500336251491,0.516507130229,0.525353636739,0.544450225013,
    0.578283002394,0.620317515973,0.786021403589,1.),.UNSPECIFIED.);
#5701 = CARTESIAN_POINT('',(-2.5,185.,3.46389583683E-14));
#5702 = CARTESIAN_POINT('',(-2.5,185.,-0.567647863153));
#5703 = CARTESIAN_POINT('',(-2.484963210222,184.99373474143,
    -1.132759720422));
#5704 = CARTESIAN_POINT('',(-2.455129123638,184.98130377469,
    -1.696760545813));
#5705 = CARTESIAN_POINT('',(-2.409840876861,184.96271185574,
    -2.260848387511));
#5706 = CARTESIAN_POINT('',(-2.347633359923,184.93788412502,
    -2.825038286653));
#5707 = CARTESIAN_POINT('',(-2.266295830527,184.90689546,-3.387081440593
    ));
#5708 = CARTESIAN_POINT('',(-2.111130595703,184.85214326498,
    -4.218804520745));
#5709 = CARTESIAN_POINT('',(-2.053941315794,184.83253704554,
    -4.493734594886));
#5710 = CARTESIAN_POINT('',(-1.990661128395,184.81156414265,
    -4.767274172304));
#5711 = CARTESIAN_POINT('',(-1.920428734924,184.78920194726,
    -5.039891151946));
#5712 = CARTESIAN_POINT('',(-1.842243006616,184.76549037356,
    -5.311137206847));
#5713 = CARTESIAN_POINT('',(-1.755003346775,184.74059738017,
    -5.579488967754));
#5714 = CARTESIAN_POINT('',(-1.582470510229,184.69509588388,
    -6.044574327991));
#5715 = CARTESIAN_POINT('',(-1.502084259506,184.67501462595,
    -6.24157002568));
#5716 = CARTESIAN_POINT('',(-1.41471664316,184.65448286193,
    -6.435706430138));
#5717 = CARTESIAN_POINT('',(-1.31853449796,184.6334549948,
    -6.627550746635));
#5718 = CARTESIAN_POINT('',(-1.211674259466,184.61212501839,
    -6.815485069725));
#5719 = CARTESIAN_POINT('',(-1.092370679406,184.59103075998,
    -6.995485007442));
#5720 = CARTESIAN_POINT('',(-0.903462789737,184.56284863568,
    -7.229930599368));
#5721 = CARTESIAN_POINT('',(-0.845144004079,184.55472248241,
    -7.296745333361));
#5722 = CARTESIAN_POINT('',(-0.783841279899,184.54682174724,
    -7.360984437243));
#5723 = CARTESIAN_POINT('',(-0.719284536871,184.53922790289,
    -7.422085899495));
#5724 = CARTESIAN_POINT('',(-0.651229021241,184.53205193637,
    -7.479278743185));
#5725 = CARTESIAN_POINT('',(-0.57946323505,184.52543597457,
    -7.531576222738));
#5726 = CARTESIAN_POINT('',(-0.466918750386,184.51668629631,
    -7.600300533786));
#5727 = CARTESIAN_POINT('',(-0.429071528949,184.51399036364,
    -7.621395396379));
#5728 = CARTESIAN_POINT('',(-0.390328628484,184.5114939253,
    -7.64086337287));
#5729 = CARTESIAN_POINT('',(-0.35074383544,184.50922214996,
    -7.658526763569));
#5730 = CARTESIAN_POINT('',(-0.310371295269,184.50719856149,
    -7.674220404699));
#5731 = CARTESIAN_POINT('',(-0.269265512425,184.50544503903,
    -7.687791668393));
#5732 = CARTESIAN_POINT('',(-0.195742825614,184.50287037873,
    -7.707690426696));
#5733 = CARTESIAN_POINT('',(-0.163629879396,184.50192693441,
    -7.714970427081));
#5734 = CARTESIAN_POINT('',(-0.131215743112,184.50116168942,
    -7.720868379408));
#5735 = CARTESIAN_POINT('',(-9.857330743966E-02,184.50058236891,
    -7.725329753453));
#5736 = CARTESIAN_POINT('',(-6.577512233024E-02,184.50019421764,
    -7.728317573205));
#5737 = CARTESIAN_POINT('',(-3.289339701442E-02,184.5,-7.72981241687));
#5738 = CARTESIAN_POINT('',(3.895362693602E-02,184.5,-7.72981241687));
#5739 = CARTESIAN_POINT('',(7.787898110919E-02,184.50027240094,
    -7.727716027442));
#5740 = CARTESIAN_POINT('',(0.11666303142,184.50081638893,
    -7.723528627051));
#5741 = CARTESIAN_POINT('',(0.155192043374,184.50162656454,
    -7.717288106503));
#5742 = CARTESIAN_POINT('',(0.193351579077,184.50269294281,
    -7.709064868949));
#5743 = CARTESIAN_POINT('',(0.231026497239,184.50400095326,
    -7.698961829883));
#5744 = CARTESIAN_POINT('',(0.28838305541,184.50636871403,
    -7.680633123474));
#5745 = CARTESIAN_POINT('',(0.308493706181,184.50727293735,
    -7.673627126391));
#5746 = CARTESIAN_POINT('',(0.328424852195,184.50824155628,
    -7.666114237129));
#5747 = CARTESIAN_POINT('',(0.348168443553,184.50927188231,
    -7.65811327232));
#5748 = CARTESIAN_POINT('',(0.367716433746,184.51036109193,
    -7.64964405399));
#5749 = CARTESIAN_POINT('',(0.38706077966,184.51150622665,
    -7.640727409561));
#5750 = CARTESIAN_POINT('',(0.44749432873,184.51529019335,-7.6112184691)
  );
#5751 = CARTESIAN_POINT('',(0.487786574374,184.51812106089,
    -7.589079466973));
#5752 = CARTESIAN_POINT('',(0.527070639815,184.52117012442,
    -7.565152721176));
#5753 = CARTESIAN_POINT('',(0.565349222327,184.524412027,-7.539614411693
    ));
#5754 = CARTESIAN_POINT('',(0.602627255151,184.52782272596,
    -7.512632342783));
#5755 = CARTESIAN_POINT('',(0.638911907492,184.53137949288,
    -7.484365942986));
#5756 = CARTESIAN_POINT('',(0.736753596045,184.54158316175,
    -7.40287985355));
#5757 = CARTESIAN_POINT('',(0.796308550834,184.54850752932,
    -7.347151453534));
#5758 = CARTESIAN_POINT('',(0.853049490699,184.55573233098,
    -7.28848255985));
#5759 = CARTESIAN_POINT('',(0.907163419506,184.56317724046,
    -7.227432952699));
#5760 = CARTESIAN_POINT('',(0.958852157276,184.57078216294,
    -7.16442076294));
#5761 = CARTESIAN_POINT('',(1.008332194281,184.57850610753,
    -7.099722537326));
#5762 = CARTESIAN_POINT('',(1.11485240792,184.59604172321,
    -6.951163942098));
#5763 = CARTESIAN_POINT('',(1.170823586915,184.60590655652,
    -6.866451756779));
#5764 = CARTESIAN_POINT('',(1.223972574845,184.61584085941,
    -6.779891616339));
#5765 = CARTESIAN_POINT('',(1.274528244342,184.62578808706,
    -6.691886576374));
#5766 = CARTESIAN_POINT('',(1.322723827832,184.63571243386,
    -6.602687855087));
#5767 = CARTESIAN_POINT('',(1.368796897409,184.64559641729,
    -6.512394808854));
#5768 = CARTESIAN_POINT('',(1.587200003918,184.69423669929,
    -6.060490475161));
#5769 = CARTESIAN_POINT('',(1.73456996483,184.73291527578,
    -5.677259699525));
#5770 = CARTESIAN_POINT('',(1.859161940723,184.76927723066,
    -5.286276012302));
#5771 = CARTESIAN_POINT('',(1.965192104921,184.8025784159,
    -4.894709177447));
#5772 = CARTESIAN_POINT('',(2.056348394214,184.83286016116,
    -4.50396968956));
#5773 = CARTESIAN_POINT('',(2.135682326715,184.86043103924,
    -4.110124663114));
#5774 = CARTESIAN_POINT('',(2.294748427464,184.91779553962,-3.1830491901
    ));
#5775 = CARTESIAN_POINT('',(2.365786170038,184.94514673723,
    -2.654749198395));
#5776 = CARTESIAN_POINT('',(2.420442944199,184.96706751187,
    -2.124658330882));
#5777 = CARTESIAN_POINT('',(2.460392655415,184.98349688041,
    -1.594442335067));
#5778 = CARTESIAN_POINT('',(2.48674350585,184.99447652807,
    -1.064151059763));
#5779 = CARTESIAN_POINT('',(2.5,185.,-0.532974266576));
#5780 = CARTESIAN_POINT('',(2.5,185.,3.552713678801E-14));
#5781 = PCURVE('',#1862,#5782);
#5782 = DEFINITIONAL_REPRESENTATION('',(#5783),#5864);
#5783 = B_SPLINE_CURVE_WITH_KNOTS('',7,(#5784,#5785,#5786,#5787,#5788,
    #5789,#5790,#5791,#5792,#5793,#5794,#5795,#5796,#5797,#5798,#5799,
    #5800,#5801,#5802,#5803,#5804,#5805,#5806,#5807,#5808,#5809,#5810,
    #5811,#5812,#5813,#5814,#5815,#5816,#5817,#5818,#5819,#5820,#5821,
    #5822,#5823,#5824,#5825,#5826,#5827,#5828,#5829,#5830,#5831,#5832,
    #5833,#5834,#5835,#5836,#5837,#5838,#5839,#5840,#5841,#5842,#5843,
    #5844,#5845,#5846,#5847,#5848,#5849,#5850,#5851,#5852,#5853,#5854,
    #5855,#5856,#5857,#5858,#5859,#5860,#5861,#5862,#5863),
  .UNSPECIFIED.,.F.,.F.,(8,6,6,6,6,6,6,6,6,6,6,6,6,8),(0.,0.228896427598
    ,0.34353291428,0.431848488836,0.468704074657,0.486681165271,
    0.500336251491,0.516507130229,0.525353636739,0.544450225013,
    0.578283002394,0.620317515973,0.786021403589,1.),.UNSPECIFIED.);
#5784 = CARTESIAN_POINT('',(7.853981633974,237.5));
#5785 = CARTESIAN_POINT('',(7.844520836255,237.5));
#5786 = CARTESIAN_POINT('',(7.835102309377,237.51503678977));
#5787 = CARTESIAN_POINT('',(7.825700898782,237.54487087636));
#5788 = CARTESIAN_POINT('',(7.816295359262,237.59015912313));
#5789 = CARTESIAN_POINT('',(7.806884014818,237.65236664007));
#5790 = CARTESIAN_POINT('',(7.797502937169,237.73370416947));
#5791 = CARTESIAN_POINT('',(7.783610882236,237.88886940429));
#5792 = CARTESIAN_POINT('',(7.779017146031,237.9460586842));
#5793 = CARTESIAN_POINT('',(7.774444875465,238.0093388716));
#5794 = CARTESIAN_POINT('',(7.769886115795,238.07957126507));
#5795 = CARTESIAN_POINT('',(7.765348210547,238.15775699338));
#5796 = CARTESIAN_POINT('',(7.760856536417,238.24499665322));
#5797 = CARTESIAN_POINT('',(7.753068105209,238.41752948977));
#5798 = CARTESIAN_POINT('',(7.749767856033,238.49791574049));
#5799 = CARTESIAN_POINT('',(7.746514241625,238.58528335684));
#5800 = CARTESIAN_POINT('',(7.743297728398,238.68146550204));
#5801 = CARTESIAN_POINT('',(7.740145415055,238.78832574053));
#5802 = CARTESIAN_POINT('',(7.737124899161,238.90762932059));
#5803 = CARTESIAN_POINT('',(7.73318934302,239.09653721026));
#5804 = CARTESIAN_POINT('',(7.732067559452,239.15485599592));
#5805 = CARTESIAN_POINT('',(7.730988842053,239.2161587201));
#5806 = CARTESIAN_POINT('',(7.729962650981,239.28071546312));
#5807 = CARTESIAN_POINT('',(7.72900196401,239.34877097875));
#5808 = CARTESIAN_POINT('',(7.728123392634,239.42053676495));
#5809 = CARTESIAN_POINT('',(7.726968741676,239.53308124961));
#5810 = CARTESIAN_POINT('',(7.726614301118,239.57092847105));
#5811 = CARTESIAN_POINT('',(7.72628717805,239.60967137151));
#5812 = CARTESIAN_POINT('',(7.725990363361,239.64925616456));
#5813 = CARTESIAN_POINT('',(7.725726637256,239.68962870473));
#5814 = CARTESIAN_POINT('',(7.725498569259,239.73073448757));
#5815 = CARTESIAN_POINT('',(7.725164158725,239.80425717438));
#5816 = CARTESIAN_POINT('',(7.725041810756,239.8363701206));
#5817 = CARTESIAN_POINT('',(7.7249426876,239.86878425688));
#5818 = CARTESIAN_POINT('',(7.724867707103,239.90142669256));
#5819 = CARTESIAN_POINT('',(7.724817491656,239.93422487767));
#5820 = CARTESIAN_POINT('',(7.724792368192,239.96710660298));
#5821 = CARTESIAN_POINT('',(7.724792368192,240.03895362693));
#5822 = CARTESIAN_POINT('',(7.724827601745,240.0778789811));
#5823 = CARTESIAN_POINT('',(7.724897978203,240.11666303142));
#5824 = CARTESIAN_POINT('',(7.72500285972,240.15519204337));
#5825 = CARTESIAN_POINT('',(7.725141061256,240.19335157907));
#5826 = CARTESIAN_POINT('',(7.725310850576,240.23102649723));
#5827 = CARTESIAN_POINT('',(7.725618867427,240.28838305541));
#5828 = CARTESIAN_POINT('',(7.725736602551,240.30849370618));
#5829 = CARTESIAN_POINT('',(7.725862853763,240.32842485219));
#5830 = CARTESIAN_POINT('',(7.725997304297,240.34816844355));
#5831 = CARTESIAN_POINT('',(7.726139620488,240.36771643374));
#5832 = CARTESIAN_POINT('',(7.726289451762,240.38706077966));
#5833 = CARTESIAN_POINT('',(7.726785294471,240.44749432873));
#5834 = CARTESIAN_POINT('',(7.727157282061,240.48778657437));
#5835 = CARTESIAN_POINT('',(7.727559285991,240.52707063981));
#5836 = CARTESIAN_POINT('',(7.727988340146,240.56534922232));
#5837 = CARTESIAN_POINT('',(7.728441619722,240.60262725515));
#5838 = CARTESIAN_POINT('',(7.728916441226,240.63891190749));
#5839 = CARTESIAN_POINT('',(7.730285148811,240.73675359604));
#5840 = CARTESIAN_POINT('',(7.731221097306,240.79630855083));
#5841 = CARTESIAN_POINT('',(7.732206297526,240.85304949069));
#5842 = CARTESIAN_POINT('',(7.733231327518,240.9071634195));
#5843 = CARTESIAN_POINT('',(7.734289150273,240.95885215727));
#5844 = CARTESIAN_POINT('',(7.735375110204,241.00833219428));
#5845 = CARTESIAN_POINT('',(7.737868276087,241.11485240792));
#5846 = CARTESIAN_POINT('',(7.739289684916,241.17082358691));
#5847 = CARTESIAN_POINT('',(7.740741820798,241.22397257484));
#5848 = CARTESIAN_POINT('',(7.74221790723,241.27452824434));
#5849 = CARTESIAN_POINT('',(7.743713722089,241.32272382783));
#5850 = CARTESIAN_POINT('',(7.745227593209,241.3687968974));
#5851 = CARTESIAN_POINT('',(7.752802834383,241.58720000391));
#5852 = CARTESIAN_POINT('',(7.759222321714,241.73456996483));
#5853 = CARTESIAN_POINT('',(7.76576650837,241.85916194072));
#5854 = CARTESIAN_POINT('',(7.772315831806,241.96519210492));
#5855 = CARTESIAN_POINT('',(7.778847400063,242.05634839421));
#5856 = CARTESIAN_POINT('',(7.785427332364,242.13568232671));
#5857 = CARTESIAN_POINT('',(7.800908141438,242.29474842746));
#5858 = CARTESIAN_POINT('',(7.80972448445,242.36578617003));
#5859 = CARTESIAN_POINT('',(7.818566122728,242.42044294419));
#5860 = CARTESIAN_POINT('',(7.82740644432,242.46039265541));
#5861 = CARTESIAN_POINT('',(7.836245785496,242.48674350585));
#5862 = CARTESIAN_POINT('',(7.845098729532,242.5));
#5863 = CARTESIAN_POINT('',(7.853981633974,242.5));
#5864 = ( GEOMETRIC_REPRESENTATION_CONTEXT(2) 
PARAMETRIC_REPRESENTATION_CONTEXT() REPRESENTATION_CONTEXT('2D SPACE',''
  ) );
#5865 = PCURVE('',#5866,#5871);
#5866 = CYLINDRICAL_SURFACE('',#5867,6.5);
#5867 = AXIS2_PLACEMENT_3D('',#5868,#5869,#5870);
#5868 = CARTESIAN_POINT('',(0.,191.,-28.));
#5869 = DIRECTION('',(0.,0.,1.));
#5870 = DIRECTION('',(1.,0.,-0.));
#5871 = DEFINITIONAL_REPRESENTATION('',(#5872),#5953);
#5872 = B_SPLINE_CURVE_WITH_KNOTS('',7,(#5873,#5874,#5875,#5876,#5877,
    #5878,#5879,#5880,#5881,#5882,#5883,#5884,#5885,#5886,#5887,#5888,
    #5889,#5890,#5891,#5892,#5893,#5894,#5895,#5896,#5897,#5898,#5899,
    #5900,#5901,#5902,#5903,#5904,#5905,#5906,#5907,#5908,#5909,#5910,
    #5911,#5912,#5913,#5914,#5915,#5916,#5917,#5918,#5919,#5920,#5921,
    #5922,#5923,#5924,#5925,#5926,#5927,#5928,#5929,#5930,#5931,#5932,
    #5933,#5934,#5935,#5936,#5937,#5938,#5939,#5940,#5941,#5942,#5943,
    #5944,#5945,#5946,#5947,#5948,#5949,#5950,#5951,#5952),
  .UNSPECIFIED.,.F.,.F.,(8,6,6,6,6,6,6,6,6,6,6,6,6,8),(0.,0.228896427598
    ,0.34353291428,0.431848488836,0.468704074657,0.486681165271,
    0.500336251491,0.516507130229,0.525353636739,0.544450225013,
    0.578283002394,0.620317515973,0.786021403589,1.),.UNSPECIFIED.);
#5873 = CARTESIAN_POINT('',(4.317597860685,28.));
#5874 = CARTESIAN_POINT('',(4.317597860685,27.432352136847));
#5875 = CARTESIAN_POINT('',(4.320104101277,26.867240279578));
#5876 = CARTESIAN_POINT('',(4.325076102002,26.303239454188));
#5877 = CARTESIAN_POINT('',(4.33260804779,25.739151612489));
#5878 = CARTESIAN_POINT('',(4.342911435418,25.174961713347));
#5879 = CARTESIAN_POINT('',(4.356298321144,24.612918559407));
#5880 = CARTESIAN_POINT('',(4.381612467133,23.781195479255));
#5881 = CARTESIAN_POINT('',(4.390913144819,23.506265405114));
#5882 = CARTESIAN_POINT('',(4.401168376353,23.232725827696));
#5883 = CARTESIAN_POINT('',(4.412506316999,22.960108848054));
#5884 = CARTESIAN_POINT('',(4.425073500341,22.688862793153));
#5885 = CARTESIAN_POINT('',(4.439027874698,22.420511032246));
#5886 = CARTESIAN_POINT('',(4.466478946115,21.955425672009));
#5887 = CARTESIAN_POINT('',(4.47922504417,21.75842997432));
#5888 = CARTESIAN_POINT('',(4.493030038009,21.564293569862));
#5889 = CARTESIAN_POINT('',(4.508173194621,21.372449253365));
#5890 = CARTESIAN_POINT('',(4.524931938381,21.184514930275));
#5891 = CARTESIAN_POINT('',(4.543564306911,21.004514992558));
#5892 = CARTESIAN_POINT('',(4.572948689878,20.770069400632));
#5893 = CARTESIAN_POINT('',(4.582007063057,20.703254666639));
#5894 = CARTESIAN_POINT('',(4.591515441704,20.639015562757));
#5895 = CARTESIAN_POINT('',(4.601514541024,20.577914100505));
#5896 = CARTESIAN_POINT('',(4.612041274345,20.520721256815));
#5897 = CARTESIAN_POINT('',(4.6231278505,20.468423777262));
#5898 = CARTESIAN_POINT('',(4.64049463366,20.399699466214));
#5899 = CARTESIAN_POINT('',(4.646331911169,20.378604603621));
#5900 = CARTESIAN_POINT('',(4.652304497069,20.35913662713));
#5901 = CARTESIAN_POINT('',(4.658404210707,20.341473236431));
#5902 = CARTESIAN_POINT('',(4.66462289743,20.325779595301));
#5903 = CARTESIAN_POINT('',(4.67095242859,20.312208331607));
#5904 = CARTESIAN_POINT('',(4.682270544509,20.292309573304));
#5905 = CARTESIAN_POINT('',(4.687213045066,20.285029572919));
#5906 = CARTESIAN_POINT('',(4.692201092812,20.279131620592));
#5907 = CARTESIAN_POINT('',(4.697223646852,20.274670246547));
#5908 = CARTESIAN_POINT('',(4.702269735797,20.271682426795));
#5909 = CARTESIAN_POINT('',(4.707328457767,20.27018758313));
#5910 = CARTESIAN_POINT('',(4.718381846067,20.27018758313));
#5911 = CARTESIAN_POINT('',(4.72437035029,20.272283972558));
#5912 = CARTESIAN_POINT('',(4.730337483828,20.276471372949));
#5913 = CARTESIAN_POINT('',(4.73626609055,20.282711893497));
#5914 = CARTESIAN_POINT('',(4.74213886742,20.290935131051));
#5915 = CARTESIAN_POINT('',(4.747938364496,20.301038170117));
#5916 = CARTESIAN_POINT('',(4.756769965979,20.319366876526));
#5917 = CARTESIAN_POINT('',(4.759867017023,20.326372873609));
#5918 = CARTESIAN_POINT('',(4.762936934024,20.333885762871));
#5919 = CARTESIAN_POINT('',(4.765978508461,20.34188672768));
#5920 = CARTESIAN_POINT('',(4.768990527321,20.35035594601));
#5921 = CARTESIAN_POINT('',(4.77197177311,20.359272590439));
#5922 = CARTESIAN_POINT('',(4.781287449605,20.388781530901));
#5923 = CARTESIAN_POINT('',(4.78750136284,20.410920533027));
#5924 = CARTESIAN_POINT('',(4.793562985856,20.434847278824));
#5925 = CARTESIAN_POINT('',(4.799472823018,20.460385588307));
#5926 = CARTESIAN_POINT('',(4.805231660744,20.487367657217));
#5927 = CARTESIAN_POINT('',(4.810840567503,20.515634057014));
#5928 = CARTESIAN_POINT('',(4.825974768652,20.59712014645));
#5929 = CARTESIAN_POINT('',(4.835198149862,20.652848546466));
#5930 = CARTESIAN_POINT('',(4.843997199611,20.71151744015));
#5931 = CARTESIAN_POINT('',(4.852400134099,20.772567047301));
#5932 = CARTESIAN_POINT('',(4.860437356353,20.83557923706));
#5933 = CARTESIAN_POINT('',(4.868141589017,20.900277462674));
#5934 = CARTESIAN_POINT('',(4.884749887884,21.048836057902));
#5935 = CARTESIAN_POINT('',(4.893493007015,21.133548243221));
#5936 = CARTESIAN_POINT('',(4.901810699787,21.220108383661));
#5937 = CARTESIAN_POINT('',(4.909737030326,21.308113423626));
#5938 = CARTESIAN_POINT('',(4.917306890875,21.397312144913));
#5939 = CARTESIAN_POINT('',(4.924556101051,21.487605191146));
#5940 = CARTESIAN_POINT('',(4.95897977323,21.939509524839));
#5941 = CARTESIAN_POINT('',(4.982403463323,22.322740300475));
#5942 = CARTESIAN_POINT('',(5.002362879223,22.713723987698));
#5943 = CARTESIAN_POINT('',(5.019455803843,23.105290822553));
#5944 = CARTESIAN_POINT('',(5.034231116543,23.49603031044));
#5945 = CARTESIAN_POINT('',(5.047151495082,23.889875336886));
#5946 = CARTESIAN_POINT('',(5.073165924538,24.8169508099));
#5947 = CARTESIAN_POINT('',(5.084874271897,25.345250801605));
#5948 = CARTESIAN_POINT('',(5.093933315856,25.875341669118));
#5949 = CARTESIAN_POINT('',(5.100579010548,26.405557664933));
#5950 = CARTESIAN_POINT('',(5.104970621952,26.935848940237));
#5951 = CARTESIAN_POINT('',(5.107180100084,27.467025733424));
#5952 = CARTESIAN_POINT('',(5.107180100084,28.));
#5953 = ( GEOMETRIC_REPRESENTATION_CONTEXT(2) 
PARAMETRIC_REPRESENTATION_CONTEXT() REPRESENTATION_CONTEXT('2D SPACE',''
  ) );
#5954 = ORIENTED_EDGE('',*,*,#5955,.T.);
#5955 = EDGE_CURVE('',#5697,#5956,#5958,.T.);
#5956 = VERTEX_POINT('',#5957);
#5957 = CARTESIAN_POINT('',(92.5,185.,7.382983113757E-14));
#5958 = SURFACE_CURVE('',#5959,(#5963,#5969),.PCURVE_S1.);
#5959 = LINE('',#5960,#5961);
#5960 = CARTESIAN_POINT('',(-240.,185.,0.));
#5961 = VECTOR('',#5962,1.);
#5962 = DIRECTION('',(1.,0.,2.22044604925E-16));
#5963 = PCURVE('',#1862,#5964);
#5964 = DEFINITIONAL_REPRESENTATION('',(#5965),#5968);
#5965 = B_SPLINE_CURVE_WITH_KNOTS('',1,(#5966,#5967),.UNSPECIFIED.,.F.,
  .F.,(2,2),(-8.157786440681E-31,480.),.PIECEWISE_BEZIER_KNOTS.);
#5966 = CARTESIAN_POINT('',(7.853981633974,1.101713493425E-29));
#5967 = CARTESIAN_POINT('',(7.853981633974,480.));
#5968 = ( GEOMETRIC_REPRESENTATION_CONTEXT(2) 
PARAMETRIC_REPRESENTATION_CONTEXT() REPRESENTATION_CONTEXT('2D SPACE',''
  ) );
#5969 = PCURVE('',#3371,#5970);
#5970 = DEFINITIONAL_REPRESENTATION('',(#5971),#5974);
#5971 = B_SPLINE_CURVE_WITH_KNOTS('',1,(#5972,#5973),.UNSPECIFIED.,.F.,
  .F.,(2,2),(-5.999999928008E-07,480.0000006),.PIECEWISE_BEZIER_KNOTS.);
#5972 = CARTESIAN_POINT('',(21.9999994,397.));
#5973 = CARTESIAN_POINT('',(502.0000006,397.));
#5974 = ( GEOMETRIC_REPRESENTATION_CONTEXT(2) 
PARAMETRIC_REPRESENTATION_CONTEXT() REPRESENTATION_CONTEXT('2D SPACE',''
  ) );
#5975 = ORIENTED_EDGE('',*,*,#5976,.T.);
#5976 = EDGE_CURVE('',#5956,#5977,#5979,.T.);
#5977 = VERTEX_POINT('',#5978);
#5978 = CARTESIAN_POINT('',(97.5,185.,7.49400541622E-14));
#5979 = SURFACE_CURVE('',#5980,(#6061,#6145),.PCURVE_S1.);
#5980 = B_SPLINE_CURVE_WITH_KNOTS('',7,(#5981,#5982,#5983,#5984,#5985,
    #5986,#5987,#5988,#5989,#5990,#5991,#5992,#5993,#5994,#5995,#5996,
    #5997,#5998,#5999,#6000,#6001,#6002,#6003,#6004,#6005,#6006,#6007,
    #6008,#6009,#6010,#6011,#6012,#6013,#6014,#6015,#6016,#6017,#6018,
    #6019,#6020,#6021,#6022,#6023,#6024,#6025,#6026,#6027,#6028,#6029,
    #6030,#6031,#6032,#6033,#6034,#6035,#6036,#6037,#6038,#6039,#6040,
    #6041,#6042,#6043,#6044,#6045,#6046,#6047,#6048,#6049,#6050,#6051,
    #6052,#6053,#6054,#6055,#6056,#6057,#6058,#6059,#6060),
  .UNSPECIFIED.,.F.,.F.,(8,6,6,6,6,6,6,6,6,6,6,6,6,8),(0.,0.228896060579
    ,0.343532363449,0.431847796397,0.46870332312,0.486680397802,
    0.500335481792,0.516506370336,0.525352889885,0.544449508209,
    0.578282338825,0.620316918545,0.786021066895,1.),.UNSPECIFIED.);
#5981 = CARTESIAN_POINT('',(92.5,185.,5.595524044111E-14));
#5982 = CARTESIAN_POINT('',(92.5,185.,-0.56764786315));
#5983 = CARTESIAN_POINT('',(92.515036789778,184.99373474143,
    -1.132759720427));
#5984 = CARTESIAN_POINT('',(92.544870876362,184.98130377469,
    -1.696760545815));
#5985 = CARTESIAN_POINT('',(92.590159123139,184.96271185574,
    -2.260848387508));
#5986 = CARTESIAN_POINT('',(92.652366640076,184.93788412502,
    -2.825038286651));
#5987 = CARTESIAN_POINT('',(92.733704169473,184.90689546,-3.387081440595
    ));
#5988 = CARTESIAN_POINT('',(92.888869404297,184.85214326498,
    -4.218804520744));
#5989 = CARTESIAN_POINT('',(92.946058684206,184.83253704554,
    -4.493734594886));
#5990 = CARTESIAN_POINT('',(93.009338871605,184.81156414265,
    -4.767274172305));
#5991 = CARTESIAN_POINT('',(93.079571265076,184.78920194726,
    -5.039891151946));
#5992 = CARTESIAN_POINT('',(93.157756993383,184.76549037356,
    -5.311137206847));
#5993 = CARTESIAN_POINT('',(93.244996653225,184.74059738017,
    -5.579488967753));
#5994 = CARTESIAN_POINT('',(93.417529489771,184.69509588388,
    -6.044574327991));
#5995 = CARTESIAN_POINT('',(93.497915740494,184.67501462595,
    -6.241570025681));
#5996 = CARTESIAN_POINT('',(93.58528335684,184.65448286193,
    -6.435706430138));
#5997 = CARTESIAN_POINT('',(93.68146550204,184.6334549948,
    -6.627550746634));
#5998 = CARTESIAN_POINT('',(93.788325740533,184.61212501839,
    -6.815485069725));
#5999 = CARTESIAN_POINT('',(93.907629320595,184.59103075998,
    -6.995485007442));
#6000 = CARTESIAN_POINT('',(94.096537210257,184.56284863568,
    -7.229930599361));
#6001 = CARTESIAN_POINT('',(94.154855995921,184.55472248241,
    -7.296745333362));
#6002 = CARTESIAN_POINT('',(94.216158720106,184.54682174724,
    -7.360984437249));
#6003 = CARTESIAN_POINT('',(94.280715463133,184.53922790289,
    -7.422085899498));
#6004 = CARTESIAN_POINT('',(94.348770978757,184.53205193637,
    -7.479278743183));
#6005 = CARTESIAN_POINT('',(94.420536764944,184.52543597457,
    -7.531576222734));
#6006 = CARTESIAN_POINT('',(94.533081276084,184.51668629425,
    -7.60030054995));
#6007 = CARTESIAN_POINT('',(94.570928472217,184.51399036298,
    -7.621395401681));
#6008 = CARTESIAN_POINT('',(94.609671347892,184.51149392636,
    -7.640863364652));
#6009 = CARTESIAN_POINT('',(94.649256142431,184.50922215141,
    -7.658526752156));
#6010 = CARTESIAN_POINT('',(94.689628709633,184.50719856183,
    -7.674220402012));
#6011 = CARTESIAN_POINT('',(94.73073451778,184.50544503797,
    -7.687791676568));
#6012 = CARTESIAN_POINT('',(94.804257174386,184.50287037873,
    -7.707690426696));
#6013 = CARTESIAN_POINT('',(94.836370120604,184.50192693441,
    -7.714970427081));
#6014 = CARTESIAN_POINT('',(94.868784256888,184.50116168942,
    -7.720868379408));
#6015 = CARTESIAN_POINT('',(94.90142669256,184.50058236891,
    -7.725329753453));
#6016 = CARTESIAN_POINT('',(94.93422487767,184.50019421764,
    -7.728317573205));
#6017 = CARTESIAN_POINT('',(94.967106602986,184.5,-7.72981241687));
#6018 = CARTESIAN_POINT('',(95.038953656922,184.5,-7.72981241687));
#6019 = CARTESIAN_POINT('',(95.077878984982,184.50027240041,
    -7.727716031504));
#6020 = CARTESIAN_POINT('',(95.116663008098,184.50081638822,
    -7.723528632543));
#6021 = CARTESIAN_POINT('',(95.155192019436,184.5016265643,
    -7.717288108359));
#6022 = CARTESIAN_POINT('',(95.19335158141,184.50269294346,
    -7.70906486392));
#6023 = CARTESIAN_POINT('',(95.231026525686,184.50400095443,
    -7.698961820793));
#6024 = CARTESIAN_POINT('',(95.288383057441,184.50636871412,
    -7.680633122825));
#6025 = CARTESIAN_POINT('',(95.308493706459,184.50727293734,
    -7.673627126446));
#6026 = CARTESIAN_POINT('',(95.32842485064,184.50824155619,
    -7.66611423782));
#6027 = CARTESIAN_POINT('',(95.348168441948,184.50927188223,
    -7.658113272897));
#6028 = CARTESIAN_POINT('',(95.367716433902,184.51036109196,
    -7.649644053762));
#6029 = CARTESIAN_POINT('',(95.387060781569,184.51150622677,
    -7.640727408629));
#6030 = CARTESIAN_POINT('',(95.447494328726,184.51529019335,
    -7.611218469101));
#6031 = CARTESIAN_POINT('',(95.487786574374,184.51812106089,
    -7.589079466973));
#6032 = CARTESIAN_POINT('',(95.527070639818,184.52117012442,
    -7.565152721174));
#6033 = CARTESIAN_POINT('',(95.56534922233,184.524412027,-7.539614411691
    ));
#6034 = CARTESIAN_POINT('',(95.602627255151,184.52782272595,
    -7.512632342783));
#6035 = CARTESIAN_POINT('',(95.638911907488,184.53137949288,
    -7.484365942989));
#6036 = CARTESIAN_POINT('',(95.736753596046,184.54158316175,
    -7.402879853549));
#6037 = CARTESIAN_POINT('',(95.796308550834,184.54850752932,
    -7.347151453534));
#6038 = CARTESIAN_POINT('',(95.853049490698,184.55573233098,
    -7.28848255985));
#6039 = CARTESIAN_POINT('',(95.907163419506,184.56317724046,
    -7.227432952699));
#6040 = CARTESIAN_POINT('',(95.958852157276,184.57078216294,
    -7.16442076294));
#6041 = CARTESIAN_POINT('',(96.008332194281,184.57850610753,
    -7.099722537326));
#6042 = CARTESIAN_POINT('',(96.11485240792,184.59604172321,
    -6.951163942098));
#6043 = CARTESIAN_POINT('',(96.170823586915,184.60590655652,
    -6.866451756779));
#6044 = CARTESIAN_POINT('',(96.223972574845,184.61584085941,
    -6.779891616339));
#6045 = CARTESIAN_POINT('',(96.274528244342,184.62578808706,
    -6.691886576374));
#6046 = CARTESIAN_POINT('',(96.322723827832,184.63571243386,
    -6.602687855087));
#6047 = CARTESIAN_POINT('',(96.368796897409,184.64559641729,
    -6.512394808854));
#6048 = CARTESIAN_POINT('',(96.587200003918,184.69423669929,
    -6.060490475161));
#6049 = CARTESIAN_POINT('',(96.73456996483,184.73291527578,
    -5.677259699525));
#6050 = CARTESIAN_POINT('',(96.859161940722,184.76927723066,
    -5.286276012301));
#6051 = CARTESIAN_POINT('',(96.965192104922,184.8025784159,
    -4.894709177449));
#6052 = CARTESIAN_POINT('',(97.056348394214,184.83286016116,
    -4.503969689558));
#6053 = CARTESIAN_POINT('',(97.135682326715,184.86043103924,
    -4.110124663114));
#6054 = CARTESIAN_POINT('',(97.294748427464,184.91779553962,
    -3.183049190099));
#6055 = CARTESIAN_POINT('',(97.365786170037,184.94514673723,
    -2.654749198395));
#6056 = CARTESIAN_POINT('',(97.420442944199,184.96706751187,
    -2.124658330882));
#6057 = CARTESIAN_POINT('',(97.460392655415,184.98349688041,
    -1.594442335067));
#6058 = CARTESIAN_POINT('',(97.48674350585,184.99447652807,
    -1.064151059763));
#6059 = CARTESIAN_POINT('',(97.5,185.,-0.532974266574));
#6060 = CARTESIAN_POINT('',(97.5,185.,5.684341886081E-14));
#6061 = PCURVE('',#1862,#6062);
#6062 = DEFINITIONAL_REPRESENTATION('',(#6063),#6144);
#6063 = B_SPLINE_CURVE_WITH_KNOTS('',7,(#6064,#6065,#6066,#6067,#6068,
    #6069,#6070,#6071,#6072,#6073,#6074,#6075,#6076,#6077,#6078,#6079,
    #6080,#6081,#6082,#6083,#6084,#6085,#6086,#6087,#6088,#6089,#6090,
    #6091,#6092,#6093,#6094,#6095,#6096,#6097,#6098,#6099,#6100,#6101,
    #6102,#6103,#6104,#6105,#6106,#6107,#6108,#6109,#6110,#6111,#6112,
    #6113,#6114,#6115,#6116,#6117,#6118,#6119,#6120,#6121,#6122,#6123,
    #6124,#6125,#6126,#6127,#6128,#6129,#6130,#6131,#6132,#6133,#6134,
    #6135,#6136,#6137,#6138,#6139,#6140,#6141,#6142,#6143),
  .UNSPECIFIED.,.F.,.F.,(8,6,6,6,6,6,6,6,6,6,6,6,6,8),(0.,0.228896060579
    ,0.343532363449,0.431847796397,0.46870332312,0.486680397802,
    0.500335481792,0.516506370336,0.525352889885,0.544449508209,
    0.578282338825,0.620316918545,0.786021066895,1.),.UNSPECIFIED.);
#6064 = CARTESIAN_POINT('',(7.853981633974,332.5));
#6065 = CARTESIAN_POINT('',(7.844520836255,332.5));
#6066 = CARTESIAN_POINT('',(7.835102309377,332.51503678977));
#6067 = CARTESIAN_POINT('',(7.825700898782,332.54487087636));
#6068 = CARTESIAN_POINT('',(7.816295359262,332.59015912313));
#6069 = CARTESIAN_POINT('',(7.806884014818,332.65236664007));
#6070 = CARTESIAN_POINT('',(7.797502937169,332.73370416947));
#6071 = CARTESIAN_POINT('',(7.783610882236,332.88886940429));
#6072 = CARTESIAN_POINT('',(7.779017146031,332.9460586842));
#6073 = CARTESIAN_POINT('',(7.774444875465,333.0093388716));
#6074 = CARTESIAN_POINT('',(7.769886115795,333.07957126507));
#6075 = CARTESIAN_POINT('',(7.765348210547,333.15775699338));
#6076 = CARTESIAN_POINT('',(7.760856536417,333.24499665322));
#6077 = CARTESIAN_POINT('',(7.753068105209,333.41752948977));
#6078 = CARTESIAN_POINT('',(7.749767856033,333.49791574049));
#6079 = CARTESIAN_POINT('',(7.746514241625,333.58528335684));
#6080 = CARTESIAN_POINT('',(7.743297728398,333.68146550204));
#6081 = CARTESIAN_POINT('',(7.740145415055,333.78832574053));
#6082 = CARTESIAN_POINT('',(7.737124899161,333.90762932059));
#6083 = CARTESIAN_POINT('',(7.73318934302,334.09653721025));
#6084 = CARTESIAN_POINT('',(7.732067559452,334.15485599592));
#6085 = CARTESIAN_POINT('',(7.730988842053,334.2161587201));
#6086 = CARTESIAN_POINT('',(7.729962650981,334.28071546313));
#6087 = CARTESIAN_POINT('',(7.72900196401,334.34877097875));
#6088 = CARTESIAN_POINT('',(7.728123392634,334.42053676494));
#6089 = CARTESIAN_POINT('',(7.726968741405,334.53308127608));
#6090 = CARTESIAN_POINT('',(7.726614301029,334.57092847221));
#6091 = CARTESIAN_POINT('',(7.726287178188,334.60967134789));
#6092 = CARTESIAN_POINT('',(7.725990363552,334.64925614243));
#6093 = CARTESIAN_POINT('',(7.725726637301,334.68962870963));
#6094 = CARTESIAN_POINT('',(7.725498569121,334.73073451778));
#6095 = CARTESIAN_POINT('',(7.725164158725,334.80425717438));
#6096 = CARTESIAN_POINT('',(7.725041810756,334.8363701206));
#6097 = CARTESIAN_POINT('',(7.7249426876,334.86878425688));
#6098 = CARTESIAN_POINT('',(7.724867707103,334.90142669256));
#6099 = CARTESIAN_POINT('',(7.724817491656,334.93422487767));
#6100 = CARTESIAN_POINT('',(7.724792368192,334.96710660298));
#6101 = CARTESIAN_POINT('',(7.724792368192,335.03895365692));
#6102 = CARTESIAN_POINT('',(7.724827601677,335.07787898498));
#6103 = CARTESIAN_POINT('',(7.72489797811,335.11666300809));
#6104 = CARTESIAN_POINT('',(7.725002859688,335.15519201943));
#6105 = CARTESIAN_POINT('',(7.725141061341,335.19335158141));
#6106 = CARTESIAN_POINT('',(7.725310850729,335.23102652568));
#6107 = CARTESIAN_POINT('',(7.725618867438,335.28838305744));
#6108 = CARTESIAN_POINT('',(7.725736602551,335.30849370645));
#6109 = CARTESIAN_POINT('',(7.725862853751,335.32842485064));
#6110 = CARTESIAN_POINT('',(7.725997304287,335.34816844194));
#6111 = CARTESIAN_POINT('',(7.726139620492,335.3677164339));
#6112 = CARTESIAN_POINT('',(7.726289451778,335.38706078156));
#6113 = CARTESIAN_POINT('',(7.726785294471,335.44749432872));
#6114 = CARTESIAN_POINT('',(7.727157282061,335.48778657437));
#6115 = CARTESIAN_POINT('',(7.727559285991,335.52707063981));
#6116 = CARTESIAN_POINT('',(7.727988340146,335.56534922233));
#6117 = CARTESIAN_POINT('',(7.728441619722,335.60262725515));
#6118 = CARTESIAN_POINT('',(7.728916441226,335.63891190748));
#6119 = CARTESIAN_POINT('',(7.730285148811,335.73675359604));
#6120 = CARTESIAN_POINT('',(7.731221097306,335.79630855083));
#6121 = CARTESIAN_POINT('',(7.732206297526,335.85304949069));
#6122 = CARTESIAN_POINT('',(7.733231327518,335.9071634195));
#6123 = CARTESIAN_POINT('',(7.734289150273,335.95885215727));
#6124 = CARTESIAN_POINT('',(7.735375110204,336.00833219428));
#6125 = CARTESIAN_POINT('',(7.737868276087,336.11485240792));
#6126 = CARTESIAN_POINT('',(7.739289684916,336.17082358691));
#6127 = CARTESIAN_POINT('',(7.740741820798,336.22397257484));
#6128 = CARTESIAN_POINT('',(7.74221790723,336.27452824434));
#6129 = CARTESIAN_POINT('',(7.743713722089,336.32272382783));
#6130 = CARTESIAN_POINT('',(7.745227593209,336.3687968974));
#6131 = CARTESIAN_POINT('',(7.752802834383,336.58720000391));
#6132 = CARTESIAN_POINT('',(7.759222321714,336.73456996483));
#6133 = CARTESIAN_POINT('',(7.76576650837,336.85916194072));
#6134 = CARTESIAN_POINT('',(7.772315831806,336.96519210492));
#6135 = CARTESIAN_POINT('',(7.778847400063,337.05634839421));
#6136 = CARTESIAN_POINT('',(7.785427332364,337.13568232671));
#6137 = CARTESIAN_POINT('',(7.800908141438,337.29474842746));
#6138 = CARTESIAN_POINT('',(7.80972448445,337.36578617003));
#6139 = CARTESIAN_POINT('',(7.818566122728,337.42044294419));
#6140 = CARTESIAN_POINT('',(7.82740644432,337.46039265541));
#6141 = CARTESIAN_POINT('',(7.836245785496,337.48674350585));
#6142 = CARTESIAN_POINT('',(7.845098729532,337.5));
#6143 = CARTESIAN_POINT('',(7.853981633974,337.5));
#6144 = ( GEOMETRIC_REPRESENTATION_CONTEXT(2) 
PARAMETRIC_REPRESENTATION_CONTEXT() REPRESENTATION_CONTEXT('2D SPACE',''
  ) );
#6145 = PCURVE('',#6146,#6151);
#6146 = CYLINDRICAL_SURFACE('',#6147,6.5);
#6147 = AXIS2_PLACEMENT_3D('',#6148,#6149,#6150);
#6148 = CARTESIAN_POINT('',(95.,191.,-28.));
#6149 = DIRECTION('',(0.,0.,1.));
#6150 = DIRECTION('',(1.,0.,-0.));
#6151 = DEFINITIONAL_REPRESENTATION('',(#6152),#6233);
#6152 = B_SPLINE_CURVE_WITH_KNOTS('',7,(#6153,#6154,#6155,#6156,#6157,
    #6158,#6159,#6160,#6161,#6162,#6163,#6164,#6165,#6166,#6167,#6168,
    #6169,#6170,#6171,#6172,#6173,#6174,#6175,#6176,#6177,#6178,#6179,
    #6180,#6181,#6182,#6183,#6184,#6185,#6186,#6187,#6188,#6189,#6190,
    #6191,#6192,#6193,#6194,#6195,#6196,#6197,#6198,#6199,#6200,#6201,
    #6202,#6203,#6204,#6205,#6206,#6207,#6208,#6209,#6210,#6211,#6212,
    #6213,#6214,#6215,#6216,#6217,#6218,#6219,#6220,#6221,#6222,#6223,
    #6224,#6225,#6226,#6227,#6228,#6229,#6230,#6231,#6232),
  .UNSPECIFIED.,.F.,.F.,(8,6,6,6,6,6,6,6,6,6,6,6,6,8),(0.,0.228896060579
    ,0.343532363449,0.431847796397,0.46870332312,0.486680397802,
    0.500335481792,0.516506370336,0.525352889885,0.544449508209,
    0.578282338825,0.620316918545,0.786021066895,1.),.UNSPECIFIED.);
#6153 = CARTESIAN_POINT('',(4.317597860685,28.));
#6154 = CARTESIAN_POINT('',(4.317597860685,27.43235213685));
#6155 = CARTESIAN_POINT('',(4.320104101277,26.867240279573));
#6156 = CARTESIAN_POINT('',(4.325076102002,26.303239454186));
#6157 = CARTESIAN_POINT('',(4.33260804779,25.739151612492));
#6158 = CARTESIAN_POINT('',(4.342911435418,25.174961713349));
#6159 = CARTESIAN_POINT('',(4.356298321144,24.612918559405));
#6160 = CARTESIAN_POINT('',(4.381612467133,23.781195479256));
#6161 = CARTESIAN_POINT('',(4.390913144819,23.506265405114));
#6162 = CARTESIAN_POINT('',(4.401168376353,23.232725827695));
#6163 = CARTESIAN_POINT('',(4.412506316999,22.960108848054));
#6164 = CARTESIAN_POINT('',(4.425073500341,22.688862793153));
#6165 = CARTESIAN_POINT('',(4.439027874698,22.420511032247));
#6166 = CARTESIAN_POINT('',(4.466478946115,21.955425672009));
#6167 = CARTESIAN_POINT('',(4.47922504417,21.758429974319));
#6168 = CARTESIAN_POINT('',(4.493030038009,21.564293569862));
#6169 = CARTESIAN_POINT('',(4.508173194621,21.372449253366));
#6170 = CARTESIAN_POINT('',(4.524931938381,21.184514930275));
#6171 = CARTESIAN_POINT('',(4.543564306911,21.004514992558));
#6172 = CARTESIAN_POINT('',(4.572948689877,20.770069400639));
#6173 = CARTESIAN_POINT('',(4.582007063057,20.703254666638));
#6174 = CARTESIAN_POINT('',(4.591515441705,20.639015562751));
#6175 = CARTESIAN_POINT('',(4.601514541024,20.577914100502));
#6176 = CARTESIAN_POINT('',(4.612041274345,20.520721256817));
#6177 = CARTESIAN_POINT('',(4.623127850499,20.468423777266));
#6178 = CARTESIAN_POINT('',(4.640494637745,20.39969945005));
#6179 = CARTESIAN_POINT('',(4.646331911354,20.378604598319));
#6180 = CARTESIAN_POINT('',(4.652304493431,20.359136635348));
#6181 = CARTESIAN_POINT('',(4.658404207295,20.341473247844));
#6182 = CARTESIAN_POINT('',(4.66462289818,20.325779597988));
#6183 = CARTESIAN_POINT('',(4.67095243324,20.312208323432));
#6184 = CARTESIAN_POINT('',(4.682270544509,20.292309573304));
#6185 = CARTESIAN_POINT('',(4.687213045066,20.285029572919));
#6186 = CARTESIAN_POINT('',(4.692201092812,20.279131620592));
#6187 = CARTESIAN_POINT('',(4.697223646852,20.274670246547));
#6188 = CARTESIAN_POINT('',(4.702269735797,20.271682426795));
#6189 = CARTESIAN_POINT('',(4.707328457767,20.27018758313));
#6190 = CARTESIAN_POINT('',(4.71838185068,20.27018758313));
#6191 = CARTESIAN_POINT('',(4.724370350884,20.272283968496));
#6192 = CARTESIAN_POINT('',(4.730337480238,20.276471367457));
#6193 = CARTESIAN_POINT('',(4.736266086867,20.282711891641));
#6194 = CARTESIAN_POINT('',(4.742138867781,20.29093513608));
#6195 = CARTESIAN_POINT('',(4.747938368876,20.301038179207));
#6196 = CARTESIAN_POINT('',(4.756769966292,20.319366877175));
#6197 = CARTESIAN_POINT('',(4.759867017065,20.326372873554));
#6198 = CARTESIAN_POINT('',(4.762936933785,20.33388576218));
#6199 = CARTESIAN_POINT('',(4.765978508214,20.341886727103));
#6200 = CARTESIAN_POINT('',(4.768990527345,20.350355946238));
#6201 = CARTESIAN_POINT('',(4.771971773404,20.359272591371));
#6202 = CARTESIAN_POINT('',(4.781287449605,20.388781530899));
#6203 = CARTESIAN_POINT('',(4.78750136284,20.410920533027));
#6204 = CARTESIAN_POINT('',(4.793562985857,20.434847278826));
#6205 = CARTESIAN_POINT('',(4.799472823019,20.460385588309));
#6206 = CARTESIAN_POINT('',(4.805231660744,20.487367657217));
#6207 = CARTESIAN_POINT('',(4.810840567502,20.515634057011));
#6208 = CARTESIAN_POINT('',(4.825974768652,20.597120146451));
#6209 = CARTESIAN_POINT('',(4.835198149862,20.652848546466));
#6210 = CARTESIAN_POINT('',(4.843997199611,20.71151744015));
#6211 = CARTESIAN_POINT('',(4.852400134098,20.772567047301));
#6212 = CARTESIAN_POINT('',(4.860437356353,20.83557923706));
#6213 = CARTESIAN_POINT('',(4.868141589017,20.900277462674));
#6214 = CARTESIAN_POINT('',(4.884749887884,21.048836057902));
#6215 = CARTESIAN_POINT('',(4.893493007015,21.133548243221));
#6216 = CARTESIAN_POINT('',(4.901810699787,21.220108383661));
#6217 = CARTESIAN_POINT('',(4.909737030326,21.308113423626));
#6218 = CARTESIAN_POINT('',(4.917306890875,21.397312144913));
#6219 = CARTESIAN_POINT('',(4.924556101051,21.487605191146));
#6220 = CARTESIAN_POINT('',(4.95897977323,21.939509524839));
#6221 = CARTESIAN_POINT('',(4.982403463323,22.322740300475));
#6222 = CARTESIAN_POINT('',(5.002362879223,22.713723987699));
#6223 = CARTESIAN_POINT('',(5.019455803843,23.105290822551));
#6224 = CARTESIAN_POINT('',(5.034231116543,23.496030310442));
#6225 = CARTESIAN_POINT('',(5.047151495082,23.889875336886));
#6226 = CARTESIAN_POINT('',(5.073165924538,24.816950809901));
#6227 = CARTESIAN_POINT('',(5.084874271897,25.345250801605));
#6228 = CARTESIAN_POINT('',(5.093933315856,25.875341669118));
#6229 = CARTESIAN_POINT('',(5.100579010548,26.405557664933));
#6230 = CARTESIAN_POINT('',(5.104970621952,26.935848940237));
#6231 = CARTESIAN_POINT('',(5.107180100084,27.467025733426));
#6232 = CARTESIAN_POINT('',(5.107180100084,28.));
#6233 = ( GEOMETRIC_REPRESENTATION_CONTEXT(2) 
PARAMETRIC_REPRESENTATION_CONTEXT() REPRESENTATION_CONTEXT('2D SPACE',''
  ) );
#6234 = ORIENTED_EDGE('',*,*,#6235,.T.);
#6235 = EDGE_CURVE('',#5977,#6236,#6238,.T.);
#6236 = VERTEX_POINT('',#6237);
#6237 = CARTESIAN_POINT('',(187.5,185.,9.492406860545E-14));
#6238 = SURFACE_CURVE('',#6239,(#6243,#6249),.PCURVE_S1.);
#6239 = LINE('',#6240,#6241);
#6240 = CARTESIAN_POINT('',(-240.,185.,0.));
#6241 = VECTOR('',#6242,1.);
#6242 = DIRECTION('',(1.,0.,2.22044604925E-16));
#6243 = PCURVE('',#1862,#6244);
#6244 = DEFINITIONAL_REPRESENTATION('',(#6245),#6248);
#6245 = B_SPLINE_CURVE_WITH_KNOTS('',1,(#6246,#6247),.UNSPECIFIED.,.F.,
  .F.,(2,2),(-8.157786440681E-31,480.),.PIECEWISE_BEZIER_KNOTS.);
#6246 = CARTESIAN_POINT('',(7.853981633974,1.101713493425E-29));
#6247 = CARTESIAN_POINT('',(7.853981633974,480.));
#6248 = ( GEOMETRIC_REPRESENTATION_CONTEXT(2) 
PARAMETRIC_REPRESENTATION_CONTEXT() REPRESENTATION_CONTEXT('2D SPACE',''
  ) );
#6249 = PCURVE('',#3371,#6250);
#6250 = DEFINITIONAL_REPRESENTATION('',(#6251),#6254);
#6251 = B_SPLINE_CURVE_WITH_KNOTS('',1,(#6252,#6253),.UNSPECIFIED.,.F.,
  .F.,(2,2),(-5.999999928008E-07,480.0000006),.PIECEWISE_BEZIER_KNOTS.);
#6252 = CARTESIAN_POINT('',(21.9999994,397.));
#6253 = CARTESIAN_POINT('',(502.0000006,397.));
#6254 = ( GEOMETRIC_REPRESENTATION_CONTEXT(2) 
PARAMETRIC_REPRESENTATION_CONTEXT() REPRESENTATION_CONTEXT('2D SPACE',''
  ) );
#6255 = ORIENTED_EDGE('',*,*,#6256,.T.);
#6256 = EDGE_CURVE('',#6236,#6257,#6259,.T.);
#6257 = VERTEX_POINT('',#6258);
#6258 = CARTESIAN_POINT('',(192.5,185.,9.603429163008E-14));
#6259 = SURFACE_CURVE('',#6260,(#6341,#6425),.PCURVE_S1.);
#6260 = B_SPLINE_CURVE_WITH_KNOTS('',7,(#6261,#6262,#6263,#6264,#6265,
    #6266,#6267,#6268,#6269,#6270,#6271,#6272,#6273,#6274,#6275,#6276,
    #6277,#6278,#6279,#6280,#6281,#6282,#6283,#6284,#6285,#6286,#6287,
    #6288,#6289,#6290,#6291,#6292,#6293,#6294,#6295,#6296,#6297,#6298,
    #6299,#6300,#6301,#6302,#6303,#6304,#6305,#6306,#6307,#6308,#6309,
    #6310,#6311,#6312,#6313,#6314,#6315,#6316,#6317,#6318,#6319,#6320,
    #6321,#6322,#6323,#6324,#6325,#6326,#6327,#6328,#6329,#6330,#6331,
    #6332,#6333,#6334,#6335,#6336,#6337,#6338,#6339,#6340),
  .UNSPECIFIED.,.F.,.F.,(8,6,6,6,6,6,6,6,6,6,6,6,6,8),(0.,0.228896082416
    ,0.343532396222,0.431847837595,0.468703367833,0.48668044423,
    0.500335529522,0.516506419613,0.525352939124,0.544449555464,
    0.578282382571,0.620316957931,0.786021089092,1.),.UNSPECIFIED.);
#6261 = CARTESIAN_POINT('',(187.5,185.,7.727152251391E-14));
#6262 = CARTESIAN_POINT('',(187.5,185.,-0.567647863155));
#6263 = CARTESIAN_POINT('',(187.51503678977,184.99373474143,
    -1.132759720421));
#6264 = CARTESIAN_POINT('',(187.54487087636,184.98130377469,
    -1.69676054581));
#6265 = CARTESIAN_POINT('',(187.59015912313,184.96271185574,
    -2.260848387512));
#6266 = CARTESIAN_POINT('',(187.65236664007,184.93788412502,
    -2.825038286656));
#6267 = CARTESIAN_POINT('',(187.73370416947,184.90689546,-3.387081440591
    ));
#6268 = CARTESIAN_POINT('',(187.88886940429,184.85214326498,
    -4.218804520745));
#6269 = CARTESIAN_POINT('',(187.9460586842,184.83253704554,
    -4.493734594886));
#6270 = CARTESIAN_POINT('',(188.0093388716,184.81156414265,
    -4.767274172305));
#6271 = CARTESIAN_POINT('',(188.07957126507,184.78920194726,
    -5.039891151946));
#6272 = CARTESIAN_POINT('',(188.15775699338,184.76549037356,
    -5.311137206847));
#6273 = CARTESIAN_POINT('',(188.24499665322,184.74059738017,
    -5.579488967754));
#6274 = CARTESIAN_POINT('',(188.41752948977,184.69509588388,
    -6.044574327991));
#6275 = CARTESIAN_POINT('',(188.49791574049,184.67501462595,
    -6.241570025681));
#6276 = CARTESIAN_POINT('',(188.58528335684,184.65448286193,
    -6.435706430138));
#6277 = CARTESIAN_POINT('',(188.68146550204,184.6334549948,
    -6.627550746634));
#6278 = CARTESIAN_POINT('',(188.78832574053,184.61212501839,
    -6.815485069724));
#6279 = CARTESIAN_POINT('',(188.90762932059,184.59103075998,
    -6.995485007443));
#6280 = CARTESIAN_POINT('',(189.09653721025,184.56284863568,
    -7.229930599361));
#6281 = CARTESIAN_POINT('',(189.15485599592,184.55472248241,
    -7.296745333362));
#6282 = CARTESIAN_POINT('',(189.2161587201,184.54682174724,
    -7.360984437249));
#6283 = CARTESIAN_POINT('',(189.28071546313,184.53922790289,
    -7.422085899498));
#6284 = CARTESIAN_POINT('',(189.34877097875,184.53205193637,
    -7.479278743183));
#6285 = CARTESIAN_POINT('',(189.42053676494,184.52543597457,
    -7.531576222734));
#6286 = CARTESIAN_POINT('',(189.53308127608,184.51668629425,
    -7.60030054995));
#6287 = CARTESIAN_POINT('',(189.57092847221,184.51399036298,
    -7.621395401681));
#6288 = CARTESIAN_POINT('',(189.60967134789,184.51149392636,
    -7.640863364652));
#6289 = CARTESIAN_POINT('',(189.64925614243,184.50922215141,
    -7.658526752156));
#6290 = CARTESIAN_POINT('',(189.68962870963,184.50719856183,
    -7.674220402012));
#6291 = CARTESIAN_POINT('',(189.73073451778,184.50544503797,
    -7.687791676568));
#6292 = CARTESIAN_POINT('',(189.80425717438,184.50287037873,
    -7.707690426696));
#6293 = CARTESIAN_POINT('',(189.8363701206,184.50192693441,
    -7.714970427081));
#6294 = CARTESIAN_POINT('',(189.86878425688,184.50116168942,
    -7.720868379408));
#6295 = CARTESIAN_POINT('',(189.90142669256,184.50058236891,
    -7.725329753453));
#6296 = CARTESIAN_POINT('',(189.93422487767,184.50019421764,
    -7.728317573205));
#6297 = CARTESIAN_POINT('',(189.96710660298,184.5,-7.72981241687));
#6298 = CARTESIAN_POINT('',(190.03895365693,184.5,-7.72981241687));
#6299 = CARTESIAN_POINT('',(190.07787898498,184.50027240041,
    -7.727716031505));
#6300 = CARTESIAN_POINT('',(190.11666300809,184.50081638822,
    -7.723528632545));
#6301 = CARTESIAN_POINT('',(190.15519201942,184.5016265643,
    -7.71728810836));
#6302 = CARTESIAN_POINT('',(190.19335158141,184.50269294346,
    -7.709064863919));
#6303 = CARTESIAN_POINT('',(190.23102652569,184.50400095443,
    -7.69896182079));
#6304 = CARTESIAN_POINT('',(190.2883830554,184.50636871403,
    -7.680633123474));
#6305 = CARTESIAN_POINT('',(190.30849370618,184.50727293735,
    -7.673627126391));
#6306 = CARTESIAN_POINT('',(190.32842485219,184.50824155628,
    -7.666114237129));
#6307 = CARTESIAN_POINT('',(190.34816844355,184.50927188231,
    -7.65811327232));
#6308 = CARTESIAN_POINT('',(190.36771643374,184.51036109193,
    -7.64964405399));
#6309 = CARTESIAN_POINT('',(190.38706077966,184.51150622665,
    -7.640727409561));
#6310 = CARTESIAN_POINT('',(190.44749432873,184.51529019335,
    -7.611218469098));
#6311 = CARTESIAN_POINT('',(190.48778657437,184.51812106089,
    -7.589079466973));
#6312 = CARTESIAN_POINT('',(190.52707063981,184.52117012442,
    -7.565152721178));
#6313 = CARTESIAN_POINT('',(190.56534922232,184.524412027,
    -7.539614411694));
#6314 = CARTESIAN_POINT('',(190.60262725515,184.52782272596,
    -7.512632342782));
#6315 = CARTESIAN_POINT('',(190.63891190749,184.53137949288,
    -7.484365942984));
#6316 = CARTESIAN_POINT('',(190.73675359604,184.54158316175,
    -7.402879853549));
#6317 = CARTESIAN_POINT('',(190.79630855083,184.54850752932,
    -7.347151453534));
#6318 = CARTESIAN_POINT('',(190.85304949069,184.55573233098,
    -7.28848255985));
#6319 = CARTESIAN_POINT('',(190.9071634195,184.56317724046,
    -7.227432952699));
#6320 = CARTESIAN_POINT('',(190.95885215727,184.57078216294,
    -7.164420762939));
#6321 = CARTESIAN_POINT('',(191.00833219428,184.57850610753,
    -7.099722537326));
#6322 = CARTESIAN_POINT('',(191.11485240792,184.59604172321,
    -6.951163942098));
#6323 = CARTESIAN_POINT('',(191.17082358691,184.60590655652,
    -6.866451756779));
#6324 = CARTESIAN_POINT('',(191.22397257484,184.61584085941,
    -6.779891616339));
#6325 = CARTESIAN_POINT('',(191.27452824434,184.62578808706,
    -6.691886576374));
#6326 = CARTESIAN_POINT('',(191.32272382783,184.63571243386,
    -6.602687855087));
#6327 = CARTESIAN_POINT('',(191.3687968974,184.64559641729,
    -6.512394808855));
#6328 = CARTESIAN_POINT('',(191.58720000391,184.69423669929,
    -6.060490475161));
#6329 = CARTESIAN_POINT('',(191.73456996483,184.73291527578,
    -5.677259699523));
#6330 = CARTESIAN_POINT('',(191.85916194072,184.76927723066,
    -5.286276012304));
#6331 = CARTESIAN_POINT('',(191.96519210492,184.8025784159,
    -4.894709177445));
#6332 = CARTESIAN_POINT('',(192.05634839421,184.83286016116,
    -4.503969689561));
#6333 = CARTESIAN_POINT('',(192.13568232671,184.86043103924,
    -4.110124663113));
#6334 = CARTESIAN_POINT('',(192.29474842746,184.91779553962,
    -3.1830491901));
#6335 = CARTESIAN_POINT('',(192.36578617003,184.94514673723,
    -2.654749198394));
#6336 = CARTESIAN_POINT('',(192.42044294419,184.96706751187,
    -2.124658330882));
#6337 = CARTESIAN_POINT('',(192.46039265541,184.98349688041,
    -1.594442335068));
#6338 = CARTESIAN_POINT('',(192.48674350585,184.99447652807,
    -1.064151059762));
#6339 = CARTESIAN_POINT('',(192.5,185.,-0.532974266575));
#6340 = CARTESIAN_POINT('',(192.5,185.,7.815970093361E-14));
#6341 = PCURVE('',#1862,#6342);
#6342 = DEFINITIONAL_REPRESENTATION('',(#6343),#6424);
#6343 = B_SPLINE_CURVE_WITH_KNOTS('',7,(#6344,#6345,#6346,#6347,#6348,
    #6349,#6350,#6351,#6352,#6353,#6354,#6355,#6356,#6357,#6358,#6359,
    #6360,#6361,#6362,#6363,#6364,#6365,#6366,#6367,#6368,#6369,#6370,
    #6371,#6372,#6373,#6374,#6375,#6376,#6377,#6378,#6379,#6380,#6381,
    #6382,#6383,#6384,#6385,#6386,#6387,#6388,#6389,#6390,#6391,#6392,
    #6393,#6394,#6395,#6396,#6397,#6398,#6399,#6400,#6401,#6402,#6403,
    #6404,#6405,#6406,#6407,#6408,#6409,#6410,#6411,#6412,#6413,#6414,
    #6415,#6416,#6417,#6418,#6419,#6420,#6421,#6422,#6423),
  .UNSPECIFIED.,.F.,.F.,(8,6,6,6,6,6,6,6,6,6,6,6,6,8),(0.,0.228896082416
    ,0.343532396222,0.431847837595,0.468703367833,0.48668044423,
    0.500335529522,0.516506419613,0.525352939124,0.544449555464,
    0.578282382571,0.620316957931,0.786021089092,1.),.UNSPECIFIED.);
#6344 = CARTESIAN_POINT('',(7.853981633974,427.5));
#6345 = CARTESIAN_POINT('',(7.844520836255,427.5));
#6346 = CARTESIAN_POINT('',(7.835102309377,427.51503678977));
#6347 = CARTESIAN_POINT('',(7.825700898782,427.54487087636));
#6348 = CARTESIAN_POINT('',(7.816295359262,427.59015912313));
#6349 = CARTESIAN_POINT('',(7.806884014818,427.65236664007));
#6350 = CARTESIAN_POINT('',(7.797502937169,427.73370416947));
#6351 = CARTESIAN_POINT('',(7.783610882236,427.88886940429));
#6352 = CARTESIAN_POINT('',(7.779017146031,427.9460586842));
#6353 = CARTESIAN_POINT('',(7.774444875465,428.0093388716));
#6354 = CARTESIAN_POINT('',(7.769886115795,428.07957126507));
#6355 = CARTESIAN_POINT('',(7.765348210547,428.15775699338));
#6356 = CARTESIAN_POINT('',(7.760856536417,428.24499665322));
#6357 = CARTESIAN_POINT('',(7.753068105209,428.41752948977));
#6358 = CARTESIAN_POINT('',(7.749767856033,428.49791574049));
#6359 = CARTESIAN_POINT('',(7.746514241625,428.58528335684));
#6360 = CARTESIAN_POINT('',(7.743297728398,428.68146550204));
#6361 = CARTESIAN_POINT('',(7.740145415055,428.78832574053));
#6362 = CARTESIAN_POINT('',(7.737124899161,428.90762932059));
#6363 = CARTESIAN_POINT('',(7.73318934302,429.09653721025));
#6364 = CARTESIAN_POINT('',(7.732067559452,429.15485599592));
#6365 = CARTESIAN_POINT('',(7.730988842053,429.2161587201));
#6366 = CARTESIAN_POINT('',(7.729962650981,429.28071546313));
#6367 = CARTESIAN_POINT('',(7.72900196401,429.34877097875));
#6368 = CARTESIAN_POINT('',(7.728123392634,429.42053676494));
#6369 = CARTESIAN_POINT('',(7.726968741405,429.53308127608));
#6370 = CARTESIAN_POINT('',(7.726614301029,429.57092847221));
#6371 = CARTESIAN_POINT('',(7.726287178188,429.60967134789));
#6372 = CARTESIAN_POINT('',(7.725990363552,429.64925614243));
#6373 = CARTESIAN_POINT('',(7.725726637301,429.68962870963));
#6374 = CARTESIAN_POINT('',(7.725498569121,429.73073451778));
#6375 = CARTESIAN_POINT('',(7.725164158725,429.80425717438));
#6376 = CARTESIAN_POINT('',(7.725041810756,429.8363701206));
#6377 = CARTESIAN_POINT('',(7.7249426876,429.86878425688));
#6378 = CARTESIAN_POINT('',(7.724867707103,429.90142669256));
#6379 = CARTESIAN_POINT('',(7.724817491656,429.93422487767));
#6380 = CARTESIAN_POINT('',(7.724792368192,429.96710660298));
#6381 = CARTESIAN_POINT('',(7.724792368192,430.03895365693));
#6382 = CARTESIAN_POINT('',(7.724827601677,430.07787898498));
#6383 = CARTESIAN_POINT('',(7.72489797811,430.11666300809));
#6384 = CARTESIAN_POINT('',(7.725002859688,430.15519201942));
#6385 = CARTESIAN_POINT('',(7.725141061341,430.19335158141));
#6386 = CARTESIAN_POINT('',(7.725310850729,430.23102652569));
#6387 = CARTESIAN_POINT('',(7.725618867427,430.2883830554));
#6388 = CARTESIAN_POINT('',(7.725736602551,430.30849370618));
#6389 = CARTESIAN_POINT('',(7.725862853763,430.32842485219));
#6390 = CARTESIAN_POINT('',(7.725997304297,430.34816844355));
#6391 = CARTESIAN_POINT('',(7.726139620488,430.36771643374));
#6392 = CARTESIAN_POINT('',(7.726289451762,430.38706077966));
#6393 = CARTESIAN_POINT('',(7.726785294471,430.44749432873));
#6394 = CARTESIAN_POINT('',(7.727157282061,430.48778657437));
#6395 = CARTESIAN_POINT('',(7.727559285991,430.52707063981));
#6396 = CARTESIAN_POINT('',(7.727988340146,430.56534922232));
#6397 = CARTESIAN_POINT('',(7.728441619722,430.60262725515));
#6398 = CARTESIAN_POINT('',(7.728916441226,430.63891190749));
#6399 = CARTESIAN_POINT('',(7.730285148811,430.73675359604));
#6400 = CARTESIAN_POINT('',(7.731221097306,430.79630855083));
#6401 = CARTESIAN_POINT('',(7.732206297526,430.85304949069));
#6402 = CARTESIAN_POINT('',(7.733231327518,430.9071634195));
#6403 = CARTESIAN_POINT('',(7.734289150273,430.95885215727));
#6404 = CARTESIAN_POINT('',(7.735375110204,431.00833219428));
#6405 = CARTESIAN_POINT('',(7.737868276087,431.11485240792));
#6406 = CARTESIAN_POINT('',(7.739289684916,431.17082358691));
#6407 = CARTESIAN_POINT('',(7.740741820798,431.22397257484));
#6408 = CARTESIAN_POINT('',(7.74221790723,431.27452824434));
#6409 = CARTESIAN_POINT('',(7.743713722089,431.32272382783));
#6410 = CARTESIAN_POINT('',(7.745227593209,431.3687968974));
#6411 = CARTESIAN_POINT('',(7.752802834383,431.58720000391));
#6412 = CARTESIAN_POINT('',(7.759222321714,431.73456996483));
#6413 = CARTESIAN_POINT('',(7.76576650837,431.85916194072));
#6414 = CARTESIAN_POINT('',(7.772315831806,431.96519210492));
#6415 = CARTESIAN_POINT('',(7.778847400063,432.05634839421));
#6416 = CARTESIAN_POINT('',(7.785427332364,432.13568232671));
#6417 = CARTESIAN_POINT('',(7.800908141438,432.29474842746));
#6418 = CARTESIAN_POINT('',(7.80972448445,432.36578617003));
#6419 = CARTESIAN_POINT('',(7.818566122728,432.42044294419));
#6420 = CARTESIAN_POINT('',(7.82740644432,432.46039265541));
#6421 = CARTESIAN_POINT('',(7.836245785496,432.48674350585));
#6422 = CARTESIAN_POINT('',(7.845098729532,432.5));
#6423 = CARTESIAN_POINT('',(7.853981633974,432.5));
#6424 = ( GEOMETRIC_REPRESENTATION_CONTEXT(2) 
PARAMETRIC_REPRESENTATION_CONTEXT() REPRESENTATION_CONTEXT('2D SPACE',''
  ) );
#6425 = PCURVE('',#6426,#6431);
#6426 = CYLINDRICAL_SURFACE('',#6427,6.5);
#6427 = AXIS2_PLACEMENT_3D('',#6428,#6429,#6430);
#6428 = CARTESIAN_POINT('',(190.,191.,-28.));
#6429 = DIRECTION('',(0.,0.,1.));
#6430 = DIRECTION('',(1.,0.,-0.));
#6431 = DEFINITIONAL_REPRESENTATION('',(#6432),#6513);
#6432 = B_SPLINE_CURVE_WITH_KNOTS('',7,(#6433,#6434,#6435,#6436,#6437,
    #6438,#6439,#6440,#6441,#6442,#6443,#6444,#6445,#6446,#6447,#6448,
    #6449,#6450,#6451,#6452,#6453,#6454,#6455,#6456,#6457,#6458,#6459,
    #6460,#6461,#6462,#6463,#6464,#6465,#6466,#6467,#6468,#6469,#6470,
    #6471,#6472,#6473,#6474,#6475,#6476,#6477,#6478,#6479,#6480,#6481,
    #6482,#6483,#6484,#6485,#6486,#6487,#6488,#6489,#6490,#6491,#6492,
    #6493,#6494,#6495,#6496,#6497,#6498,#6499,#6500,#6501,#6502,#6503,
    #6504,#6505,#6506,#6507,#6508,#6509,#6510,#6511,#6512),
  .UNSPECIFIED.,.F.,.F.,(8,6,6,6,6,6,6,6,6,6,6,6,6,8),(0.,0.228896082416
    ,0.343532396222,0.431847837595,0.468703367833,0.48668044423,
    0.500335529522,0.516506419613,0.525352939124,0.544449555464,
    0.578282382571,0.620316957931,0.786021089092,1.),.UNSPECIFIED.);
#6433 = CARTESIAN_POINT('',(4.317597860685,28.));
#6434 = CARTESIAN_POINT('',(4.317597860685,27.432352136845));
#6435 = CARTESIAN_POINT('',(4.320104101277,26.867240279579));
#6436 = CARTESIAN_POINT('',(4.325076102002,26.30323945419));
#6437 = CARTESIAN_POINT('',(4.33260804779,25.739151612488));
#6438 = CARTESIAN_POINT('',(4.342911435418,25.174961713344));
#6439 = CARTESIAN_POINT('',(4.356298321144,24.612918559409));
#6440 = CARTESIAN_POINT('',(4.381612467133,23.781195479255));
#6441 = CARTESIAN_POINT('',(4.390913144819,23.506265405114));
#6442 = CARTESIAN_POINT('',(4.401168376353,23.232725827695));
#6443 = CARTESIAN_POINT('',(4.412506316999,22.960108848054));
#6444 = CARTESIAN_POINT('',(4.425073500341,22.688862793153));
#6445 = CARTESIAN_POINT('',(4.439027874698,22.420511032246));
#6446 = CARTESIAN_POINT('',(4.466478946115,21.955425672009));
#6447 = CARTESIAN_POINT('',(4.47922504417,21.758429974319));
#6448 = CARTESIAN_POINT('',(4.493030038009,21.564293569862));
#6449 = CARTESIAN_POINT('',(4.508173194621,21.372449253366));
#6450 = CARTESIAN_POINT('',(4.524931938381,21.184514930276));
#6451 = CARTESIAN_POINT('',(4.543564306911,21.004514992557));
#6452 = CARTESIAN_POINT('',(4.572948689877,20.770069400639));
#6453 = CARTESIAN_POINT('',(4.582007063057,20.703254666638));
#6454 = CARTESIAN_POINT('',(4.591515441705,20.639015562751));
#6455 = CARTESIAN_POINT('',(4.601514541024,20.577914100502));
#6456 = CARTESIAN_POINT('',(4.612041274345,20.520721256817));
#6457 = CARTESIAN_POINT('',(4.623127850499,20.468423777266));
#6458 = CARTESIAN_POINT('',(4.640494637745,20.39969945005));
#6459 = CARTESIAN_POINT('',(4.646331911354,20.378604598319));
#6460 = CARTESIAN_POINT('',(4.652304493431,20.359136635348));
#6461 = CARTESIAN_POINT('',(4.658404207295,20.341473247844));
#6462 = CARTESIAN_POINT('',(4.66462289818,20.325779597988));
#6463 = CARTESIAN_POINT('',(4.67095243324,20.312208323432));
#6464 = CARTESIAN_POINT('',(4.682270544509,20.292309573304));
#6465 = CARTESIAN_POINT('',(4.687213045066,20.285029572919));
#6466 = CARTESIAN_POINT('',(4.692201092812,20.279131620592));
#6467 = CARTESIAN_POINT('',(4.697223646852,20.274670246547));
#6468 = CARTESIAN_POINT('',(4.702269735797,20.271682426795));
#6469 = CARTESIAN_POINT('',(4.707328457767,20.27018758313));
#6470 = CARTESIAN_POINT('',(4.718381850682,20.27018758313));
#6471 = CARTESIAN_POINT('',(4.724370350885,20.272283968495));
#6472 = CARTESIAN_POINT('',(4.730337480237,20.276471367455));
#6473 = CARTESIAN_POINT('',(4.736266086865,20.28271189164));
#6474 = CARTESIAN_POINT('',(4.742138867781,20.290935136081));
#6475 = CARTESIAN_POINT('',(4.747938368877,20.30103817921));
#6476 = CARTESIAN_POINT('',(4.756769965979,20.319366876526));
#6477 = CARTESIAN_POINT('',(4.759867017023,20.326372873609));
#6478 = CARTESIAN_POINT('',(4.762936934024,20.333885762871));
#6479 = CARTESIAN_POINT('',(4.765978508461,20.34188672768));
#6480 = CARTESIAN_POINT('',(4.768990527321,20.35035594601));
#6481 = CARTESIAN_POINT('',(4.77197177311,20.359272590439));
#6482 = CARTESIAN_POINT('',(4.781287449606,20.388781530902));
#6483 = CARTESIAN_POINT('',(4.78750136284,20.410920533027));
#6484 = CARTESIAN_POINT('',(4.793562985856,20.434847278822));
#6485 = CARTESIAN_POINT('',(4.799472823018,20.460385588306));
#6486 = CARTESIAN_POINT('',(4.805231660744,20.487367657218));
#6487 = CARTESIAN_POINT('',(4.810840567503,20.515634057016));
#6488 = CARTESIAN_POINT('',(4.825974768652,20.597120146451));
#6489 = CARTESIAN_POINT('',(4.835198149862,20.652848546466));
#6490 = CARTESIAN_POINT('',(4.843997199611,20.71151744015));
#6491 = CARTESIAN_POINT('',(4.852400134098,20.772567047301));
#6492 = CARTESIAN_POINT('',(4.860437356353,20.835579237061));
#6493 = CARTESIAN_POINT('',(4.868141589017,20.900277462674));
#6494 = CARTESIAN_POINT('',(4.884749887884,21.048836057902));
#6495 = CARTESIAN_POINT('',(4.893493007015,21.133548243221));
#6496 = CARTESIAN_POINT('',(4.901810699787,21.220108383661));
#6497 = CARTESIAN_POINT('',(4.909737030326,21.308113423626));
#6498 = CARTESIAN_POINT('',(4.917306890875,21.397312144913));
#6499 = CARTESIAN_POINT('',(4.924556101051,21.487605191145));
#6500 = CARTESIAN_POINT('',(4.95897977323,21.939509524839));
#6501 = CARTESIAN_POINT('',(4.982403463323,22.322740300477));
#6502 = CARTESIAN_POINT('',(5.002362879222,22.713723987696));
#6503 = CARTESIAN_POINT('',(5.019455803843,23.105290822555));
#6504 = CARTESIAN_POINT('',(5.034231116543,23.496030310439));
#6505 = CARTESIAN_POINT('',(5.047151495082,23.889875336887));
#6506 = CARTESIAN_POINT('',(5.073165924538,24.8169508099));
#6507 = CARTESIAN_POINT('',(5.084874271897,25.345250801606));
#6508 = CARTESIAN_POINT('',(5.093933315856,25.875341669118));
#6509 = CARTESIAN_POINT('',(5.100579010548,26.405557664932));
#6510 = CARTESIAN_POINT('',(5.104970621952,26.935848940238));
#6511 = CARTESIAN_POINT('',(5.107180100084,27.467025733425));
#6512 = CARTESIAN_POINT('',(5.107180100084,28.));
#6513 = ( GEOMETRIC_REPRESENTATION_CONTEXT(2) 
PARAMETRIC_REPRESENTATION_CONTEXT() REPRESENTATION_CONTEXT('2D SPACE',''
  ) );
#6514 = ORIENTED_EDGE('',*,*,#6515,.T.);
#6515 = EDGE_CURVE('',#6257,#6516,#6518,.T.);
#6516 = VERTEX_POINT('',#6517);
#6517 = CARTESIAN_POINT('',(240.,185.,-3.673940397442E-15));
#6518 = SURFACE_CURVE('',#6519,(#6523,#6529),.PCURVE_S1.);
#6519 = LINE('',#6520,#6521);
#6520 = CARTESIAN_POINT('',(-240.,185.,0.));
#6521 = VECTOR('',#6522,1.);
#6522 = DIRECTION('',(1.,0.,2.22044604925E-16));
#6523 = PCURVE('',#1862,#6524);
#6524 = DEFINITIONAL_REPRESENTATION('',(#6525),#6528);
#6525 = B_SPLINE_CURVE_WITH_KNOTS('',1,(#6526,#6527),.UNSPECIFIED.,.F.,
  .F.,(2,2),(-8.157786440681E-31,480.),.PIECEWISE_BEZIER_KNOTS.);
#6526 = CARTESIAN_POINT('',(7.853981633974,1.101713493425E-29));
#6527 = CARTESIAN_POINT('',(7.853981633974,480.));
#6528 = ( GEOMETRIC_REPRESENTATION_CONTEXT(2) 
PARAMETRIC_REPRESENTATION_CONTEXT() REPRESENTATION_CONTEXT('2D SPACE',''
  ) );
#6529 = PCURVE('',#3371,#6530);
#6530 = DEFINITIONAL_REPRESENTATION('',(#6531),#6534);
#6531 = B_SPLINE_CURVE_WITH_KNOTS('',1,(#6532,#6533),.UNSPECIFIED.,.F.,
  .F.,(2,2),(-5.999999928008E-07,480.0000006),.PIECEWISE_BEZIER_KNOTS.);
#6532 = CARTESIAN_POINT('',(21.9999994,397.));
#6533 = CARTESIAN_POINT('',(502.0000006,397.));
#6534 = ( GEOMETRIC_REPRESENTATION_CONTEXT(2) 
PARAMETRIC_REPRESENTATION_CONTEXT() REPRESENTATION_CONTEXT('2D SPACE',''
  ) );
#6535 = ORIENTED_EDGE('',*,*,#6536,.F.);
#6536 = EDGE_CURVE('',#1989,#6516,#6537,.T.);
#6537 = SURFACE_CURVE('',#6538,(#6543,#6549),.PCURVE_S1.);
#6538 = CIRCLE('',#6539,60.);
#6539 = AXIS2_PLACEMENT_3D('',#6540,#6541,#6542);
#6540 = CARTESIAN_POINT('',(240.,125.,5.329070518201E-14));
#6541 = DIRECTION('',(1.,-0.,2.22044604925E-16));
#6542 = DIRECTION('',(2.22044604925E-16,0.,-1.));
#6543 = PCURVE('',#1862,#6544);
#6544 = DEFINITIONAL_REPRESENTATION('',(#6545),#6548);
#6545 = B_SPLINE_CURVE_WITH_KNOTS('',1,(#6546,#6547),.UNSPECIFIED.,.F.,
  .F.,(2,2),(1.122608190815,1.570796326795),.PIECEWISE_BEZIER_KNOTS.);
#6546 = CARTESIAN_POINT('',(7.405793497995,480.));
#6547 = CARTESIAN_POINT('',(7.853981633974,480.));
#6548 = ( GEOMETRIC_REPRESENTATION_CONTEXT(2) 
PARAMETRIC_REPRESENTATION_CONTEXT() REPRESENTATION_CONTEXT('2D SPACE',''
  ) );
#6549 = PCURVE('',#2024,#6550);
#6550 = DEFINITIONAL_REPRESENTATION('',(#6551),#6555);
#6551 = CIRCLE('',#6552,60.);
#6552 = AXIS2_PLACEMENT_2D('',#6553,#6554);
#6553 = CARTESIAN_POINT('',(0.,0.));
#6554 = DIRECTION('',(1.,0.));
#6555 = ( GEOMETRIC_REPRESENTATION_CONTEXT(2) 
PARAMETRIC_REPRESENTATION_CONTEXT() REPRESENTATION_CONTEXT('2D SPACE',''
  ) );
#6556 = ORIENTED_EDGE('',*,*,#1988,.F.);
#6557 = ADVANCED_FACE('',(#6558),#2024,.F.);
#6558 = FACE_BOUND('',#6559,.F.);
#6559 = EDGE_LOOP('',(#6560,#6561,#6562,#6581));
#6560 = ORIENTED_EDGE('',*,*,#2009,.T.);
#6561 = ORIENTED_EDGE('',*,*,#6536,.T.);
#6562 = ORIENTED_EDGE('',*,*,#6563,.F.);
#6563 = EDGE_CURVE('',#4901,#6516,#6564,.T.);
#6564 = SURFACE_CURVE('',#6565,(#6569,#6575),.PCURVE_S1.);
#6565 = LINE('',#6566,#6567);
#6566 = CARTESIAN_POINT('',(240.,-43.5,0.));
#6567 = VECTOR('',#6568,1.);
#6568 = DIRECTION('',(0.,1.,0.));
#6569 = PCURVE('',#2024,#6570);
#6570 = DEFINITIONAL_REPRESENTATION('',(#6571),#6574);
#6571 = B_SPLINE_CURVE_WITH_KNOTS('',1,(#6572,#6573),.UNSPECIFIED.,.F.,
  .F.,(2,2),(108.5,228.5),.PIECEWISE_BEZIER_KNOTS.);
#6572 = CARTESIAN_POINT('',(5.329070518201E-14,-60.));
#6573 = CARTESIAN_POINT('',(5.329070518201E-14,60.));
#6574 = ( GEOMETRIC_REPRESENTATION_CONTEXT(2) 
PARAMETRIC_REPRESENTATION_CONTEXT() REPRESENTATION_CONTEXT('2D SPACE',''
  ) );
#6575 = PCURVE('',#3371,#6576);
#6576 = DEFINITIONAL_REPRESENTATION('',(#6577),#6580);
#6577 = B_SPLINE_CURVE_WITH_KNOTS('',1,(#6578,#6579),.UNSPECIFIED.,.F.,
  .F.,(2,2),(108.5,228.5),.PIECEWISE_BEZIER_KNOTS.);
#6578 = CARTESIAN_POINT('',(502.,277.));
#6579 = CARTESIAN_POINT('',(502.,397.));
#6580 = ( GEOMETRIC_REPRESENTATION_CONTEXT(2) 
PARAMETRIC_REPRESENTATION_CONTEXT() REPRESENTATION_CONTEXT('2D SPACE',''
  ) );
#6581 = ORIENTED_EDGE('',*,*,#4900,.T.);
#6582 = ADVANCED_FACE('',(#6583),#1836,.F.);
#6583 = FACE_BOUND('',#6584,.F.);
#6584 = EDGE_LOOP('',(#6585,#6586,#6587,#6588));
#6585 = ORIENTED_EDGE('',*,*,#1821,.F.);
#6586 = ORIENTED_EDGE('',*,*,#2483,.T.);
#6587 = ORIENTED_EDGE('',*,*,#1920,.F.);
#6588 = ORIENTED_EDGE('',*,*,#5065,.T.);
#6589 = ADVANCED_FACE('',(#6590),#1888,.T.);
#6590 = FACE_BOUND('',#6591,.T.);
#6591 = EDGE_LOOP('',(#6592,#6593,#6594,#6613));
#6592 = ORIENTED_EDGE('',*,*,#1873,.T.);
#6593 = ORIENTED_EDGE('',*,*,#5092,.T.);
#6594 = ORIENTED_EDGE('',*,*,#6595,.F.);
#6595 = EDGE_CURVE('',#5023,#5093,#6596,.T.);
#6596 = SURFACE_CURVE('',#6597,(#6601,#6607),.PCURVE_S1.);
#6597 = LINE('',#6598,#6599);
#6598 = CARTESIAN_POINT('',(-240.,-43.5,0.));
#6599 = VECTOR('',#6600,1.);
#6600 = DIRECTION('',(0.,1.,0.));
#6601 = PCURVE('',#1888,#6602);
#6602 = DEFINITIONAL_REPRESENTATION('',(#6603),#6606);
#6603 = B_SPLINE_CURVE_WITH_KNOTS('',1,(#6604,#6605),.UNSPECIFIED.,.F.,
  .F.,(2,2),(108.5,228.5),.PIECEWISE_BEZIER_KNOTS.);
#6604 = CARTESIAN_POINT('',(-5.329070518201E-14,-60.));
#6605 = CARTESIAN_POINT('',(-5.329070518201E-14,60.));
#6606 = ( GEOMETRIC_REPRESENTATION_CONTEXT(2) 
PARAMETRIC_REPRESENTATION_CONTEXT() REPRESENTATION_CONTEXT('2D SPACE',''
  ) );
#6607 = PCURVE('',#3371,#6608);
#6608 = DEFINITIONAL_REPRESENTATION('',(#6609),#6612);
#6609 = B_SPLINE_CURVE_WITH_KNOTS('',1,(#6610,#6611),.UNSPECIFIED.,.F.,
  .F.,(2,2),(108.5,228.5),.PIECEWISE_BEZIER_KNOTS.);
#6610 = CARTESIAN_POINT('',(22.,277.));
#6611 = CARTESIAN_POINT('',(22.,397.));
#6612 = ( GEOMETRIC_REPRESENTATION_CONTEXT(2) 
PARAMETRIC_REPRESENTATION_CONTEXT() REPRESENTATION_CONTEXT('2D SPACE',''
  ) );
#6613 = ORIENTED_EDGE('',*,*,#5043,.T.);
#6614 = ADVANCED_FACE('',(#6615),#2622,.F.);
#6615 = FACE_BOUND('',#6616,.F.);
#6616 = EDGE_LOOP('',(#6617,#6638,#6639));
#6617 = ORIENTED_EDGE('',*,*,#6618,.F.);
#6618 = EDGE_CURVE('',#2890,#141,#6619,.T.);
#6619 = SURFACE_CURVE('',#6620,(#6624,#6631),.PCURVE_S1.);
#6620 = LINE('',#6621,#6622);
#6621 = CARTESIAN_POINT('',(-220.,185.,-160.));
#6622 = VECTOR('',#6623,1.);
#6623 = DIRECTION('',(0.,-0.650791373456,0.759256602365));
#6624 = PCURVE('',#2622,#6625);
#6625 = DEFINITIONAL_REPRESENTATION('',(#6626),#6630);
#6626 = LINE('',#6627,#6628);
#6627 = CARTESIAN_POINT('',(60.,-355.));
#6628 = VECTOR('',#6629,1.);
#6629 = DIRECTION('',(0.759256602365,0.650791373456));
#6630 = ( GEOMETRIC_REPRESENTATION_CONTEXT(2) 
PARAMETRIC_REPRESENTATION_CONTEXT() REPRESENTATION_CONTEXT('2D SPACE',''
  ) );
#6631 = PCURVE('',#2654,#6632);
#6632 = DEFINITIONAL_REPRESENTATION('',(#6633),#6637);
#6633 = LINE('',#6634,#6635);
#6634 = CARTESIAN_POINT('',(0.,0.));
#6635 = VECTOR('',#6636,1.);
#6636 = DIRECTION('',(1.,0.));
#6637 = ( GEOMETRIC_REPRESENTATION_CONTEXT(2) 
PARAMETRIC_REPRESENTATION_CONTEXT() REPRESENTATION_CONTEXT('2D SPACE',''
  ) );
#6638 = ORIENTED_EDGE('',*,*,#2912,.T.);
#6639 = ORIENTED_EDGE('',*,*,#2607,.F.);
#6640 = ADVANCED_FACE('',(#6641),#2574,.T.);
#6641 = FACE_BOUND('',#6642,.T.);
#6642 = EDGE_LOOP('',(#6643,#6669,#6670));
#6643 = ORIENTED_EDGE('',*,*,#6644,.F.);
#6644 = EDGE_CURVE('',#2935,#2534,#6645,.T.);
#6645 = SURFACE_CURVE('',#6646,(#6650,#6657),.PCURVE_S1.);
#6646 = LINE('',#6647,#6648);
#6647 = CARTESIAN_POINT('',(220.,185.,-160.));
#6648 = VECTOR('',#6649,1.);
#6649 = DIRECTION('',(0.,-0.650791373456,0.759256602365));
#6650 = PCURVE('',#2574,#6651);
#6651 = DEFINITIONAL_REPRESENTATION('',(#6652),#6656);
#6652 = LINE('',#6653,#6654);
#6653 = CARTESIAN_POINT('',(60.,-355.));
#6654 = VECTOR('',#6655,1.);
#6655 = DIRECTION('',(0.759256602365,0.650791373456));
#6656 = ( GEOMETRIC_REPRESENTATION_CONTEXT(2) 
PARAMETRIC_REPRESENTATION_CONTEXT() REPRESENTATION_CONTEXT('2D SPACE',''
  ) );
#6657 = PCURVE('',#6658,#6663);
#6658 = PLANE('',#6659);
#6659 = AXIS2_PLACEMENT_3D('',#6660,#6661,#6662);
#6660 = CARTESIAN_POINT('',(220.,185.,-160.));
#6661 = DIRECTION('',(0.,-0.759256602365,-0.650791373456));
#6662 = DIRECTION('',(0.,-0.650791373456,0.759256602365));
#6663 = DEFINITIONAL_REPRESENTATION('',(#6664),#6668);
#6664 = LINE('',#6665,#6666);
#6665 = CARTESIAN_POINT('',(0.,0.));
#6666 = VECTOR('',#6667,1.);
#6667 = DIRECTION('',(1.,0.));
#6668 = ( GEOMETRIC_REPRESENTATION_CONTEXT(2) 
PARAMETRIC_REPRESENTATION_CONTEXT() REPRESENTATION_CONTEXT('2D SPACE',''
  ) );
#6669 = ORIENTED_EDGE('',*,*,#2934,.T.);
#6670 = ORIENTED_EDGE('',*,*,#2557,.F.);
#6671 = ADVANCED_FACE('',(#6672),#2682,.F.);
#6672 = FACE_BOUND('',#6673,.F.);
#6673 = EDGE_LOOP('',(#6674,#6675,#6676));
#6674 = ORIENTED_EDGE('',*,*,#2666,.T.);
#6675 = ORIENTED_EDGE('',*,*,#2720,.T.);
#6676 = ORIENTED_EDGE('',*,*,#6677,.T.);
#6677 = EDGE_CURVE('',#2721,#2639,#6678,.T.);
#6678 = SURFACE_CURVE('',#6679,(#6683,#6690),.PCURVE_S1.);
#6679 = LINE('',#6680,#6681);
#6680 = CARTESIAN_POINT('',(-232.,185.,-160.));
#6681 = VECTOR('',#6682,1.);
#6682 = DIRECTION('',(0.,-0.650791373456,0.759256602365));
#6683 = PCURVE('',#2682,#6684);
#6684 = DEFINITIONAL_REPRESENTATION('',(#6685),#6689);
#6685 = LINE('',#6686,#6687);
#6686 = CARTESIAN_POINT('',(60.,-21.20195232588));
#6687 = VECTOR('',#6688,1.);
#6688 = DIRECTION('',(-0.650791373456,0.759256602365));
#6689 = ( GEOMETRIC_REPRESENTATION_CONTEXT(2) 
PARAMETRIC_REPRESENTATION_CONTEXT() REPRESENTATION_CONTEXT('2D SPACE',''
  ) );
#6690 = PCURVE('',#2654,#6691);
#6691 = DEFINITIONAL_REPRESENTATION('',(#6692),#6696);
#6692 = LINE('',#6693,#6694);
#6693 = CARTESIAN_POINT('',(0.,-12.));
#6694 = VECTOR('',#6695,1.);
#6695 = DIRECTION('',(1.,0.));
#6696 = ( GEOMETRIC_REPRESENTATION_CONTEXT(2) 
PARAMETRIC_REPRESENTATION_CONTEXT() REPRESENTATION_CONTEXT('2D SPACE',''
  ) );
#6697 = ADVANCED_FACE('',(#6698),#2654,.T.);
#6698 = FACE_BOUND('',#6699,.T.);
#6699 = EDGE_LOOP('',(#6700,#6701,#6702,#6703,#6704));
#6700 = ORIENTED_EDGE('',*,*,#2743,.T.);
#6701 = ORIENTED_EDGE('',*,*,#6677,.T.);
#6702 = ORIENTED_EDGE('',*,*,#2638,.F.);
#6703 = ORIENTED_EDGE('',*,*,#6618,.F.);
#6704 = ORIENTED_EDGE('',*,*,#6705,.F.);
#6705 = EDGE_CURVE('',#2744,#2890,#6706,.T.);
#6706 = SURFACE_CURVE('',#6707,(#6711,#6718),.PCURVE_S1.);
#6707 = LINE('',#6708,#6709);
#6708 = CARTESIAN_POINT('',(-220.,185.,-160.));
#6709 = VECTOR('',#6710,1.);
#6710 = DIRECTION('',(0.,-0.650791373456,0.759256602365));
#6711 = PCURVE('',#2654,#6712);
#6712 = DEFINITIONAL_REPRESENTATION('',(#6713),#6717);
#6713 = LINE('',#6714,#6715);
#6714 = CARTESIAN_POINT('',(0.,0.));
#6715 = VECTOR('',#6716,1.);
#6716 = DIRECTION('',(1.,0.));
#6717 = ( GEOMETRIC_REPRESENTATION_CONTEXT(2) 
PARAMETRIC_REPRESENTATION_CONTEXT() REPRESENTATION_CONTEXT('2D SPACE',''
  ) );
#6718 = PCURVE('',#2780,#6719);
#6719 = DEFINITIONAL_REPRESENTATION('',(#6720),#6724);
#6720 = LINE('',#6721,#6722);
#6721 = CARTESIAN_POINT('',(60.,-21.20195232588));
#6722 = VECTOR('',#6723,1.);
#6723 = DIRECTION('',(-0.650791373456,0.759256602365));
#6724 = ( GEOMETRIC_REPRESENTATION_CONTEXT(2) 
PARAMETRIC_REPRESENTATION_CONTEXT() REPRESENTATION_CONTEXT('2D SPACE',''
  ) );
#6725 = ADVANCED_FACE('',(#6726),#2780,.T.);
#6726 = FACE_BOUND('',#6727,.T.);
#6727 = EDGE_LOOP('',(#6728,#6729,#6730));
#6728 = ORIENTED_EDGE('',*,*,#6705,.T.);
#6729 = ORIENTED_EDGE('',*,*,#2889,.F.);
#6730 = ORIENTED_EDGE('',*,*,#2766,.T.);
#6731 = ADVANCED_FACE('',(#6732),#2971,.F.);
#6732 = FACE_BOUND('',#6733,.F.);
#6733 = EDGE_LOOP('',(#6734,#6757,#6758));
#6734 = ORIENTED_EDGE('',*,*,#6735,.T.);
#6735 = EDGE_CURVE('',#6736,#2935,#6738,.T.);
#6736 = VERTEX_POINT('',#6737);
#6737 = CARTESIAN_POINT('',(220.,185.,-160.));
#6738 = SURFACE_CURVE('',#6739,(#6743,#6750),.PCURVE_S1.);
#6739 = LINE('',#6740,#6741);
#6740 = CARTESIAN_POINT('',(220.,185.,-160.));
#6741 = VECTOR('',#6742,1.);
#6742 = DIRECTION('',(0.,-0.650791373456,0.759256602365));
#6743 = PCURVE('',#2971,#6744);
#6744 = DEFINITIONAL_REPRESENTATION('',(#6745),#6749);
#6745 = LINE('',#6746,#6747);
#6746 = CARTESIAN_POINT('',(60.,-21.20195232588));
#6747 = VECTOR('',#6748,1.);
#6748 = DIRECTION('',(-0.650791373456,0.759256602365));
#6749 = ( GEOMETRIC_REPRESENTATION_CONTEXT(2) 
PARAMETRIC_REPRESENTATION_CONTEXT() REPRESENTATION_CONTEXT('2D SPACE',''
  ) );
#6750 = PCURVE('',#6658,#6751);
#6751 = DEFINITIONAL_REPRESENTATION('',(#6752),#6756);
#6752 = LINE('',#6753,#6754);
#6753 = CARTESIAN_POINT('',(0.,0.));
#6754 = VECTOR('',#6755,1.);
#6755 = DIRECTION('',(1.,0.));
#6756 = ( GEOMETRIC_REPRESENTATION_CONTEXT(2) 
PARAMETRIC_REPRESENTATION_CONTEXT() REPRESENTATION_CONTEXT('2D SPACE',''
  ) );
#6757 = ORIENTED_EDGE('',*,*,#2957,.F.);
#6758 = ORIENTED_EDGE('',*,*,#6759,.T.);
#6759 = EDGE_CURVE('',#2799,#6736,#6760,.T.);
#6760 = SURFACE_CURVE('',#6761,(#6765,#6772),.PCURVE_S1.);
#6761 = LINE('',#6762,#6763);
#6762 = CARTESIAN_POINT('',(220.,65.,-160.));
#6763 = VECTOR('',#6764,1.);
#6764 = DIRECTION('',(0.,1.,0.));
#6765 = PCURVE('',#2971,#6766);
#6766 = DEFINITIONAL_REPRESENTATION('',(#6767),#6771);
#6767 = LINE('',#6768,#6769);
#6768 = CARTESIAN_POINT('',(-60.,-21.20195232588));
#6769 = VECTOR('',#6770,1.);
#6770 = DIRECTION('',(1.,0.));
#6771 = ( GEOMETRIC_REPRESENTATION_CONTEXT(2) 
PARAMETRIC_REPRESENTATION_CONTEXT() REPRESENTATION_CONTEXT('2D SPACE',''
  ) );
#6772 = PCURVE('',#3036,#6773);
#6773 = DEFINITIONAL_REPRESENTATION('',(#6774),#6778);
#6774 = LINE('',#6775,#6776);
#6775 = CARTESIAN_POINT('',(0.,0.));
#6776 = VECTOR('',#6777,1.);
#6777 = DIRECTION('',(1.,0.));
#6778 = ( GEOMETRIC_REPRESENTATION_CONTEXT(2) 
PARAMETRIC_REPRESENTATION_CONTEXT() REPRESENTATION_CONTEXT('2D SPACE',''
  ) );
#6779 = ADVANCED_FACE('',(#6780),#3119,.F.);
#6780 = FACE_BOUND('',#6781,.F.);
#6781 = EDGE_LOOP('',(#6782,#6805,#6833,#6854,#6855));
#6782 = ORIENTED_EDGE('',*,*,#6783,.T.);
#6783 = EDGE_CURVE('',#3136,#6784,#6786,.T.);
#6784 = VERTEX_POINT('',#6785);
#6785 = CARTESIAN_POINT('',(232.,-185.,-160.));
#6786 = SURFACE_CURVE('',#6787,(#6791,#6798),.PCURVE_S1.);
#6787 = LINE('',#6788,#6789);
#6788 = CARTESIAN_POINT('',(220.,-185.,-160.));
#6789 = VECTOR('',#6790,1.);
#6790 = DIRECTION('',(1.,0.,0.));
#6791 = PCURVE('',#3119,#6792);
#6792 = DEFINITIONAL_REPRESENTATION('',(#6793),#6797);
#6793 = LINE('',#6794,#6795);
#6794 = CARTESIAN_POINT('',(0.,0.));
#6795 = VECTOR('',#6796,1.);
#6796 = DIRECTION('',(0.,-1.));
#6797 = ( GEOMETRIC_REPRESENTATION_CONTEXT(2) 
PARAMETRIC_REPRESENTATION_CONTEXT() REPRESENTATION_CONTEXT('2D SPACE',''
  ) );
#6798 = PCURVE('',#3151,#6799);
#6799 = DEFINITIONAL_REPRESENTATION('',(#6800),#6804);
#6800 = LINE('',#6801,#6802);
#6801 = CARTESIAN_POINT('',(104.04326023342,0.));
#6802 = VECTOR('',#6803,1.);
#6803 = DIRECTION('',(0.,-1.));
#6804 = ( GEOMETRIC_REPRESENTATION_CONTEXT(2) 
PARAMETRIC_REPRESENTATION_CONTEXT() REPRESENTATION_CONTEXT('2D SPACE',''
  ) );
#6805 = ORIENTED_EDGE('',*,*,#6806,.T.);
#6806 = EDGE_CURVE('',#6784,#6807,#6809,.T.);
#6807 = VERTEX_POINT('',#6808);
#6808 = CARTESIAN_POINT('',(232.,-65.,-160.));
#6809 = SURFACE_CURVE('',#6810,(#6814,#6821),.PCURVE_S1.);
#6810 = LINE('',#6811,#6812);
#6811 = CARTESIAN_POINT('',(232.,-185.,-160.));
#6812 = VECTOR('',#6813,1.);
#6813 = DIRECTION('',(0.,1.,0.));
#6814 = PCURVE('',#3119,#6815);
#6815 = DEFINITIONAL_REPRESENTATION('',(#6816),#6820);
#6816 = LINE('',#6817,#6818);
#6817 = CARTESIAN_POINT('',(0.,-12.));
#6818 = VECTOR('',#6819,1.);
#6819 = DIRECTION('',(1.,0.));
#6820 = ( GEOMETRIC_REPRESENTATION_CONTEXT(2) 
PARAMETRIC_REPRESENTATION_CONTEXT() REPRESENTATION_CONTEXT('2D SPACE',''
  ) );
#6821 = PCURVE('',#6822,#6827);
#6822 = PLANE('',#6823);
#6823 = AXIS2_PLACEMENT_3D('',#6824,#6825,#6826);
#6824 = CARTESIAN_POINT('',(232.,-125.,-133.0446800823));
#6825 = DIRECTION('',(1.,0.,0.));
#6826 = DIRECTION('',(0.,1.,0.));
#6827 = DEFINITIONAL_REPRESENTATION('',(#6828),#6832);
#6828 = LINE('',#6829,#6830);
#6829 = CARTESIAN_POINT('',(-60.,-26.95531991761));
#6830 = VECTOR('',#6831,1.);
#6831 = DIRECTION('',(1.,0.));
#6832 = ( GEOMETRIC_REPRESENTATION_CONTEXT(2) 
PARAMETRIC_REPRESENTATION_CONTEXT() REPRESENTATION_CONTEXT('2D SPACE',''
  ) );
#6833 = ORIENTED_EDGE('',*,*,#6834,.F.);
#6834 = EDGE_CURVE('',#3078,#6807,#6835,.T.);
#6835 = SURFACE_CURVE('',#6836,(#6840,#6847),.PCURVE_S1.);
#6836 = LINE('',#6837,#6838);
#6837 = CARTESIAN_POINT('',(220.,-65.,-160.));
#6838 = VECTOR('',#6839,1.);
#6839 = DIRECTION('',(1.,0.,0.));
#6840 = PCURVE('',#3119,#6841);
#6841 = DEFINITIONAL_REPRESENTATION('',(#6842),#6846);
#6842 = LINE('',#6843,#6844);
#6843 = CARTESIAN_POINT('',(120.,0.));
#6844 = VECTOR('',#6845,1.);
#6845 = DIRECTION('',(0.,-1.));
#6846 = ( GEOMETRIC_REPRESENTATION_CONTEXT(2) 
PARAMETRIC_REPRESENTATION_CONTEXT() REPRESENTATION_CONTEXT('2D SPACE',''
  ) );
#6847 = PCURVE('',#3093,#6848);
#6848 = DEFINITIONAL_REPRESENTATION('',(#6849),#6853);
#6849 = LINE('',#6850,#6851);
#6850 = CARTESIAN_POINT('',(0.,0.));
#6851 = VECTOR('',#6852,1.);
#6852 = DIRECTION('',(0.,-1.));
#6853 = ( GEOMETRIC_REPRESENTATION_CONTEXT(2) 
PARAMETRIC_REPRESENTATION_CONTEXT() REPRESENTATION_CONTEXT('2D SPACE',''
  ) );
#6854 = ORIENTED_EDGE('',*,*,#3105,.F.);
#6855 = ORIENTED_EDGE('',*,*,#3163,.F.);
#6856 = ADVANCED_FACE('',(#6857),#3093,.F.);
#6857 = FACE_BOUND('',#6858,.F.);
#6858 = EDGE_LOOP('',(#6859,#6860,#6883,#6904));
#6859 = ORIENTED_EDGE('',*,*,#6834,.T.);
#6860 = ORIENTED_EDGE('',*,*,#6861,.T.);
#6861 = EDGE_CURVE('',#6807,#6862,#6864,.T.);
#6862 = VERTEX_POINT('',#6863);
#6863 = CARTESIAN_POINT('',(232.,-125.,-75.));
#6864 = SURFACE_CURVE('',#6865,(#6869,#6876),.PCURVE_S1.);
#6865 = LINE('',#6866,#6867);
#6866 = CARTESIAN_POINT('',(232.,-65.,-160.));
#6867 = VECTOR('',#6868,1.);
#6868 = DIRECTION('',(0.,-0.576683197599,0.816967863265));
#6869 = PCURVE('',#3093,#6870);
#6870 = DEFINITIONAL_REPRESENTATION('',(#6871),#6875);
#6871 = LINE('',#6872,#6873);
#6872 = CARTESIAN_POINT('',(0.,-12.));
#6873 = VECTOR('',#6874,1.);
#6874 = DIRECTION('',(1.,0.));
#6875 = ( GEOMETRIC_REPRESENTATION_CONTEXT(2) 
PARAMETRIC_REPRESENTATION_CONTEXT() REPRESENTATION_CONTEXT('2D SPACE',''
  ) );
#6876 = PCURVE('',#6822,#6877);
#6877 = DEFINITIONAL_REPRESENTATION('',(#6878),#6882);
#6878 = LINE('',#6879,#6880);
#6879 = CARTESIAN_POINT('',(60.,-26.95531991761));
#6880 = VECTOR('',#6881,1.);
#6881 = DIRECTION('',(-0.576683197599,0.816967863265));
#6882 = ( GEOMETRIC_REPRESENTATION_CONTEXT(2) 
PARAMETRIC_REPRESENTATION_CONTEXT() REPRESENTATION_CONTEXT('2D SPACE',''
  ) );
#6883 = ORIENTED_EDGE('',*,*,#6884,.F.);
#6884 = EDGE_CURVE('',#825,#6862,#6885,.T.);
#6885 = SURFACE_CURVE('',#6886,(#6890,#6897),.PCURVE_S1.);
#6886 = LINE('',#6887,#6888);
#6887 = CARTESIAN_POINT('',(220.,-125.,-75.));
#6888 = VECTOR('',#6889,1.);
#6889 = DIRECTION('',(1.,0.,0.));
#6890 = PCURVE('',#3093,#6891);
#6891 = DEFINITIONAL_REPRESENTATION('',(#6892),#6896);
#6892 = LINE('',#6893,#6894);
#6893 = CARTESIAN_POINT('',(104.04326023342,0.));
#6894 = VECTOR('',#6895,1.);
#6895 = DIRECTION('',(0.,-1.));
#6896 = ( GEOMETRIC_REPRESENTATION_CONTEXT(2) 
PARAMETRIC_REPRESENTATION_CONTEXT() REPRESENTATION_CONTEXT('2D SPACE',''
  ) );
#6897 = PCURVE('',#3151,#6898);
#6898 = DEFINITIONAL_REPRESENTATION('',(#6899),#6903);
#6899 = LINE('',#6900,#6901);
#6900 = CARTESIAN_POINT('',(0.,0.));
#6901 = VECTOR('',#6902,1.);
#6902 = DIRECTION('',(0.,-1.));
#6903 = ( GEOMETRIC_REPRESENTATION_CONTEXT(2) 
PARAMETRIC_REPRESENTATION_CONTEXT() REPRESENTATION_CONTEXT('2D SPACE',''
  ) );
#6904 = ORIENTED_EDGE('',*,*,#3077,.F.);
#6905 = ADVANCED_FACE('',(#6906),#3062,.F.);
#6906 = FACE_BOUND('',#6907,.F.);
#6907 = EDGE_LOOP('',(#6908,#6931,#6959,#6980));
#6908 = ORIENTED_EDGE('',*,*,#6909,.T.);
#6909 = EDGE_CURVE('',#2534,#6910,#6912,.T.);
#6910 = VERTEX_POINT('',#6911);
#6911 = CARTESIAN_POINT('',(232.,125.,-90.));
#6912 = SURFACE_CURVE('',#6913,(#6917,#6924),.PCURVE_S1.);
#6913 = LINE('',#6914,#6915);
#6914 = CARTESIAN_POINT('',(220.,125.,-90.));
#6915 = VECTOR('',#6916,1.);
#6916 = DIRECTION('',(1.,0.,0.));
#6917 = PCURVE('',#3062,#6918);
#6918 = DEFINITIONAL_REPRESENTATION('',(#6919),#6923);
#6919 = LINE('',#6920,#6921);
#6920 = CARTESIAN_POINT('',(0.,0.));
#6921 = VECTOR('',#6922,1.);
#6922 = DIRECTION('',(0.,-1.));
#6923 = ( GEOMETRIC_REPRESENTATION_CONTEXT(2) 
PARAMETRIC_REPRESENTATION_CONTEXT() REPRESENTATION_CONTEXT('2D SPACE',''
  ) );
#6924 = PCURVE('',#6658,#6925);
#6925 = DEFINITIONAL_REPRESENTATION('',(#6926),#6930);
#6926 = LINE('',#6927,#6928);
#6927 = CARTESIAN_POINT('',(92.195444572929,0.));
#6928 = VECTOR('',#6929,1.);
#6929 = DIRECTION('',(0.,-1.));
#6930 = ( GEOMETRIC_REPRESENTATION_CONTEXT(2) 
PARAMETRIC_REPRESENTATION_CONTEXT() REPRESENTATION_CONTEXT('2D SPACE',''
  ) );
#6931 = ORIENTED_EDGE('',*,*,#6932,.T.);
#6932 = EDGE_CURVE('',#6910,#6933,#6935,.T.);
#6933 = VERTEX_POINT('',#6934);
#6934 = CARTESIAN_POINT('',(232.,65.,-160.));
#6935 = SURFACE_CURVE('',#6936,(#6940,#6947),.PCURVE_S1.);
#6936 = LINE('',#6937,#6938);
#6937 = CARTESIAN_POINT('',(232.,125.,-90.));
#6938 = VECTOR('',#6939,1.);
#6939 = DIRECTION('',(0.,-0.650791373456,-0.759256602365));
#6940 = PCURVE('',#3062,#6941);
#6941 = DEFINITIONAL_REPRESENTATION('',(#6942),#6946);
#6942 = LINE('',#6943,#6944);
#6943 = CARTESIAN_POINT('',(0.,-12.));
#6944 = VECTOR('',#6945,1.);
#6945 = DIRECTION('',(1.,0.));
#6946 = ( GEOMETRIC_REPRESENTATION_CONTEXT(2) 
PARAMETRIC_REPRESENTATION_CONTEXT() REPRESENTATION_CONTEXT('2D SPACE',''
  ) );
#6947 = PCURVE('',#6948,#6953);
#6948 = PLANE('',#6949);
#6949 = AXIS2_PLACEMENT_3D('',#6950,#6951,#6952);
#6950 = CARTESIAN_POINT('',(232.,125.,-138.7980476741));
#6951 = DIRECTION('',(1.,0.,0.));
#6952 = DIRECTION('',(0.,1.,0.));
#6953 = DEFINITIONAL_REPRESENTATION('',(#6954),#6958);
#6954 = LINE('',#6955,#6956);
#6955 = CARTESIAN_POINT('',(0.,48.798047674112));
#6956 = VECTOR('',#6957,1.);
#6957 = DIRECTION('',(-0.650791373456,-0.759256602365));
#6958 = ( GEOMETRIC_REPRESENTATION_CONTEXT(2) 
PARAMETRIC_REPRESENTATION_CONTEXT() REPRESENTATION_CONTEXT('2D SPACE',''
  ) );
#6959 = ORIENTED_EDGE('',*,*,#6960,.F.);
#6960 = EDGE_CURVE('',#3021,#6933,#6961,.T.);
#6961 = SURFACE_CURVE('',#6962,(#6966,#6973),.PCURVE_S1.);
#6962 = LINE('',#6963,#6964);
#6963 = CARTESIAN_POINT('',(220.,65.,-160.));
#6964 = VECTOR('',#6965,1.);
#6965 = DIRECTION('',(1.,0.,0.));
#6966 = PCURVE('',#3062,#6967);
#6967 = DEFINITIONAL_REPRESENTATION('',(#6968),#6972);
#6968 = LINE('',#6969,#6970);
#6969 = CARTESIAN_POINT('',(92.195444572929,0.));
#6970 = VECTOR('',#6971,1.);
#6971 = DIRECTION('',(0.,-1.));
#6972 = ( GEOMETRIC_REPRESENTATION_CONTEXT(2) 
PARAMETRIC_REPRESENTATION_CONTEXT() REPRESENTATION_CONTEXT('2D SPACE',''
  ) );
#6973 = PCURVE('',#3036,#6974);
#6974 = DEFINITIONAL_REPRESENTATION('',(#6975),#6979);
#6975 = LINE('',#6976,#6977);
#6976 = CARTESIAN_POINT('',(0.,0.));
#6977 = VECTOR('',#6978,1.);
#6978 = DIRECTION('',(0.,-1.));
#6979 = ( GEOMETRIC_REPRESENTATION_CONTEXT(2) 
PARAMETRIC_REPRESENTATION_CONTEXT() REPRESENTATION_CONTEXT('2D SPACE',''
  ) );
#6980 = ORIENTED_EDGE('',*,*,#3048,.F.);
#6981 = ADVANCED_FACE('',(#6982),#3036,.F.);
#6982 = FACE_BOUND('',#6983,.F.);
#6983 = EDGE_LOOP('',(#6984,#6985,#7008,#7029,#7030));
#6984 = ORIENTED_EDGE('',*,*,#6960,.T.);
#6985 = ORIENTED_EDGE('',*,*,#6986,.T.);
#6986 = EDGE_CURVE('',#6933,#6987,#6989,.T.);
#6987 = VERTEX_POINT('',#6988);
#6988 = CARTESIAN_POINT('',(232.,185.,-160.));
#6989 = SURFACE_CURVE('',#6990,(#6994,#7001),.PCURVE_S1.);
#6990 = LINE('',#6991,#6992);
#6991 = CARTESIAN_POINT('',(232.,65.,-160.));
#6992 = VECTOR('',#6993,1.);
#6993 = DIRECTION('',(0.,1.,0.));
#6994 = PCURVE('',#3036,#6995);
#6995 = DEFINITIONAL_REPRESENTATION('',(#6996),#7000);
#6996 = LINE('',#6997,#6998);
#6997 = CARTESIAN_POINT('',(0.,-12.));
#6998 = VECTOR('',#6999,1.);
#6999 = DIRECTION('',(1.,0.));
#7000 = ( GEOMETRIC_REPRESENTATION_CONTEXT(2) 
PARAMETRIC_REPRESENTATION_CONTEXT() REPRESENTATION_CONTEXT('2D SPACE',''
  ) );
#7001 = PCURVE('',#6948,#7002);
#7002 = DEFINITIONAL_REPRESENTATION('',(#7003),#7007);
#7003 = LINE('',#7004,#7005);
#7004 = CARTESIAN_POINT('',(-60.,-21.20195232588));
#7005 = VECTOR('',#7006,1.);
#7006 = DIRECTION('',(1.,0.));
#7007 = ( GEOMETRIC_REPRESENTATION_CONTEXT(2) 
PARAMETRIC_REPRESENTATION_CONTEXT() REPRESENTATION_CONTEXT('2D SPACE',''
  ) );
#7008 = ORIENTED_EDGE('',*,*,#7009,.F.);
#7009 = EDGE_CURVE('',#6736,#6987,#7010,.T.);
#7010 = SURFACE_CURVE('',#7011,(#7015,#7022),.PCURVE_S1.);
#7011 = LINE('',#7012,#7013);
#7012 = CARTESIAN_POINT('',(220.,185.,-160.));
#7013 = VECTOR('',#7014,1.);
#7014 = DIRECTION('',(1.,0.,0.));
#7015 = PCURVE('',#3036,#7016);
#7016 = DEFINITIONAL_REPRESENTATION('',(#7017),#7021);
#7017 = LINE('',#7018,#7019);
#7018 = CARTESIAN_POINT('',(120.,0.));
#7019 = VECTOR('',#7020,1.);
#7020 = DIRECTION('',(0.,-1.));
#7021 = ( GEOMETRIC_REPRESENTATION_CONTEXT(2) 
PARAMETRIC_REPRESENTATION_CONTEXT() REPRESENTATION_CONTEXT('2D SPACE',''
  ) );
#7022 = PCURVE('',#6658,#7023);
#7023 = DEFINITIONAL_REPRESENTATION('',(#7024),#7028);
#7024 = LINE('',#7025,#7026);
#7025 = CARTESIAN_POINT('',(0.,0.));
#7026 = VECTOR('',#7027,1.);
#7027 = DIRECTION('',(0.,-1.));
#7028 = ( GEOMETRIC_REPRESENTATION_CONTEXT(2) 
PARAMETRIC_REPRESENTATION_CONTEXT() REPRESENTATION_CONTEXT('2D SPACE',''
  ) );
#7029 = ORIENTED_EDGE('',*,*,#6759,.F.);
#7030 = ORIENTED_EDGE('',*,*,#3020,.F.);
#7031 = ADVANCED_FACE('',(#7032),#3151,.F.);
#7032 = FACE_BOUND('',#7033,.F.);
#7033 = EDGE_LOOP('',(#7034,#7035,#7056,#7057,#7058));
#7034 = ORIENTED_EDGE('',*,*,#6884,.T.);
#7035 = ORIENTED_EDGE('',*,*,#7036,.T.);
#7036 = EDGE_CURVE('',#6862,#6784,#7037,.T.);
#7037 = SURFACE_CURVE('',#7038,(#7042,#7049),.PCURVE_S1.);
#7038 = LINE('',#7039,#7040);
#7039 = CARTESIAN_POINT('',(232.,-125.,-75.));
#7040 = VECTOR('',#7041,1.);
#7041 = DIRECTION('',(0.,-0.576683197599,-0.816967863265));
#7042 = PCURVE('',#3151,#7043);
#7043 = DEFINITIONAL_REPRESENTATION('',(#7044),#7048);
#7044 = LINE('',#7045,#7046);
#7045 = CARTESIAN_POINT('',(0.,-12.));
#7046 = VECTOR('',#7047,1.);
#7047 = DIRECTION('',(1.,0.));
#7048 = ( GEOMETRIC_REPRESENTATION_CONTEXT(2) 
PARAMETRIC_REPRESENTATION_CONTEXT() REPRESENTATION_CONTEXT('2D SPACE',''
  ) );
#7049 = PCURVE('',#6822,#7050);
#7050 = DEFINITIONAL_REPRESENTATION('',(#7051),#7055);
#7051 = LINE('',#7052,#7053);
#7052 = CARTESIAN_POINT('',(-1.42108547152E-14,58.044680082385));
#7053 = VECTOR('',#7054,1.);
#7054 = DIRECTION('',(-0.576683197599,-0.816967863265));
#7055 = ( GEOMETRIC_REPRESENTATION_CONTEXT(2) 
PARAMETRIC_REPRESENTATION_CONTEXT() REPRESENTATION_CONTEXT('2D SPACE',''
  ) );
#7056 = ORIENTED_EDGE('',*,*,#6783,.F.);
#7057 = ORIENTED_EDGE('',*,*,#3135,.F.);
#7058 = ORIENTED_EDGE('',*,*,#3188,.F.);
#7059 = ADVANCED_FACE('',(#7060),#3304,.T.);
#7060 = FACE_BOUND('',#7061,.F.);
#7061 = EDGE_LOOP('',(#7062));
#7062 = ORIENTED_EDGE('',*,*,#3289,.F.);
#7063 = ADVANCED_FACE('',(#7064,#7135,#7138,#7141,#7144,#7147,#7150,
    #7153,#7156,#7187,#7476),#3371,.T.);
#7064 = FACE_BOUND('',#7065,.T.);
#7065 = EDGE_LOOP('',(#7066,#7067,#7068,#7069,#7070,#7071,#7093,#7115));
#7066 = ORIENTED_EDGE('',*,*,#4139,.F.);
#7067 = ORIENTED_EDGE('',*,*,#4090,.F.);
#7068 = ORIENTED_EDGE('',*,*,#4266,.T.);
#7069 = ORIENTED_EDGE('',*,*,#4316,.T.);
#7070 = ORIENTED_EDGE('',*,*,#4240,.F.);
#7071 = ORIENTED_EDGE('',*,*,#7072,.F.);
#7072 = EDGE_CURVE('',#7073,#4215,#7075,.T.);
#7073 = VERTEX_POINT('',#7074);
#7074 = CARTESIAN_POINT('',(238.,215.,7.367676489489E-15));
#7075 = SURFACE_CURVE('',#7076,(#7080,#7087),.PCURVE_S1.);
#7076 = LINE('',#7077,#7078);
#7077 = CARTESIAN_POINT('',(238.,79.,0.));
#7078 = VECTOR('',#7079,1.);
#7079 = DIRECTION('',(0.,-1.,0.));
#7080 = PCURVE('',#3371,#7081);
#7081 = DEFINITIONAL_REPRESENTATION('',(#7082),#7086);
#7082 = LINE('',#7083,#7084);
#7083 = CARTESIAN_POINT('',(500.,291.));
#7084 = VECTOR('',#7085,1.);
#7085 = DIRECTION('',(0.,-1.));
#7086 = ( GEOMETRIC_REPRESENTATION_CONTEXT(2) 
PARAMETRIC_REPRESENTATION_CONTEXT() REPRESENTATION_CONTEXT('2D SPACE',''
  ) );
#7087 = PCURVE('',#4229,#7088);
#7088 = DEFINITIONAL_REPRESENTATION('',(#7089),#7092);
#7089 = B_SPLINE_CURVE_WITH_KNOTS('',1,(#7090,#7091),.UNSPECIFIED.,.F.,
  .F.,(2,2),(-136.,44.),.PIECEWISE_BEZIER_KNOTS.);
#7090 = CARTESIAN_POINT('',(5.284661597216E-14,90.));
#7091 = CARTESIAN_POINT('',(5.284661597216E-14,-90.));
#7092 = ( GEOMETRIC_REPRESENTATION_CONTEXT(2) 
PARAMETRIC_REPRESENTATION_CONTEXT() REPRESENTATION_CONTEXT('2D SPACE',''
  ) );
#7093 = ORIENTED_EDGE('',*,*,#7094,.F.);
#7094 = EDGE_CURVE('',#7095,#7073,#7097,.T.);
#7095 = VERTEX_POINT('',#7096);
#7096 = CARTESIAN_POINT('',(-238.,215.,1.594516761438E-15));
#7097 = SURFACE_CURVE('',#7098,(#7102,#7109),.PCURVE_S1.);
#7098 = LINE('',#7099,#7100);
#7099 = CARTESIAN_POINT('',(-238.,215.,0.));
#7100 = VECTOR('',#7101,1.);
#7101 = DIRECTION('',(1.,0.,2.22044604925E-16));
#7102 = PCURVE('',#3371,#7103);
#7103 = DEFINITIONAL_REPRESENTATION('',(#7104),#7108);
#7104 = LINE('',#7105,#7106);
#7105 = CARTESIAN_POINT('',(24.,427.));
#7106 = VECTOR('',#7107,1.);
#7107 = DIRECTION('',(1.,0.));
#7108 = ( GEOMETRIC_REPRESENTATION_CONTEXT(2) 
PARAMETRIC_REPRESENTATION_CONTEXT() REPRESENTATION_CONTEXT('2D SPACE',''
  ) );
#7109 = PCURVE('',#4203,#7110);
#7110 = DEFINITIONAL_REPRESENTATION('',(#7111),#7114);
#7111 = B_SPLINE_CURVE_WITH_KNOTS('',1,(#7112,#7113),.UNSPECIFIED.,.F.,
  .F.,(2,2),(3.540538443398E-31,476.),.PIECEWISE_BEZIER_KNOTS.);
#7112 = CARTESIAN_POINT('',(7.853981633974,1.20883598095E-29));
#7113 = CARTESIAN_POINT('',(7.853981633974,476.));
#7114 = ( GEOMETRIC_REPRESENTATION_CONTEXT(2) 
PARAMETRIC_REPRESENTATION_CONTEXT() REPRESENTATION_CONTEXT('2D SPACE',''
  ) );
#7115 = ORIENTED_EDGE('',*,*,#7116,.T.);
#7116 = EDGE_CURVE('',#7095,#4140,#7117,.T.);
#7117 = SURFACE_CURVE('',#7118,(#7122,#7129),.PCURVE_S1.);
#7118 = LINE('',#7119,#7120);
#7119 = CARTESIAN_POINT('',(-238.,79.,0.));
#7120 = VECTOR('',#7121,1.);
#7121 = DIRECTION('',(0.,-1.,0.));
#7122 = PCURVE('',#3371,#7123);
#7123 = DEFINITIONAL_REPRESENTATION('',(#7124),#7128);
#7124 = LINE('',#7125,#7126);
#7125 = CARTESIAN_POINT('',(24.,291.));
#7126 = VECTOR('',#7127,1.);
#7127 = DIRECTION('',(0.,-1.));
#7128 = ( GEOMETRIC_REPRESENTATION_CONTEXT(2) 
PARAMETRIC_REPRESENTATION_CONTEXT() REPRESENTATION_CONTEXT('2D SPACE',''
  ) );
#7129 = PCURVE('',#4177,#7130);
#7130 = DEFINITIONAL_REPRESENTATION('',(#7131),#7134);
#7131 = B_SPLINE_CURVE_WITH_KNOTS('',1,(#7132,#7133),.UNSPECIFIED.,.F.,
  .F.,(2,2),(-136.,44.),.PIECEWISE_BEZIER_KNOTS.);
#7132 = CARTESIAN_POINT('',(-5.284661597216E-14,90.));
#7133 = CARTESIAN_POINT('',(-5.284661597216E-14,-90.));
#7134 = ( GEOMETRIC_REPRESENTATION_CONTEXT(2) 
PARAMETRIC_REPRESENTATION_CONTEXT() REPRESENTATION_CONTEXT('2D SPACE',''
  ) );
#7135 = FACE_BOUND('',#7136,.T.);
#7136 = EDGE_LOOP('',(#7137));
#7137 = ORIENTED_EDGE('',*,*,#3354,.F.);
#7138 = FACE_BOUND('',#7139,.T.);
#7139 = EDGE_LOOP('',(#7140));
#7140 = ORIENTED_EDGE('',*,*,#3463,.F.);
#7141 = FACE_BOUND('',#7142,.T.);
#7142 = EDGE_LOOP('',(#7143));
#7143 = ORIENTED_EDGE('',*,*,#3567,.F.);
#7144 = FACE_BOUND('',#7145,.T.);
#7145 = EDGE_LOOP('',(#7146));
#7146 = ORIENTED_EDGE('',*,*,#3671,.F.);
#7147 = FACE_BOUND('',#7148,.T.);
#7148 = EDGE_LOOP('',(#7149));
#7149 = ORIENTED_EDGE('',*,*,#3775,.F.);
#7150 = FACE_BOUND('',#7151,.T.);
#7151 = EDGE_LOOP('',(#7152));
#7152 = ORIENTED_EDGE('',*,*,#3879,.F.);
#7153 = FACE_BOUND('',#7154,.T.);
#7154 = EDGE_LOOP('',(#7155));
#7155 = ORIENTED_EDGE('',*,*,#4340,.F.);
#7156 = FACE_BOUND('',#7157,.T.);
#7157 = EDGE_LOOP('',(#7158));
#7158 = ORIENTED_EDGE('',*,*,#7159,.F.);
#7159 = EDGE_CURVE('',#7160,#7160,#7162,.T.);
#7160 = VERTEX_POINT('',#7161);
#7161 = CARTESIAN_POINT('',(-155.,191.,0.));
#7162 = SURFACE_CURVE('',#7163,(#7168,#7175),.PCURVE_S1.);
#7163 = CIRCLE('',#7164,5.);
#7164 = AXIS2_PLACEMENT_3D('',#7165,#7166,#7167);
#7165 = CARTESIAN_POINT('',(-160.,191.,0.));
#7166 = DIRECTION('',(0.,0.,1.));
#7167 = DIRECTION('',(1.,0.,-0.));
#7168 = PCURVE('',#3371,#7169);
#7169 = DEFINITIONAL_REPRESENTATION('',(#7170),#7174);
#7170 = CIRCLE('',#7171,5.);
#7171 = AXIS2_PLACEMENT_2D('',#7172,#7173);
#7172 = CARTESIAN_POINT('',(102.,403.));
#7173 = DIRECTION('',(1.,0.));
#7174 = ( GEOMETRIC_REPRESENTATION_CONTEXT(2) 
PARAMETRIC_REPRESENTATION_CONTEXT() REPRESENTATION_CONTEXT('2D SPACE',''
  ) );
#7175 = PCURVE('',#7176,#7181);
#7176 = CYLINDRICAL_SURFACE('',#7177,5.);
#7177 = AXIS2_PLACEMENT_3D('',#7178,#7179,#7180);
#7178 = CARTESIAN_POINT('',(-160.,191.,-28.));
#7179 = DIRECTION('',(0.,0.,1.));
#7180 = DIRECTION('',(1.,0.,-0.));
#7181 = DEFINITIONAL_REPRESENTATION('',(#7182),#7186);
#7182 = LINE('',#7183,#7184);
#7183 = CARTESIAN_POINT('',(0.,28.));
#7184 = VECTOR('',#7185,1.);
#7185 = DIRECTION('',(1.,0.));
#7186 = ( GEOMETRIC_REPRESENTATION_CONTEXT(2) 
PARAMETRIC_REPRESENTATION_CONTEXT() REPRESENTATION_CONTEXT('2D SPACE',''
  ) );
#7187 = FACE_BOUND('',#7188,.T.);
#7188 = EDGE_LOOP('',(#7189,#7190,#7191,#7212,#7213,#7214,#7215,#7239,
    #7261,#7262,#7286,#7308,#7309,#7333,#7355,#7356,#7380,#7402,#7403,
    #7427,#7449,#7450,#7451,#7452,#7473,#7474,#7475));
#7189 = ORIENTED_EDGE('',*,*,#4818,.T.);
#7190 = ORIENTED_EDGE('',*,*,#4666,.T.);
#7191 = ORIENTED_EDGE('',*,*,#7192,.T.);
#7192 = EDGE_CURVE('',#4443,#4999,#7193,.T.);
#7193 = SURFACE_CURVE('',#7194,(#7198,#7205),.PCURVE_S1.);
#7194 = LINE('',#7195,#7196);
#7195 = CARTESIAN_POINT('',(-204.,-154.,0.));
#7196 = VECTOR('',#7197,1.);
#7197 = DIRECTION('',(-0.,1.,0.));
#7198 = PCURVE('',#3371,#7199);
#7199 = DEFINITIONAL_REPRESENTATION('',(#7200),#7204);
#7200 = LINE('',#7201,#7202);
#7201 = CARTESIAN_POINT('',(58.,58.));
#7202 = VECTOR('',#7203,1.);
#7203 = DIRECTION('',(0.,1.));
#7204 = ( GEOMETRIC_REPRESENTATION_CONTEXT(2) 
PARAMETRIC_REPRESENTATION_CONTEXT() REPRESENTATION_CONTEXT('2D SPACE',''
  ) );
#7205 = PCURVE('',#4459,#7206);
#7206 = DEFINITIONAL_REPRESENTATION('',(#7207),#7211);
#7207 = LINE('',#7208,#7209);
#7208 = CARTESIAN_POINT('',(204.,0.));
#7209 = VECTOR('',#7210,1.);
#7210 = DIRECTION('',(0.,-1.));
#7211 = ( GEOMETRIC_REPRESENTATION_CONTEXT(2) 
PARAMETRIC_REPRESENTATION_CONTEXT() REPRESENTATION_CONTEXT('2D SPACE',''
  ) );
#7212 = ORIENTED_EDGE('',*,*,#5022,.F.);
#7213 = ORIENTED_EDGE('',*,*,#6595,.T.);
#7214 = ORIENTED_EDGE('',*,*,#5115,.T.);
#7215 = ORIENTED_EDGE('',*,*,#7216,.F.);
#7216 = EDGE_CURVE('',#7217,#5116,#7219,.T.);
#7217 = VERTEX_POINT('',#7218);
#7218 = CARTESIAN_POINT('',(-183.5,191.,0.));
#7219 = SURFACE_CURVE('',#7220,(#7225,#7232),.PCURVE_S1.);
#7220 = CIRCLE('',#7221,6.5);
#7221 = AXIS2_PLACEMENT_3D('',#7222,#7223,#7224);
#7222 = CARTESIAN_POINT('',(-190.,191.,0.));
#7223 = DIRECTION('',(0.,0.,1.));
#7224 = DIRECTION('',(1.,0.,-0.));
#7225 = PCURVE('',#3371,#7226);
#7226 = DEFINITIONAL_REPRESENTATION('',(#7227),#7231);
#7227 = CIRCLE('',#7228,6.5);
#7228 = AXIS2_PLACEMENT_2D('',#7229,#7230);
#7229 = CARTESIAN_POINT('',(72.,403.));
#7230 = DIRECTION('',(1.,0.));
#7231 = ( GEOMETRIC_REPRESENTATION_CONTEXT(2) 
PARAMETRIC_REPRESENTATION_CONTEXT() REPRESENTATION_CONTEXT('2D SPACE',''
  ) );
#7232 = PCURVE('',#5306,#7233);
#7233 = DEFINITIONAL_REPRESENTATION('',(#7234),#7238);
#7234 = LINE('',#7235,#7236);
#7235 = CARTESIAN_POINT('',(0.,28.));
#7236 = VECTOR('',#7237,1.);
#7237 = DIRECTION('',(1.,0.));
#7238 = ( GEOMETRIC_REPRESENTATION_CONTEXT(2) 
PARAMETRIC_REPRESENTATION_CONTEXT() REPRESENTATION_CONTEXT('2D SPACE',''
  ) );
#7239 = ORIENTED_EDGE('',*,*,#7240,.F.);
#7240 = EDGE_CURVE('',#5137,#7217,#7241,.T.);
#7241 = SURFACE_CURVE('',#7242,(#7247,#7254),.PCURVE_S1.);
#7242 = CIRCLE('',#7243,6.5);
#7243 = AXIS2_PLACEMENT_3D('',#7244,#7245,#7246);
#7244 = CARTESIAN_POINT('',(-190.,191.,0.));
#7245 = DIRECTION('',(0.,0.,1.));
#7246 = DIRECTION('',(1.,0.,-0.));
#7247 = PCURVE('',#3371,#7248);
#7248 = DEFINITIONAL_REPRESENTATION('',(#7249),#7253);
#7249 = CIRCLE('',#7250,6.5);
#7250 = AXIS2_PLACEMENT_2D('',#7251,#7252);
#7251 = CARTESIAN_POINT('',(72.,403.));
#7252 = DIRECTION('',(1.,0.));
#7253 = ( GEOMETRIC_REPRESENTATION_CONTEXT(2) 
PARAMETRIC_REPRESENTATION_CONTEXT() REPRESENTATION_CONTEXT('2D SPACE',''
  ) );
#7254 = PCURVE('',#5306,#7255);
#7255 = DEFINITIONAL_REPRESENTATION('',(#7256),#7260);
#7256 = LINE('',#7257,#7258);
#7257 = CARTESIAN_POINT('',(0.,28.));
#7258 = VECTOR('',#7259,1.);
#7259 = DIRECTION('',(1.,0.));
#7260 = ( GEOMETRIC_REPRESENTATION_CONTEXT(2) 
PARAMETRIC_REPRESENTATION_CONTEXT() REPRESENTATION_CONTEXT('2D SPACE',''
  ) );
#7261 = ORIENTED_EDGE('',*,*,#5395,.T.);
#7262 = ORIENTED_EDGE('',*,*,#7263,.F.);
#7263 = EDGE_CURVE('',#7264,#5396,#7266,.T.);
#7264 = VERTEX_POINT('',#7265);
#7265 = CARTESIAN_POINT('',(-88.5,191.,0.));
#7266 = SURFACE_CURVE('',#7267,(#7272,#7279),.PCURVE_S1.);
#7267 = CIRCLE('',#7268,6.5);
#7268 = AXIS2_PLACEMENT_3D('',#7269,#7270,#7271);
#7269 = CARTESIAN_POINT('',(-95.,191.,0.));
#7270 = DIRECTION('',(0.,0.,1.));
#7271 = DIRECTION('',(1.,0.,-0.));
#7272 = PCURVE('',#3371,#7273);
#7273 = DEFINITIONAL_REPRESENTATION('',(#7274),#7278);
#7274 = CIRCLE('',#7275,6.5);
#7275 = AXIS2_PLACEMENT_2D('',#7276,#7277);
#7276 = CARTESIAN_POINT('',(167.,403.));
#7277 = DIRECTION('',(1.,0.));
#7278 = ( GEOMETRIC_REPRESENTATION_CONTEXT(2) 
PARAMETRIC_REPRESENTATION_CONTEXT() REPRESENTATION_CONTEXT('2D SPACE',''
  ) );
#7279 = PCURVE('',#5586,#7280);
#7280 = DEFINITIONAL_REPRESENTATION('',(#7281),#7285);
#7281 = LINE('',#7282,#7283);
#7282 = CARTESIAN_POINT('',(0.,28.));
#7283 = VECTOR('',#7284,1.);
#7284 = DIRECTION('',(1.,0.));
#7285 = ( GEOMETRIC_REPRESENTATION_CONTEXT(2) 
PARAMETRIC_REPRESENTATION_CONTEXT() REPRESENTATION_CONTEXT('2D SPACE',''
  ) );
#7286 = ORIENTED_EDGE('',*,*,#7287,.F.);
#7287 = EDGE_CURVE('',#5417,#7264,#7288,.T.);
#7288 = SURFACE_CURVE('',#7289,(#7294,#7301),.PCURVE_S1.);
#7289 = CIRCLE('',#7290,6.5);
#7290 = AXIS2_PLACEMENT_3D('',#7291,#7292,#7293);
#7291 = CARTESIAN_POINT('',(-95.,191.,0.));
#7292 = DIRECTION('',(0.,0.,1.));
#7293 = DIRECTION('',(1.,0.,-0.));
#7294 = PCURVE('',#3371,#7295);
#7295 = DEFINITIONAL_REPRESENTATION('',(#7296),#7300);
#7296 = CIRCLE('',#7297,6.5);
#7297 = AXIS2_PLACEMENT_2D('',#7298,#7299);
#7298 = CARTESIAN_POINT('',(167.,403.));
#7299 = DIRECTION('',(1.,0.));
#7300 = ( GEOMETRIC_REPRESENTATION_CONTEXT(2) 
PARAMETRIC_REPRESENTATION_CONTEXT() REPRESENTATION_CONTEXT('2D SPACE',''
  ) );
#7301 = PCURVE('',#5586,#7302);
#7302 = DEFINITIONAL_REPRESENTATION('',(#7303),#7307);
#7303 = LINE('',#7304,#7305);
#7304 = CARTESIAN_POINT('',(0.,28.));
#7305 = VECTOR('',#7306,1.);
#7306 = DIRECTION('',(1.,0.));
#7307 = ( GEOMETRIC_REPRESENTATION_CONTEXT(2) 
PARAMETRIC_REPRESENTATION_CONTEXT() REPRESENTATION_CONTEXT('2D SPACE',''
  ) );
#7308 = ORIENTED_EDGE('',*,*,#5675,.T.);
#7309 = ORIENTED_EDGE('',*,*,#7310,.F.);
#7310 = EDGE_CURVE('',#7311,#5676,#7313,.T.);
#7311 = VERTEX_POINT('',#7312);
#7312 = CARTESIAN_POINT('',(6.5,191.,0.));
#7313 = SURFACE_CURVE('',#7314,(#7319,#7326),.PCURVE_S1.);
#7314 = CIRCLE('',#7315,6.5);
#7315 = AXIS2_PLACEMENT_3D('',#7316,#7317,#7318);
#7316 = CARTESIAN_POINT('',(0.,191.,0.));
#7317 = DIRECTION('',(0.,0.,1.));
#7318 = DIRECTION('',(1.,0.,-0.));
#7319 = PCURVE('',#3371,#7320);
#7320 = DEFINITIONAL_REPRESENTATION('',(#7321),#7325);
#7321 = CIRCLE('',#7322,6.5);
#7322 = AXIS2_PLACEMENT_2D('',#7323,#7324);
#7323 = CARTESIAN_POINT('',(262.,403.));
#7324 = DIRECTION('',(1.,0.));
#7325 = ( GEOMETRIC_REPRESENTATION_CONTEXT(2) 
PARAMETRIC_REPRESENTATION_CONTEXT() REPRESENTATION_CONTEXT('2D SPACE',''
  ) );
#7326 = PCURVE('',#5866,#7327);
#7327 = DEFINITIONAL_REPRESENTATION('',(#7328),#7332);
#7328 = LINE('',#7329,#7330);
#7329 = CARTESIAN_POINT('',(0.,28.));
#7330 = VECTOR('',#7331,1.);
#7331 = DIRECTION('',(1.,0.));
#7332 = ( GEOMETRIC_REPRESENTATION_CONTEXT(2) 
PARAMETRIC_REPRESENTATION_CONTEXT() REPRESENTATION_CONTEXT('2D SPACE',''
  ) );
#7333 = ORIENTED_EDGE('',*,*,#7334,.F.);
#7334 = EDGE_CURVE('',#5697,#7311,#7335,.T.);
#7335 = SURFACE_CURVE('',#7336,(#7341,#7348),.PCURVE_S1.);
#7336 = CIRCLE('',#7337,6.5);
#7337 = AXIS2_PLACEMENT_3D('',#7338,#7339,#7340);
#7338 = CARTESIAN_POINT('',(0.,191.,0.));
#7339 = DIRECTION('',(0.,0.,1.));
#7340 = DIRECTION('',(1.,0.,-0.));
#7341 = PCURVE('',#3371,#7342);
#7342 = DEFINITIONAL_REPRESENTATION('',(#7343),#7347);
#7343 = CIRCLE('',#7344,6.5);
#7344 = AXIS2_PLACEMENT_2D('',#7345,#7346);
#7345 = CARTESIAN_POINT('',(262.,403.));
#7346 = DIRECTION('',(1.,0.));
#7347 = ( GEOMETRIC_REPRESENTATION_CONTEXT(2) 
PARAMETRIC_REPRESENTATION_CONTEXT() REPRESENTATION_CONTEXT('2D SPACE',''
  ) );
#7348 = PCURVE('',#5866,#7349);
#7349 = DEFINITIONAL_REPRESENTATION('',(#7350),#7354);
#7350 = LINE('',#7351,#7352);
#7351 = CARTESIAN_POINT('',(0.,28.));
#7352 = VECTOR('',#7353,1.);
#7353 = DIRECTION('',(1.,0.));
#7354 = ( GEOMETRIC_REPRESENTATION_CONTEXT(2) 
PARAMETRIC_REPRESENTATION_CONTEXT() REPRESENTATION_CONTEXT('2D SPACE',''
  ) );
#7355 = ORIENTED_EDGE('',*,*,#5955,.T.);
#7356 = ORIENTED_EDGE('',*,*,#7357,.F.);
#7357 = EDGE_CURVE('',#7358,#5956,#7360,.T.);
#7358 = VERTEX_POINT('',#7359);
#7359 = CARTESIAN_POINT('',(101.5,191.,0.));
#7360 = SURFACE_CURVE('',#7361,(#7366,#7373),.PCURVE_S1.);
#7361 = CIRCLE('',#7362,6.5);
#7362 = AXIS2_PLACEMENT_3D('',#7363,#7364,#7365);
#7363 = CARTESIAN_POINT('',(95.,191.,0.));
#7364 = DIRECTION('',(0.,0.,1.));
#7365 = DIRECTION('',(1.,0.,-0.));
#7366 = PCURVE('',#3371,#7367);
#7367 = DEFINITIONAL_REPRESENTATION('',(#7368),#7372);
#7368 = CIRCLE('',#7369,6.5);
#7369 = AXIS2_PLACEMENT_2D('',#7370,#7371);
#7370 = CARTESIAN_POINT('',(357.,403.));
#7371 = DIRECTION('',(1.,0.));
#7372 = ( GEOMETRIC_REPRESENTATION_CONTEXT(2) 
PARAMETRIC_REPRESENTATION_CONTEXT() REPRESENTATION_CONTEXT('2D SPACE',''
  ) );
#7373 = PCURVE('',#6146,#7374);
#7374 = DEFINITIONAL_REPRESENTATION('',(#7375),#7379);
#7375 = LINE('',#7376,#7377);
#7376 = CARTESIAN_POINT('',(0.,28.));
#7377 = VECTOR('',#7378,1.);
#7378 = DIRECTION('',(1.,0.));
#7379 = ( GEOMETRIC_REPRESENTATION_CONTEXT(2) 
PARAMETRIC_REPRESENTATION_CONTEXT() REPRESENTATION_CONTEXT('2D SPACE',''
  ) );
#7380 = ORIENTED_EDGE('',*,*,#7381,.F.);
#7381 = EDGE_CURVE('',#5977,#7358,#7382,.T.);
#7382 = SURFACE_CURVE('',#7383,(#7388,#7395),.PCURVE_S1.);
#7383 = CIRCLE('',#7384,6.5);
#7384 = AXIS2_PLACEMENT_3D('',#7385,#7386,#7387);
#7385 = CARTESIAN_POINT('',(95.,191.,0.));
#7386 = DIRECTION('',(0.,0.,1.));
#7387 = DIRECTION('',(1.,0.,-0.));
#7388 = PCURVE('',#3371,#7389);
#7389 = DEFINITIONAL_REPRESENTATION('',(#7390),#7394);
#7390 = CIRCLE('',#7391,6.5);
#7391 = AXIS2_PLACEMENT_2D('',#7392,#7393);
#7392 = CARTESIAN_POINT('',(357.,403.));
#7393 = DIRECTION('',(1.,0.));
#7394 = ( GEOMETRIC_REPRESENTATION_CONTEXT(2) 
PARAMETRIC_REPRESENTATION_CONTEXT() REPRESENTATION_CONTEXT('2D SPACE',''
  ) );
#7395 = PCURVE('',#6146,#7396);
#7396 = DEFINITIONAL_REPRESENTATION('',(#7397),#7401);
#7397 = LINE('',#7398,#7399);
#7398 = CARTESIAN_POINT('',(0.,28.));
#7399 = VECTOR('',#7400,1.);
#7400 = DIRECTION('',(1.,0.));
#7401 = ( GEOMETRIC_REPRESENTATION_CONTEXT(2) 
PARAMETRIC_REPRESENTATION_CONTEXT() REPRESENTATION_CONTEXT('2D SPACE',''
  ) );
#7402 = ORIENTED_EDGE('',*,*,#6235,.T.);
#7403 = ORIENTED_EDGE('',*,*,#7404,.F.);
#7404 = EDGE_CURVE('',#7405,#6236,#7407,.T.);
#7405 = VERTEX_POINT('',#7406);
#7406 = CARTESIAN_POINT('',(196.5,191.,0.));
#7407 = SURFACE_CURVE('',#7408,(#7413,#7420),.PCURVE_S1.);
#7408 = CIRCLE('',#7409,6.5);
#7409 = AXIS2_PLACEMENT_3D('',#7410,#7411,#7412);
#7410 = CARTESIAN_POINT('',(190.,191.,0.));
#7411 = DIRECTION('',(0.,0.,1.));
#7412 = DIRECTION('',(1.,0.,-0.));
#7413 = PCURVE('',#3371,#7414);
#7414 = DEFINITIONAL_REPRESENTATION('',(#7415),#7419);
#7415 = CIRCLE('',#7416,6.5);
#7416 = AXIS2_PLACEMENT_2D('',#7417,#7418);
#7417 = CARTESIAN_POINT('',(452.,403.));
#7418 = DIRECTION('',(1.,0.));
#7419 = ( GEOMETRIC_REPRESENTATION_CONTEXT(2) 
PARAMETRIC_REPRESENTATION_CONTEXT() REPRESENTATION_CONTEXT('2D SPACE',''
  ) );
#7420 = PCURVE('',#6426,#7421);
#7421 = DEFINITIONAL_REPRESENTATION('',(#7422),#7426);
#7422 = LINE('',#7423,#7424);
#7423 = CARTESIAN_POINT('',(0.,28.));
#7424 = VECTOR('',#7425,1.);
#7425 = DIRECTION('',(1.,0.));
#7426 = ( GEOMETRIC_REPRESENTATION_CONTEXT(2) 
PARAMETRIC_REPRESENTATION_CONTEXT() REPRESENTATION_CONTEXT('2D SPACE',''
  ) );
#7427 = ORIENTED_EDGE('',*,*,#7428,.F.);
#7428 = EDGE_CURVE('',#6257,#7405,#7429,.T.);
#7429 = SURFACE_CURVE('',#7430,(#7435,#7442),.PCURVE_S1.);
#7430 = CIRCLE('',#7431,6.5);
#7431 = AXIS2_PLACEMENT_3D('',#7432,#7433,#7434);
#7432 = CARTESIAN_POINT('',(190.,191.,0.));
#7433 = DIRECTION('',(0.,0.,1.));
#7434 = DIRECTION('',(1.,0.,-0.));
#7435 = PCURVE('',#3371,#7436);
#7436 = DEFINITIONAL_REPRESENTATION('',(#7437),#7441);
#7437 = CIRCLE('',#7438,6.5);
#7438 = AXIS2_PLACEMENT_2D('',#7439,#7440);
#7439 = CARTESIAN_POINT('',(452.,403.));
#7440 = DIRECTION('',(1.,0.));
#7441 = ( GEOMETRIC_REPRESENTATION_CONTEXT(2) 
PARAMETRIC_REPRESENTATION_CONTEXT() REPRESENTATION_CONTEXT('2D SPACE',''
  ) );
#7442 = PCURVE('',#6426,#7443);
#7443 = DEFINITIONAL_REPRESENTATION('',(#7444),#7448);
#7444 = LINE('',#7445,#7446);
#7445 = CARTESIAN_POINT('',(0.,28.));
#7446 = VECTOR('',#7447,1.);
#7447 = DIRECTION('',(1.,0.));
#7448 = ( GEOMETRIC_REPRESENTATION_CONTEXT(2) 
PARAMETRIC_REPRESENTATION_CONTEXT() REPRESENTATION_CONTEXT('2D SPACE',''
  ) );
#7449 = ORIENTED_EDGE('',*,*,#6515,.T.);
#7450 = ORIENTED_EDGE('',*,*,#6563,.F.);
#7451 = ORIENTED_EDGE('',*,*,#4923,.F.);
#7452 = ORIENTED_EDGE('',*,*,#7453,.F.);
#7453 = EDGE_CURVE('',#4498,#4924,#7454,.T.);
#7454 = SURFACE_CURVE('',#7455,(#7459,#7466),.PCURVE_S1.);
#7455 = LINE('',#7456,#7457);
#7456 = CARTESIAN_POINT('',(204.,-154.,0.));
#7457 = VECTOR('',#7458,1.);
#7458 = DIRECTION('',(-0.,1.,0.));
#7459 = PCURVE('',#3371,#7460);
#7460 = DEFINITIONAL_REPRESENTATION('',(#7461),#7465);
#7461 = LINE('',#7462,#7463);
#7462 = CARTESIAN_POINT('',(466.,58.));
#7463 = VECTOR('',#7464,1.);
#7464 = DIRECTION('',(0.,1.));
#7465 = ( GEOMETRIC_REPRESENTATION_CONTEXT(2) 
PARAMETRIC_REPRESENTATION_CONTEXT() REPRESENTATION_CONTEXT('2D SPACE',''
  ) );
#7466 = PCURVE('',#4514,#7467);
#7467 = DEFINITIONAL_REPRESENTATION('',(#7468),#7472);
#7468 = LINE('',#7469,#7470);
#7469 = CARTESIAN_POINT('',(204.,0.));
#7470 = VECTOR('',#7471,1.);
#7471 = DIRECTION('',(0.,-1.));
#7472 = ( GEOMETRIC_REPRESENTATION_CONTEXT(2) 
PARAMETRIC_REPRESENTATION_CONTEXT() REPRESENTATION_CONTEXT('2D SPACE',''
  ) );
#7473 = ORIENTED_EDGE('',*,*,#4530,.T.);
#7474 = ORIENTED_EDGE('',*,*,#4843,.F.);
#7475 = ORIENTED_EDGE('',*,*,#4598,.F.);
#7476 = FACE_BOUND('',#7477,.T.);
#7477 = EDGE_LOOP('',(#7478));
#7478 = ORIENTED_EDGE('',*,*,#4390,.F.);
#7479 = ADVANCED_FACE('',(#7480),#4229,.T.);
#7480 = FACE_BOUND('',#7481,.T.);
#7481 = EDGE_LOOP('',(#7482,#7508,#7509));
#7482 = ORIENTED_EDGE('',*,*,#7483,.F.);
#7483 = EDGE_CURVE('',#7073,#4189,#7484,.T.);
#7484 = SURFACE_CURVE('',#7485,(#7490,#7501),.PCURVE_S1.);
#7485 = CIRCLE('',#7486,90.);
#7486 = AXIS2_PLACEMENT_3D('',#7487,#7488,#7489);
#7487 = CARTESIAN_POINT('',(238.,125.,5.284661597216E-14));
#7488 = DIRECTION('',(-1.,0.,0.));
#7489 = DIRECTION('',(0.,1.,-5.053215498074E-16));
#7490 = PCURVE('',#4229,#7491);
#7491 = DEFINITIONAL_REPRESENTATION('',(#7492),#7500);
#7492 = ( BOUNDED_CURVE() B_SPLINE_CURVE(2,(#7493,#7494,#7495,#7496,
#7497,#7498,#7499),.UNSPECIFIED.,.T.,.F.) B_SPLINE_CURVE_WITH_KNOTS((1,2
    ,2,2,2,1),(-2.094395102393,0.,2.094395102393,4.188790204786,
6.28318530718,8.377580409573),.UNSPECIFIED.) CURVE() 
GEOMETRIC_REPRESENTATION_ITEM() RATIONAL_B_SPLINE_CURVE((1.,0.5,1.,0.5,
1.,0.5,1.)) REPRESENTATION_ITEM('') );
#7493 = CARTESIAN_POINT('',(4.547893948267E-14,90.));
#7494 = CARTESIAN_POINT('',(155.88457268119,90.));
#7495 = CARTESIAN_POINT('',(77.942286340599,-45.));
#7496 = CARTESIAN_POINT('',(-6.891423658069E-14,-180.));
#7497 = CARTESIAN_POINT('',(-77.94228634059,-45.));
#7498 = CARTESIAN_POINT('',(-155.8845726811,90.));
#7499 = CARTESIAN_POINT('',(4.547893948267E-14,90.));
#7500 = ( GEOMETRIC_REPRESENTATION_CONTEXT(2) 
PARAMETRIC_REPRESENTATION_CONTEXT() REPRESENTATION_CONTEXT('2D SPACE',''
  ) );
#7501 = PCURVE('',#4203,#7502);
#7502 = DEFINITIONAL_REPRESENTATION('',(#7503),#7507);
#7503 = LINE('',#7504,#7505);
#7504 = CARTESIAN_POINT('',(7.853981633974,476.));
#7505 = VECTOR('',#7506,1.);
#7506 = DIRECTION('',(-1.,-0.));
#7507 = ( GEOMETRIC_REPRESENTATION_CONTEXT(2) 
PARAMETRIC_REPRESENTATION_CONTEXT() REPRESENTATION_CONTEXT('2D SPACE',''
  ) );
#7508 = ORIENTED_EDGE('',*,*,#7072,.T.);
#7509 = ORIENTED_EDGE('',*,*,#4214,.T.);
#7510 = ADVANCED_FACE('',(#7511),#4203,.T.);
#7511 = FACE_BOUND('',#7512,.T.);
#7512 = EDGE_LOOP('',(#7513,#7514,#7536,#7537));
#7513 = ORIENTED_EDGE('',*,*,#4188,.F.);
#7514 = ORIENTED_EDGE('',*,*,#7515,.T.);
#7515 = EDGE_CURVE('',#4163,#7095,#7516,.T.);
#7516 = SURFACE_CURVE('',#7517,(#7522,#7529),.PCURVE_S1.);
#7517 = CIRCLE('',#7518,90.);
#7518 = AXIS2_PLACEMENT_3D('',#7519,#7520,#7521);
#7519 = CARTESIAN_POINT('',(-238.,125.,-5.284661597216E-14));
#7520 = DIRECTION('',(1.,3.384948032123E-31,3.157967714489E-16));
#7521 = DIRECTION('',(0.,-1.,1.071875439572E-15));
#7522 = PCURVE('',#4203,#7523);
#7523 = DEFINITIONAL_REPRESENTATION('',(#7524),#7528);
#7524 = LINE('',#7525,#7526);
#7525 = CARTESIAN_POINT('',(4.712388980385,0.));
#7526 = VECTOR('',#7527,1.);
#7527 = DIRECTION('',(1.,0.));
#7528 = ( GEOMETRIC_REPRESENTATION_CONTEXT(2) 
PARAMETRIC_REPRESENTATION_CONTEXT() REPRESENTATION_CONTEXT('2D SPACE',''
  ) );
#7529 = PCURVE('',#4177,#7530);
#7530 = DEFINITIONAL_REPRESENTATION('',(#7531),#7535);
#7531 = CIRCLE('',#7532,90.);
#7532 = AXIS2_PLACEMENT_2D('',#7533,#7534);
#7533 = CARTESIAN_POINT('',(0.,0.));
#7534 = DIRECTION('',(-1.071875439572E-15,-1.));
#7535 = ( GEOMETRIC_REPRESENTATION_CONTEXT(2) 
PARAMETRIC_REPRESENTATION_CONTEXT() REPRESENTATION_CONTEXT('2D SPACE',''
  ) );
#7536 = ORIENTED_EDGE('',*,*,#7094,.T.);
#7537 = ORIENTED_EDGE('',*,*,#7483,.T.);
#7538 = ADVANCED_FACE('',(#7539),#4177,.F.);
#7539 = FACE_BOUND('',#7540,.F.);
#7540 = EDGE_LOOP('',(#7541,#7542,#7543));
#7541 = ORIENTED_EDGE('',*,*,#7116,.T.);
#7542 = ORIENTED_EDGE('',*,*,#4162,.T.);
#7543 = ORIENTED_EDGE('',*,*,#7515,.T.);
#7544 = ADVANCED_FACE('',(#7545),#4459,.T.);
#7545 = FACE_BOUND('',#7546,.T.);
#7546 = EDGE_LOOP('',(#7547,#7570,#7598,#7619,#7620,#7621));
#7547 = ORIENTED_EDGE('',*,*,#7548,.F.);
#7548 = EDGE_CURVE('',#7549,#4441,#7551,.T.);
#7549 = VERTEX_POINT('',#7550);
#7550 = CARTESIAN_POINT('',(-204.,-154.,-204.));
#7551 = SURFACE_CURVE('',#7552,(#7556,#7563),.PCURVE_S1.);
#7552 = LINE('',#7553,#7554);
#7553 = CARTESIAN_POINT('',(-204.,-154.,-204.));
#7554 = VECTOR('',#7555,1.);
#7555 = DIRECTION('',(0.,0.,1.));
#7556 = PCURVE('',#4459,#7557);
#7557 = DEFINITIONAL_REPRESENTATION('',(#7558),#7562);
#7558 = LINE('',#7559,#7560);
#7559 = CARTESIAN_POINT('',(0.,0.));
#7560 = VECTOR('',#7561,1.);
#7561 = DIRECTION('',(1.,0.));
#7562 = ( GEOMETRIC_REPRESENTATION_CONTEXT(2) 
PARAMETRIC_REPRESENTATION_CONTEXT() REPRESENTATION_CONTEXT('2D SPACE',''
  ) );
#7563 = PCURVE('',#4486,#7564);
#7564 = DEFINITIONAL_REPRESENTATION('',(#7565),#7569);
#7565 = LINE('',#7566,#7567);
#7566 = CARTESIAN_POINT('',(0.,0.));
#7567 = VECTOR('',#7568,1.);
#7568 = DIRECTION('',(1.,0.));
#7569 = ( GEOMETRIC_REPRESENTATION_CONTEXT(2) 
PARAMETRIC_REPRESENTATION_CONTEXT() REPRESENTATION_CONTEXT('2D SPACE',''
  ) );
#7570 = ORIENTED_EDGE('',*,*,#7571,.T.);
#7571 = EDGE_CURVE('',#7549,#7572,#7574,.T.);
#7572 = VERTEX_POINT('',#7573);
#7573 = CARTESIAN_POINT('',(-204.,154.,-204.));
#7574 = SURFACE_CURVE('',#7575,(#7579,#7586),.PCURVE_S1.);
#7575 = LINE('',#7576,#7577);
#7576 = CARTESIAN_POINT('',(-204.,-154.,-204.));
#7577 = VECTOR('',#7578,1.);
#7578 = DIRECTION('',(-0.,1.,0.));
#7579 = PCURVE('',#4459,#7580);
#7580 = DEFINITIONAL_REPRESENTATION('',(#7581),#7585);
#7581 = LINE('',#7582,#7583);
#7582 = CARTESIAN_POINT('',(0.,0.));
#7583 = VECTOR('',#7584,1.);
#7584 = DIRECTION('',(0.,-1.));
#7585 = ( GEOMETRIC_REPRESENTATION_CONTEXT(2) 
PARAMETRIC_REPRESENTATION_CONTEXT() REPRESENTATION_CONTEXT('2D SPACE',''
  ) );
#7586 = PCURVE('',#7587,#7592);
#7587 = PLANE('',#7588);
#7588 = AXIS2_PLACEMENT_3D('',#7589,#7590,#7591);
#7589 = CARTESIAN_POINT('',(-204.,-154.,-204.));
#7590 = DIRECTION('',(0.,0.,1.));
#7591 = DIRECTION('',(1.,0.,-0.));
#7592 = DEFINITIONAL_REPRESENTATION('',(#7593),#7597);
#7593 = LINE('',#7594,#7595);
#7594 = CARTESIAN_POINT('',(0.,0.));
#7595 = VECTOR('',#7596,1.);
#7596 = DIRECTION('',(0.,1.));
#7597 = ( GEOMETRIC_REPRESENTATION_CONTEXT(2) 
PARAMETRIC_REPRESENTATION_CONTEXT() REPRESENTATION_CONTEXT('2D SPACE',''
  ) );
#7598 = ORIENTED_EDGE('',*,*,#7599,.T.);
#7599 = EDGE_CURVE('',#7572,#4973,#7600,.T.);
#7600 = SURFACE_CURVE('',#7601,(#7605,#7612),.PCURVE_S1.);
#7601 = LINE('',#7602,#7603);
#7602 = CARTESIAN_POINT('',(-204.,154.,-204.));
#7603 = VECTOR('',#7604,1.);
#7604 = DIRECTION('',(0.,0.,1.));
#7605 = PCURVE('',#4459,#7606);
#7606 = DEFINITIONAL_REPRESENTATION('',(#7607),#7611);
#7607 = LINE('',#7608,#7609);
#7608 = CARTESIAN_POINT('',(0.,-308.));
#7609 = VECTOR('',#7610,1.);
#7610 = DIRECTION('',(1.,0.));
#7611 = ( GEOMETRIC_REPRESENTATION_CONTEXT(2) 
PARAMETRIC_REPRESENTATION_CONTEXT() REPRESENTATION_CONTEXT('2D SPACE',''
  ) );
#7612 = PCURVE('',#4987,#7613);
#7613 = DEFINITIONAL_REPRESENTATION('',(#7614),#7618);
#7614 = LINE('',#7615,#7616);
#7615 = CARTESIAN_POINT('',(0.,0.));
#7616 = VECTOR('',#7617,1.);
#7617 = DIRECTION('',(1.,0.));
#7618 = ( GEOMETRIC_REPRESENTATION_CONTEXT(2) 
PARAMETRIC_REPRESENTATION_CONTEXT() REPRESENTATION_CONTEXT('2D SPACE',''
  ) );
#7619 = ORIENTED_EDGE('',*,*,#4998,.F.);
#7620 = ORIENTED_EDGE('',*,*,#7192,.F.);
#7621 = ORIENTED_EDGE('',*,*,#4440,.F.);
#7622 = ADVANCED_FACE('',(#7623),#4486,.T.);
#7623 = FACE_BOUND('',#7624,.T.);
#7624 = EDGE_LOOP('',(#7625,#7648,#7669,#7670));
#7625 = ORIENTED_EDGE('',*,*,#7626,.F.);
#7626 = EDGE_CURVE('',#7627,#4472,#7629,.T.);
#7627 = VERTEX_POINT('',#7628);
#7628 = CARTESIAN_POINT('',(204.,-154.,-204.));
#7629 = SURFACE_CURVE('',#7630,(#7634,#7641),.PCURVE_S1.);
#7630 = LINE('',#7631,#7632);
#7631 = CARTESIAN_POINT('',(204.,-154.,-204.));
#7632 = VECTOR('',#7633,1.);
#7633 = DIRECTION('',(0.,0.,1.));
#7634 = PCURVE('',#4486,#7635);
#7635 = DEFINITIONAL_REPRESENTATION('',(#7636),#7640);
#7636 = LINE('',#7637,#7638);
#7637 = CARTESIAN_POINT('',(0.,408.));
#7638 = VECTOR('',#7639,1.);
#7639 = DIRECTION('',(1.,0.));
#7640 = ( GEOMETRIC_REPRESENTATION_CONTEXT(2) 
PARAMETRIC_REPRESENTATION_CONTEXT() REPRESENTATION_CONTEXT('2D SPACE',''
  ) );
#7641 = PCURVE('',#4514,#7642);
#7642 = DEFINITIONAL_REPRESENTATION('',(#7643),#7647);
#7643 = LINE('',#7644,#7645);
#7644 = CARTESIAN_POINT('',(0.,0.));
#7645 = VECTOR('',#7646,1.);
#7646 = DIRECTION('',(1.,0.));
#7647 = ( GEOMETRIC_REPRESENTATION_CONTEXT(2) 
PARAMETRIC_REPRESENTATION_CONTEXT() REPRESENTATION_CONTEXT('2D SPACE',''
  ) );
#7648 = ORIENTED_EDGE('',*,*,#7649,.F.);
#7649 = EDGE_CURVE('',#7549,#7627,#7650,.T.);
#7650 = SURFACE_CURVE('',#7651,(#7655,#7662),.PCURVE_S1.);
#7651 = LINE('',#7652,#7653);
#7652 = CARTESIAN_POINT('',(-204.,-154.,-204.));
#7653 = VECTOR('',#7654,1.);
#7654 = DIRECTION('',(1.,0.,-0.));
#7655 = PCURVE('',#4486,#7656);
#7656 = DEFINITIONAL_REPRESENTATION('',(#7657),#7661);
#7657 = LINE('',#7658,#7659);
#7658 = CARTESIAN_POINT('',(0.,0.));
#7659 = VECTOR('',#7660,1.);
#7660 = DIRECTION('',(0.,1.));
#7661 = ( GEOMETRIC_REPRESENTATION_CONTEXT(2) 
PARAMETRIC_REPRESENTATION_CONTEXT() REPRESENTATION_CONTEXT('2D SPACE',''
  ) );
#7662 = PCURVE('',#7587,#7663);
#7663 = DEFINITIONAL_REPRESENTATION('',(#7664),#7668);
#7664 = LINE('',#7665,#7666);
#7665 = CARTESIAN_POINT('',(0.,0.));
#7666 = VECTOR('',#7667,1.);
#7667 = DIRECTION('',(1.,0.));
#7668 = ( GEOMETRIC_REPRESENTATION_CONTEXT(2) 
PARAMETRIC_REPRESENTATION_CONTEXT() REPRESENTATION_CONTEXT('2D SPACE',''
  ) );
#7669 = ORIENTED_EDGE('',*,*,#7548,.T.);
#7670 = ORIENTED_EDGE('',*,*,#4471,.T.);
#7671 = ADVANCED_FACE('',(#7672),#4514,.F.);
#7672 = FACE_BOUND('',#7673,.F.);
#7673 = EDGE_LOOP('',(#7674,#7675,#7698,#7719,#7720,#7721));
#7674 = ORIENTED_EDGE('',*,*,#7626,.F.);
#7675 = ORIENTED_EDGE('',*,*,#7676,.T.);
#7676 = EDGE_CURVE('',#7627,#7677,#7679,.T.);
#7677 = VERTEX_POINT('',#7678);
#7678 = CARTESIAN_POINT('',(204.,154.,-204.));
#7679 = SURFACE_CURVE('',#7680,(#7684,#7691),.PCURVE_S1.);
#7680 = LINE('',#7681,#7682);
#7681 = CARTESIAN_POINT('',(204.,-154.,-204.));
#7682 = VECTOR('',#7683,1.);
#7683 = DIRECTION('',(-0.,1.,0.));
#7684 = PCURVE('',#4514,#7685);
#7685 = DEFINITIONAL_REPRESENTATION('',(#7686),#7690);
#7686 = LINE('',#7687,#7688);
#7687 = CARTESIAN_POINT('',(0.,0.));
#7688 = VECTOR('',#7689,1.);
#7689 = DIRECTION('',(0.,-1.));
#7690 = ( GEOMETRIC_REPRESENTATION_CONTEXT(2) 
PARAMETRIC_REPRESENTATION_CONTEXT() REPRESENTATION_CONTEXT('2D SPACE',''
  ) );
#7691 = PCURVE('',#7587,#7692);
#7692 = DEFINITIONAL_REPRESENTATION('',(#7693),#7697);
#7693 = LINE('',#7694,#7695);
#7694 = CARTESIAN_POINT('',(408.,0.));
#7695 = VECTOR('',#7696,1.);
#7696 = DIRECTION('',(0.,1.));
#7697 = ( GEOMETRIC_REPRESENTATION_CONTEXT(2) 
PARAMETRIC_REPRESENTATION_CONTEXT() REPRESENTATION_CONTEXT('2D SPACE',''
  ) );
#7698 = ORIENTED_EDGE('',*,*,#7699,.T.);
#7699 = EDGE_CURVE('',#7677,#4945,#7700,.T.);
#7700 = SURFACE_CURVE('',#7701,(#7705,#7712),.PCURVE_S1.);
#7701 = LINE('',#7702,#7703);
#7702 = CARTESIAN_POINT('',(204.,154.,-204.));
#7703 = VECTOR('',#7704,1.);
#7704 = DIRECTION('',(0.,0.,1.));
#7705 = PCURVE('',#4514,#7706);
#7706 = DEFINITIONAL_REPRESENTATION('',(#7707),#7711);
#7707 = LINE('',#7708,#7709);
#7708 = CARTESIAN_POINT('',(0.,-308.));
#7709 = VECTOR('',#7710,1.);
#7710 = DIRECTION('',(1.,0.));
#7711 = ( GEOMETRIC_REPRESENTATION_CONTEXT(2) 
PARAMETRIC_REPRESENTATION_CONTEXT() REPRESENTATION_CONTEXT('2D SPACE',''
  ) );
#7712 = PCURVE('',#4987,#7713);
#7713 = DEFINITIONAL_REPRESENTATION('',(#7714),#7718);
#7714 = LINE('',#7715,#7716);
#7715 = CARTESIAN_POINT('',(0.,408.));
#7716 = VECTOR('',#7717,1.);
#7717 = DIRECTION('',(1.,0.));
#7718 = ( GEOMETRIC_REPRESENTATION_CONTEXT(2) 
PARAMETRIC_REPRESENTATION_CONTEXT() REPRESENTATION_CONTEXT('2D SPACE',''
  ) );
#7719 = ORIENTED_EDGE('',*,*,#4944,.T.);
#7720 = ORIENTED_EDGE('',*,*,#7453,.F.);
#7721 = ORIENTED_EDGE('',*,*,#4497,.T.);
#7722 = ADVANCED_FACE('',(#7723),#4753,.F.);
#7723 = FACE_BOUND('',#7724,.F.);
#7724 = EDGE_LOOP('',(#7725,#7750,#7777,#7778,#7800,#7801));
#7725 = ORIENTED_EDGE('',*,*,#7726,.T.);
#7726 = EDGE_CURVE('',#7727,#7729,#7731,.T.);
#7727 = VERTEX_POINT('',#7728);
#7728 = CARTESIAN_POINT('',(10.,-160.,-36.));
#7729 = VERTEX_POINT('',#7730);
#7730 = CARTESIAN_POINT('',(10.,-180.,-36.));
#7731 = SEAM_CURVE('',#7732,(#7736,#7743),.PCURVE_S1.);
#7732 = LINE('',#7733,#7734);
#7733 = CARTESIAN_POINT('',(10.,-160.,-36.));
#7734 = VECTOR('',#7735,1.);
#7735 = DIRECTION('',(0.,-1.,2.22044604925E-16));
#7736 = PCURVE('',#4753,#7737);
#7737 = DEFINITIONAL_REPRESENTATION('',(#7738),#7742);
#7738 = LINE('',#7739,#7740);
#7739 = CARTESIAN_POINT('',(6.28318530718,-0.));
#7740 = VECTOR('',#7741,1.);
#7741 = DIRECTION('',(0.,1.));
#7742 = ( GEOMETRIC_REPRESENTATION_CONTEXT(2) 
PARAMETRIC_REPRESENTATION_CONTEXT() REPRESENTATION_CONTEXT('2D SPACE',''
  ) );
#7743 = PCURVE('',#4753,#7744);
#7744 = DEFINITIONAL_REPRESENTATION('',(#7745),#7749);
#7745 = LINE('',#7746,#7747);
#7746 = CARTESIAN_POINT('',(0.,-0.));
#7747 = VECTOR('',#7748,1.);
#7748 = DIRECTION('',(0.,1.));
#7749 = ( GEOMETRIC_REPRESENTATION_CONTEXT(2) 
PARAMETRIC_REPRESENTATION_CONTEXT() REPRESENTATION_CONTEXT('2D SPACE',''
  ) );
#7750 = ORIENTED_EDGE('',*,*,#7751,.F.);
#7751 = EDGE_CURVE('',#7729,#7729,#7752,.T.);
#7752 = SURFACE_CURVE('',#7753,(#7758,#7765),.PCURVE_S1.);
#7753 = CIRCLE('',#7754,10.);
#7754 = AXIS2_PLACEMENT_3D('',#7755,#7756,#7757);
#7755 = CARTESIAN_POINT('',(0.,-180.,-36.));
#7756 = DIRECTION('',(0.,-1.,2.22044604925E-16));
#7757 = DIRECTION('',(1.,0.,0.));
#7758 = PCURVE('',#4753,#7759);
#7759 = DEFINITIONAL_REPRESENTATION('',(#7760),#7764);
#7760 = LINE('',#7761,#7762);
#7761 = CARTESIAN_POINT('',(0.,20.));
#7762 = VECTOR('',#7763,1.);
#7763 = DIRECTION('',(1.,0.));
#7764 = ( GEOMETRIC_REPRESENTATION_CONTEXT(2) 
PARAMETRIC_REPRESENTATION_CONTEXT() REPRESENTATION_CONTEXT('2D SPACE',''
  ) );
#7765 = PCURVE('',#7766,#7771);
#7766 = PLANE('',#7767);
#7767 = AXIS2_PLACEMENT_3D('',#7768,#7769,#7770);
#7768 = CARTESIAN_POINT('',(0.,-180.,-36.));
#7769 = DIRECTION('',(0.,-1.,2.22044604925E-16));
#7770 = DIRECTION('',(1.,0.,0.));
#7771 = DEFINITIONAL_REPRESENTATION('',(#7772),#7776);
#7772 = CIRCLE('',#7773,10.);
#7773 = AXIS2_PLACEMENT_2D('',#7774,#7775);
#7774 = CARTESIAN_POINT('',(0.,0.));
#7775 = DIRECTION('',(1.,0.));
#7776 = ( GEOMETRIC_REPRESENTATION_CONTEXT(2) 
PARAMETRIC_REPRESENTATION_CONTEXT() REPRESENTATION_CONTEXT('2D SPACE',''
  ) );
#7777 = ORIENTED_EDGE('',*,*,#7726,.F.);
#7778 = ORIENTED_EDGE('',*,*,#7779,.T.);
#7779 = EDGE_CURVE('',#7727,#4688,#7780,.T.);
#7780 = SURFACE_CURVE('',#7781,(#7786,#7793),.PCURVE_S1.);
#7781 = CIRCLE('',#7782,10.);
#7782 = AXIS2_PLACEMENT_3D('',#7783,#7784,#7785);
#7783 = CARTESIAN_POINT('',(0.,-160.,-36.));
#7784 = DIRECTION('',(0.,-1.,2.22044604925E-16));
#7785 = DIRECTION('',(1.,0.,0.));
#7786 = PCURVE('',#4753,#7787);
#7787 = DEFINITIONAL_REPRESENTATION('',(#7788),#7792);
#7788 = LINE('',#7789,#7790);
#7789 = CARTESIAN_POINT('',(0.,0.));
#7790 = VECTOR('',#7791,1.);
#7791 = DIRECTION('',(1.,0.));
#7792 = ( GEOMETRIC_REPRESENTATION_CONTEXT(2) 
PARAMETRIC_REPRESENTATION_CONTEXT() REPRESENTATION_CONTEXT('2D SPACE',''
  ) );
#7793 = PCURVE('',#4802,#7794);
#7794 = DEFINITIONAL_REPRESENTATION('',(#7795),#7799);
#7795 = CIRCLE('',#7796,10.);
#7796 = AXIS2_PLACEMENT_2D('',#7797,#7798);
#7797 = CARTESIAN_POINT('',(0.,0.));
#7798 = DIRECTION('',(1.,0.));
#7799 = ( GEOMETRIC_REPRESENTATION_CONTEXT(2) 
PARAMETRIC_REPRESENTATION_CONTEXT() REPRESENTATION_CONTEXT('2D SPACE',''
  ) );
#7800 = ORIENTED_EDGE('',*,*,#4687,.T.);
#7801 = ORIENTED_EDGE('',*,*,#7802,.T.);
#7802 = EDGE_CURVE('',#4690,#7727,#7803,.T.);
#7803 = SURFACE_CURVE('',#7804,(#7809,#7816),.PCURVE_S1.);
#7804 = CIRCLE('',#7805,10.);
#7805 = AXIS2_PLACEMENT_3D('',#7806,#7807,#7808);
#7806 = CARTESIAN_POINT('',(0.,-160.,-36.));
#7807 = DIRECTION('',(0.,-1.,2.22044604925E-16));
#7808 = DIRECTION('',(1.,0.,0.));
#7809 = PCURVE('',#4753,#7810);
#7810 = DEFINITIONAL_REPRESENTATION('',(#7811),#7815);
#7811 = LINE('',#7812,#7813);
#7812 = CARTESIAN_POINT('',(0.,0.));
#7813 = VECTOR('',#7814,1.);
#7814 = DIRECTION('',(1.,0.));
#7815 = ( GEOMETRIC_REPRESENTATION_CONTEXT(2) 
PARAMETRIC_REPRESENTATION_CONTEXT() REPRESENTATION_CONTEXT('2D SPACE',''
  ) );
#7816 = PCURVE('',#4802,#7817);
#7817 = DEFINITIONAL_REPRESENTATION('',(#7818),#7822);
#7818 = CIRCLE('',#7819,10.);
#7819 = AXIS2_PLACEMENT_2D('',#7820,#7821);
#7820 = CARTESIAN_POINT('',(0.,0.));
#7821 = DIRECTION('',(1.,0.));
#7822 = ( GEOMETRIC_REPRESENTATION_CONTEXT(2) 
PARAMETRIC_REPRESENTATION_CONTEXT() REPRESENTATION_CONTEXT('2D SPACE',''
  ) );
#7823 = ADVANCED_FACE('',(#7824),#4802,.T.);
#7824 = FACE_BOUND('',#7825,.T.);
#7825 = EDGE_LOOP('',(#7826,#7827,#7828));
#7826 = ORIENTED_EDGE('',*,*,#7802,.T.);
#7827 = ORIENTED_EDGE('',*,*,#7779,.T.);
#7828 = ORIENTED_EDGE('',*,*,#4789,.F.);
#7829 = ADVANCED_FACE('',(#7830),#6426,.F.);
#7830 = FACE_BOUND('',#7831,.F.);
#7831 = EDGE_LOOP('',(#7832,#7833,#7856,#7883,#7884,#7885));
#7832 = ORIENTED_EDGE('',*,*,#7404,.F.);
#7833 = ORIENTED_EDGE('',*,*,#7834,.F.);
#7834 = EDGE_CURVE('',#7835,#7405,#7837,.T.);
#7835 = VERTEX_POINT('',#7836);
#7836 = CARTESIAN_POINT('',(196.5,191.,-28.));
#7837 = SEAM_CURVE('',#7838,(#7842,#7849),.PCURVE_S1.);
#7838 = LINE('',#7839,#7840);
#7839 = CARTESIAN_POINT('',(196.5,191.,-28.));
#7840 = VECTOR('',#7841,1.);
#7841 = DIRECTION('',(0.,0.,1.));
#7842 = PCURVE('',#6426,#7843);
#7843 = DEFINITIONAL_REPRESENTATION('',(#7844),#7848);
#7844 = LINE('',#7845,#7846);
#7845 = CARTESIAN_POINT('',(6.28318530718,-0.));
#7846 = VECTOR('',#7847,1.);
#7847 = DIRECTION('',(0.,1.));
#7848 = ( GEOMETRIC_REPRESENTATION_CONTEXT(2) 
PARAMETRIC_REPRESENTATION_CONTEXT() REPRESENTATION_CONTEXT('2D SPACE',''
  ) );
#7849 = PCURVE('',#6426,#7850);
#7850 = DEFINITIONAL_REPRESENTATION('',(#7851),#7855);
#7851 = LINE('',#7852,#7853);
#7852 = CARTESIAN_POINT('',(0.,-0.));
#7853 = VECTOR('',#7854,1.);
#7854 = DIRECTION('',(0.,1.));
#7855 = ( GEOMETRIC_REPRESENTATION_CONTEXT(2) 
PARAMETRIC_REPRESENTATION_CONTEXT() REPRESENTATION_CONTEXT('2D SPACE',''
  ) );
#7856 = ORIENTED_EDGE('',*,*,#7857,.T.);
#7857 = EDGE_CURVE('',#7835,#7835,#7858,.T.);
#7858 = SURFACE_CURVE('',#7859,(#7864,#7871),.PCURVE_S1.);
#7859 = CIRCLE('',#7860,6.5);
#7860 = AXIS2_PLACEMENT_3D('',#7861,#7862,#7863);
#7861 = CARTESIAN_POINT('',(190.,191.,-28.));
#7862 = DIRECTION('',(0.,0.,1.));
#7863 = DIRECTION('',(1.,0.,-0.));
#7864 = PCURVE('',#6426,#7865);
#7865 = DEFINITIONAL_REPRESENTATION('',(#7866),#7870);
#7866 = LINE('',#7867,#7868);
#7867 = CARTESIAN_POINT('',(0.,0.));
#7868 = VECTOR('',#7869,1.);
#7869 = DIRECTION('',(1.,0.));
#7870 = ( GEOMETRIC_REPRESENTATION_CONTEXT(2) 
PARAMETRIC_REPRESENTATION_CONTEXT() REPRESENTATION_CONTEXT('2D SPACE',''
  ) );
#7871 = PCURVE('',#7872,#7877);
#7872 = PLANE('',#7873);
#7873 = AXIS2_PLACEMENT_3D('',#7874,#7875,#7876);
#7874 = CARTESIAN_POINT('',(190.,191.,-28.));
#7875 = DIRECTION('',(0.,0.,1.));
#7876 = DIRECTION('',(1.,0.,-0.));
#7877 = DEFINITIONAL_REPRESENTATION('',(#7878),#7882);
#7878 = CIRCLE('',#7879,6.5);
#7879 = AXIS2_PLACEMENT_2D('',#7880,#7881);
#7880 = CARTESIAN_POINT('',(0.,0.));
#7881 = DIRECTION('',(1.,0.));
#7882 = ( GEOMETRIC_REPRESENTATION_CONTEXT(2) 
PARAMETRIC_REPRESENTATION_CONTEXT() REPRESENTATION_CONTEXT('2D SPACE',''
  ) );
#7883 = ORIENTED_EDGE('',*,*,#7834,.T.);
#7884 = ORIENTED_EDGE('',*,*,#7428,.F.);
#7885 = ORIENTED_EDGE('',*,*,#6256,.F.);
#7886 = ADVANCED_FACE('',(#7887),#6146,.F.);
#7887 = FACE_BOUND('',#7888,.F.);
#7888 = EDGE_LOOP('',(#7889,#7890,#7913,#7940,#7941,#7942));
#7889 = ORIENTED_EDGE('',*,*,#7357,.F.);
#7890 = ORIENTED_EDGE('',*,*,#7891,.F.);
#7891 = EDGE_CURVE('',#7892,#7358,#7894,.T.);
#7892 = VERTEX_POINT('',#7893);
#7893 = CARTESIAN_POINT('',(101.5,191.,-28.));
#7894 = SEAM_CURVE('',#7895,(#7899,#7906),.PCURVE_S1.);
#7895 = LINE('',#7896,#7897);
#7896 = CARTESIAN_POINT('',(101.5,191.,-28.));
#7897 = VECTOR('',#7898,1.);
#7898 = DIRECTION('',(0.,0.,1.));
#7899 = PCURVE('',#6146,#7900);
#7900 = DEFINITIONAL_REPRESENTATION('',(#7901),#7905);
#7901 = LINE('',#7902,#7903);
#7902 = CARTESIAN_POINT('',(6.28318530718,-0.));
#7903 = VECTOR('',#7904,1.);
#7904 = DIRECTION('',(0.,1.));
#7905 = ( GEOMETRIC_REPRESENTATION_CONTEXT(2) 
PARAMETRIC_REPRESENTATION_CONTEXT() REPRESENTATION_CONTEXT('2D SPACE',''
  ) );
#7906 = PCURVE('',#6146,#7907);
#7907 = DEFINITIONAL_REPRESENTATION('',(#7908),#7912);
#7908 = LINE('',#7909,#7910);
#7909 = CARTESIAN_POINT('',(0.,-0.));
#7910 = VECTOR('',#7911,1.);
#7911 = DIRECTION('',(0.,1.));
#7912 = ( GEOMETRIC_REPRESENTATION_CONTEXT(2) 
PARAMETRIC_REPRESENTATION_CONTEXT() REPRESENTATION_CONTEXT('2D SPACE',''
  ) );
#7913 = ORIENTED_EDGE('',*,*,#7914,.T.);
#7914 = EDGE_CURVE('',#7892,#7892,#7915,.T.);
#7915 = SURFACE_CURVE('',#7916,(#7921,#7928),.PCURVE_S1.);
#7916 = CIRCLE('',#7917,6.5);
#7917 = AXIS2_PLACEMENT_3D('',#7918,#7919,#7920);
#7918 = CARTESIAN_POINT('',(95.,191.,-28.));
#7919 = DIRECTION('',(0.,0.,1.));
#7920 = DIRECTION('',(1.,0.,-0.));
#7921 = PCURVE('',#6146,#7922);
#7922 = DEFINITIONAL_REPRESENTATION('',(#7923),#7927);
#7923 = LINE('',#7924,#7925);
#7924 = CARTESIAN_POINT('',(0.,0.));
#7925 = VECTOR('',#7926,1.);
#7926 = DIRECTION('',(1.,0.));
#7927 = ( GEOMETRIC_REPRESENTATION_CONTEXT(2) 
PARAMETRIC_REPRESENTATION_CONTEXT() REPRESENTATION_CONTEXT('2D SPACE',''
  ) );
#7928 = PCURVE('',#7929,#7934);
#7929 = PLANE('',#7930);
#7930 = AXIS2_PLACEMENT_3D('',#7931,#7932,#7933);
#7931 = CARTESIAN_POINT('',(95.,191.,-28.));
#7932 = DIRECTION('',(0.,0.,1.));
#7933 = DIRECTION('',(1.,0.,-0.));
#7934 = DEFINITIONAL_REPRESENTATION('',(#7935),#7939);
#7935 = CIRCLE('',#7936,6.5);
#7936 = AXIS2_PLACEMENT_2D('',#7937,#7938);
#7937 = CARTESIAN_POINT('',(0.,0.));
#7938 = DIRECTION('',(1.,0.));
#7939 = ( GEOMETRIC_REPRESENTATION_CONTEXT(2) 
PARAMETRIC_REPRESENTATION_CONTEXT() REPRESENTATION_CONTEXT('2D SPACE',''
  ) );
#7940 = ORIENTED_EDGE('',*,*,#7891,.T.);
#7941 = ORIENTED_EDGE('',*,*,#7381,.F.);
#7942 = ORIENTED_EDGE('',*,*,#5976,.F.);
#7943 = ADVANCED_FACE('',(#7944),#5866,.F.);
#7944 = FACE_BOUND('',#7945,.F.);
#7945 = EDGE_LOOP('',(#7946,#7947,#7970,#7997,#7998,#7999));
#7946 = ORIENTED_EDGE('',*,*,#7310,.F.);
#7947 = ORIENTED_EDGE('',*,*,#7948,.F.);
#7948 = EDGE_CURVE('',#7949,#7311,#7951,.T.);
#7949 = VERTEX_POINT('',#7950);
#7950 = CARTESIAN_POINT('',(6.5,191.,-28.));
#7951 = SEAM_CURVE('',#7952,(#7956,#7963),.PCURVE_S1.);
#7952 = LINE('',#7953,#7954);
#7953 = CARTESIAN_POINT('',(6.5,191.,-28.));
#7954 = VECTOR('',#7955,1.);
#7955 = DIRECTION('',(0.,0.,1.));
#7956 = PCURVE('',#5866,#7957);
#7957 = DEFINITIONAL_REPRESENTATION('',(#7958),#7962);
#7958 = LINE('',#7959,#7960);
#7959 = CARTESIAN_POINT('',(6.28318530718,-0.));
#7960 = VECTOR('',#7961,1.);
#7961 = DIRECTION('',(0.,1.));
#7962 = ( GEOMETRIC_REPRESENTATION_CONTEXT(2) 
PARAMETRIC_REPRESENTATION_CONTEXT() REPRESENTATION_CONTEXT('2D SPACE',''
  ) );
#7963 = PCURVE('',#5866,#7964);
#7964 = DEFINITIONAL_REPRESENTATION('',(#7965),#7969);
#7965 = LINE('',#7966,#7967);
#7966 = CARTESIAN_POINT('',(0.,-0.));
#7967 = VECTOR('',#7968,1.);
#7968 = DIRECTION('',(0.,1.));
#7969 = ( GEOMETRIC_REPRESENTATION_CONTEXT(2) 
PARAMETRIC_REPRESENTATION_CONTEXT() REPRESENTATION_CONTEXT('2D SPACE',''
  ) );
#7970 = ORIENTED_EDGE('',*,*,#7971,.T.);
#7971 = EDGE_CURVE('',#7949,#7949,#7972,.T.);
#7972 = SURFACE_CURVE('',#7973,(#7978,#7985),.PCURVE_S1.);
#7973 = CIRCLE('',#7974,6.5);
#7974 = AXIS2_PLACEMENT_3D('',#7975,#7976,#7977);
#7975 = CARTESIAN_POINT('',(0.,191.,-28.));
#7976 = DIRECTION('',(0.,0.,1.));
#7977 = DIRECTION('',(1.,0.,-0.));
#7978 = PCURVE('',#5866,#7979);
#7979 = DEFINITIONAL_REPRESENTATION('',(#7980),#7984);
#7980 = LINE('',#7981,#7982);
#7981 = CARTESIAN_POINT('',(0.,0.));
#7982 = VECTOR('',#7983,1.);
#7983 = DIRECTION('',(1.,0.));
#7984 = ( GEOMETRIC_REPRESENTATION_CONTEXT(2) 
PARAMETRIC_REPRESENTATION_CONTEXT() REPRESENTATION_CONTEXT('2D SPACE',''
  ) );
#7985 = PCURVE('',#7986,#7991);
#7986 = PLANE('',#7987);
#7987 = AXIS2_PLACEMENT_3D('',#7988,#7989,#7990);
#7988 = CARTESIAN_POINT('',(0.,191.,-28.));
#7989 = DIRECTION('',(0.,0.,1.));
#7990 = DIRECTION('',(1.,0.,-0.));
#7991 = DEFINITIONAL_REPRESENTATION('',(#7992),#7996);
#7992 = CIRCLE('',#7993,6.5);
#7993 = AXIS2_PLACEMENT_2D('',#7994,#7995);
#7994 = CARTESIAN_POINT('',(0.,0.));
#7995 = DIRECTION('',(1.,0.));
#7996 = ( GEOMETRIC_REPRESENTATION_CONTEXT(2) 
PARAMETRIC_REPRESENTATION_CONTEXT() REPRESENTATION_CONTEXT('2D SPACE',''
  ) );
#7997 = ORIENTED_EDGE('',*,*,#7948,.T.);
#7998 = ORIENTED_EDGE('',*,*,#7334,.F.);
#7999 = ORIENTED_EDGE('',*,*,#5696,.F.);
#8000 = ADVANCED_FACE('',(#8001),#5586,.F.);
#8001 = FACE_BOUND('',#8002,.F.);
#8002 = EDGE_LOOP('',(#8003,#8004,#8027,#8054,#8055,#8056));
#8003 = ORIENTED_EDGE('',*,*,#7263,.F.);
#8004 = ORIENTED_EDGE('',*,*,#8005,.F.);
#8005 = EDGE_CURVE('',#8006,#7264,#8008,.T.);
#8006 = VERTEX_POINT('',#8007);
#8007 = CARTESIAN_POINT('',(-88.5,191.,-28.));
#8008 = SEAM_CURVE('',#8009,(#8013,#8020),.PCURVE_S1.);
#8009 = LINE('',#8010,#8011);
#8010 = CARTESIAN_POINT('',(-88.5,191.,-28.));
#8011 = VECTOR('',#8012,1.);
#8012 = DIRECTION('',(0.,0.,1.));
#8013 = PCURVE('',#5586,#8014);
#8014 = DEFINITIONAL_REPRESENTATION('',(#8015),#8019);
#8015 = LINE('',#8016,#8017);
#8016 = CARTESIAN_POINT('',(6.28318530718,-0.));
#8017 = VECTOR('',#8018,1.);
#8018 = DIRECTION('',(0.,1.));
#8019 = ( GEOMETRIC_REPRESENTATION_CONTEXT(2) 
PARAMETRIC_REPRESENTATION_CONTEXT() REPRESENTATION_CONTEXT('2D SPACE',''
  ) );
#8020 = PCURVE('',#5586,#8021);
#8021 = DEFINITIONAL_REPRESENTATION('',(#8022),#8026);
#8022 = LINE('',#8023,#8024);
#8023 = CARTESIAN_POINT('',(0.,-0.));
#8024 = VECTOR('',#8025,1.);
#8025 = DIRECTION('',(0.,1.));
#8026 = ( GEOMETRIC_REPRESENTATION_CONTEXT(2) 
PARAMETRIC_REPRESENTATION_CONTEXT() REPRESENTATION_CONTEXT('2D SPACE',''
  ) );
#8027 = ORIENTED_EDGE('',*,*,#8028,.T.);
#8028 = EDGE_CURVE('',#8006,#8006,#8029,.T.);
#8029 = SURFACE_CURVE('',#8030,(#8035,#8042),.PCURVE_S1.);
#8030 = CIRCLE('',#8031,6.5);
#8031 = AXIS2_PLACEMENT_3D('',#8032,#8033,#8034);
#8032 = CARTESIAN_POINT('',(-95.,191.,-28.));
#8033 = DIRECTION('',(0.,0.,1.));
#8034 = DIRECTION('',(1.,0.,-0.));
#8035 = PCURVE('',#5586,#8036);
#8036 = DEFINITIONAL_REPRESENTATION('',(#8037),#8041);
#8037 = LINE('',#8038,#8039);
#8038 = CARTESIAN_POINT('',(0.,0.));
#8039 = VECTOR('',#8040,1.);
#8040 = DIRECTION('',(1.,0.));
#8041 = ( GEOMETRIC_REPRESENTATION_CONTEXT(2) 
PARAMETRIC_REPRESENTATION_CONTEXT() REPRESENTATION_CONTEXT('2D SPACE',''
  ) );
#8042 = PCURVE('',#8043,#8048);
#8043 = PLANE('',#8044);
#8044 = AXIS2_PLACEMENT_3D('',#8045,#8046,#8047);
#8045 = CARTESIAN_POINT('',(-95.,191.,-28.));
#8046 = DIRECTION('',(0.,0.,1.));
#8047 = DIRECTION('',(1.,0.,-0.));
#8048 = DEFINITIONAL_REPRESENTATION('',(#8049),#8053);
#8049 = CIRCLE('',#8050,6.5);
#8050 = AXIS2_PLACEMENT_2D('',#8051,#8052);
#8051 = CARTESIAN_POINT('',(0.,0.));
#8052 = DIRECTION('',(1.,0.));
#8053 = ( GEOMETRIC_REPRESENTATION_CONTEXT(2) 
PARAMETRIC_REPRESENTATION_CONTEXT() REPRESENTATION_CONTEXT('2D SPACE',''
  ) );
#8054 = ORIENTED_EDGE('',*,*,#8005,.T.);
#8055 = ORIENTED_EDGE('',*,*,#7287,.F.);
#8056 = ORIENTED_EDGE('',*,*,#5416,.F.);
#8057 = ADVANCED_FACE('',(#8058),#5306,.F.);
#8058 = FACE_BOUND('',#8059,.F.);
#8059 = EDGE_LOOP('',(#8060,#8061,#8084,#8111,#8112,#8113));
#8060 = ORIENTED_EDGE('',*,*,#7216,.F.);
#8061 = ORIENTED_EDGE('',*,*,#8062,.F.);
#8062 = EDGE_CURVE('',#8063,#7217,#8065,.T.);
#8063 = VERTEX_POINT('',#8064);
#8064 = CARTESIAN_POINT('',(-183.5,191.,-28.));
#8065 = SEAM_CURVE('',#8066,(#8070,#8077),.PCURVE_S1.);
#8066 = LINE('',#8067,#8068);
#8067 = CARTESIAN_POINT('',(-183.5,191.,-28.));
#8068 = VECTOR('',#8069,1.);
#8069 = DIRECTION('',(0.,0.,1.));
#8070 = PCURVE('',#5306,#8071);
#8071 = DEFINITIONAL_REPRESENTATION('',(#8072),#8076);
#8072 = LINE('',#8073,#8074);
#8073 = CARTESIAN_POINT('',(6.28318530718,-0.));
#8074 = VECTOR('',#8075,1.);
#8075 = DIRECTION('',(0.,1.));
#8076 = ( GEOMETRIC_REPRESENTATION_CONTEXT(2) 
PARAMETRIC_REPRESENTATION_CONTEXT() REPRESENTATION_CONTEXT('2D SPACE',''
  ) );
#8077 = PCURVE('',#5306,#8078);
#8078 = DEFINITIONAL_REPRESENTATION('',(#8079),#8083);
#8079 = LINE('',#8080,#8081);
#8080 = CARTESIAN_POINT('',(0.,-0.));
#8081 = VECTOR('',#8082,1.);
#8082 = DIRECTION('',(0.,1.));
#8083 = ( GEOMETRIC_REPRESENTATION_CONTEXT(2) 
PARAMETRIC_REPRESENTATION_CONTEXT() REPRESENTATION_CONTEXT('2D SPACE',''
  ) );
#8084 = ORIENTED_EDGE('',*,*,#8085,.T.);
#8085 = EDGE_CURVE('',#8063,#8063,#8086,.T.);
#8086 = SURFACE_CURVE('',#8087,(#8092,#8099),.PCURVE_S1.);
#8087 = CIRCLE('',#8088,6.5);
#8088 = AXIS2_PLACEMENT_3D('',#8089,#8090,#8091);
#8089 = CARTESIAN_POINT('',(-190.,191.,-28.));
#8090 = DIRECTION('',(0.,0.,1.));
#8091 = DIRECTION('',(1.,0.,-0.));
#8092 = PCURVE('',#5306,#8093);
#8093 = DEFINITIONAL_REPRESENTATION('',(#8094),#8098);
#8094 = LINE('',#8095,#8096);
#8095 = CARTESIAN_POINT('',(0.,0.));
#8096 = VECTOR('',#8097,1.);
#8097 = DIRECTION('',(1.,0.));
#8098 = ( GEOMETRIC_REPRESENTATION_CONTEXT(2) 
PARAMETRIC_REPRESENTATION_CONTEXT() REPRESENTATION_CONTEXT('2D SPACE',''
  ) );
#8099 = PCURVE('',#8100,#8105);
#8100 = PLANE('',#8101);
#8101 = AXIS2_PLACEMENT_3D('',#8102,#8103,#8104);
#8102 = CARTESIAN_POINT('',(-190.,191.,-28.));
#8103 = DIRECTION('',(0.,0.,1.));
#8104 = DIRECTION('',(1.,0.,-0.));
#8105 = DEFINITIONAL_REPRESENTATION('',(#8106),#8110);
#8106 = CIRCLE('',#8107,6.5);
#8107 = AXIS2_PLACEMENT_2D('',#8108,#8109);
#8108 = CARTESIAN_POINT('',(0.,0.));
#8109 = DIRECTION('',(1.,0.));
#8110 = ( GEOMETRIC_REPRESENTATION_CONTEXT(2) 
PARAMETRIC_REPRESENTATION_CONTEXT() REPRESENTATION_CONTEXT('2D SPACE',''
  ) );
#8111 = ORIENTED_EDGE('',*,*,#8062,.T.);
#8112 = ORIENTED_EDGE('',*,*,#7240,.F.);
#8113 = ORIENTED_EDGE('',*,*,#5136,.F.);
#8114 = ADVANCED_FACE('',(#8115),#4987,.F.);
#8115 = FACE_BOUND('',#8116,.F.);
#8116 = EDGE_LOOP('',(#8117,#8118,#8139,#8140));
#8117 = ORIENTED_EDGE('',*,*,#7699,.F.);
#8118 = ORIENTED_EDGE('',*,*,#8119,.F.);
#8119 = EDGE_CURVE('',#7572,#7677,#8120,.T.);
#8120 = SURFACE_CURVE('',#8121,(#8125,#8132),.PCURVE_S1.);
#8121 = LINE('',#8122,#8123);
#8122 = CARTESIAN_POINT('',(-204.,154.,-204.));
#8123 = VECTOR('',#8124,1.);
#8124 = DIRECTION('',(1.,0.,-0.));
#8125 = PCURVE('',#4987,#8126);
#8126 = DEFINITIONAL_REPRESENTATION('',(#8127),#8131);
#8127 = LINE('',#8128,#8129);
#8128 = CARTESIAN_POINT('',(0.,0.));
#8129 = VECTOR('',#8130,1.);
#8130 = DIRECTION('',(0.,1.));
#8131 = ( GEOMETRIC_REPRESENTATION_CONTEXT(2) 
PARAMETRIC_REPRESENTATION_CONTEXT() REPRESENTATION_CONTEXT('2D SPACE',''
  ) );
#8132 = PCURVE('',#7587,#8133);
#8133 = DEFINITIONAL_REPRESENTATION('',(#8134),#8138);
#8134 = LINE('',#8135,#8136);
#8135 = CARTESIAN_POINT('',(0.,308.));
#8136 = VECTOR('',#8137,1.);
#8137 = DIRECTION('',(1.,0.));
#8138 = ( GEOMETRIC_REPRESENTATION_CONTEXT(2) 
PARAMETRIC_REPRESENTATION_CONTEXT() REPRESENTATION_CONTEXT('2D SPACE',''
  ) );
#8139 = ORIENTED_EDGE('',*,*,#7599,.T.);
#8140 = ORIENTED_EDGE('',*,*,#4972,.T.);
#8141 = ADVANCED_FACE('',(#8142),#6658,.F.);
#8142 = FACE_BOUND('',#8143,.F.);
#8143 = EDGE_LOOP('',(#8144,#8145,#8166,#8167,#8168));
#8144 = ORIENTED_EDGE('',*,*,#7009,.T.);
#8145 = ORIENTED_EDGE('',*,*,#8146,.T.);
#8146 = EDGE_CURVE('',#6987,#6910,#8147,.T.);
#8147 = SURFACE_CURVE('',#8148,(#8152,#8159),.PCURVE_S1.);
#8148 = LINE('',#8149,#8150);
#8149 = CARTESIAN_POINT('',(232.,185.,-160.));
#8150 = VECTOR('',#8151,1.);
#8151 = DIRECTION('',(0.,-0.650791373456,0.759256602365));
#8152 = PCURVE('',#6658,#8153);
#8153 = DEFINITIONAL_REPRESENTATION('',(#8154),#8158);
#8154 = LINE('',#8155,#8156);
#8155 = CARTESIAN_POINT('',(0.,-12.));
#8156 = VECTOR('',#8157,1.);
#8157 = DIRECTION('',(1.,0.));
#8158 = ( GEOMETRIC_REPRESENTATION_CONTEXT(2) 
PARAMETRIC_REPRESENTATION_CONTEXT() REPRESENTATION_CONTEXT('2D SPACE',''
  ) );
#8159 = PCURVE('',#6948,#8160);
#8160 = DEFINITIONAL_REPRESENTATION('',(#8161),#8165);
#8161 = LINE('',#8162,#8163);
#8162 = CARTESIAN_POINT('',(60.,-21.20195232588));
#8163 = VECTOR('',#8164,1.);
#8164 = DIRECTION('',(-0.650791373456,0.759256602365));
#8165 = ( GEOMETRIC_REPRESENTATION_CONTEXT(2) 
PARAMETRIC_REPRESENTATION_CONTEXT() REPRESENTATION_CONTEXT('2D SPACE',''
  ) );
#8166 = ORIENTED_EDGE('',*,*,#6909,.F.);
#8167 = ORIENTED_EDGE('',*,*,#6644,.F.);
#8168 = ORIENTED_EDGE('',*,*,#6735,.F.);
#8169 = ADVANCED_FACE('',(#8170),#6822,.T.);
#8170 = FACE_BOUND('',#8171,.T.);
#8171 = EDGE_LOOP('',(#8172,#8173,#8174));
#8172 = ORIENTED_EDGE('',*,*,#7036,.T.);
#8173 = ORIENTED_EDGE('',*,*,#6806,.T.);
#8174 = ORIENTED_EDGE('',*,*,#6861,.T.);
#8175 = ADVANCED_FACE('',(#8176),#6948,.T.);
#8176 = FACE_BOUND('',#8177,.T.);
#8177 = EDGE_LOOP('',(#8178,#8179,#8180));
#8178 = ORIENTED_EDGE('',*,*,#6932,.T.);
#8179 = ORIENTED_EDGE('',*,*,#6986,.T.);
#8180 = ORIENTED_EDGE('',*,*,#8146,.T.);
#8181 = ADVANCED_FACE('',(#8182),#7176,.F.);
#8182 = FACE_BOUND('',#8183,.F.);
#8183 = EDGE_LOOP('',(#8184,#8185,#8208,#8235));
#8184 = ORIENTED_EDGE('',*,*,#7159,.F.);
#8185 = ORIENTED_EDGE('',*,*,#8186,.F.);
#8186 = EDGE_CURVE('',#8187,#7160,#8189,.T.);
#8187 = VERTEX_POINT('',#8188);
#8188 = CARTESIAN_POINT('',(-155.,191.,-28.));
#8189 = SEAM_CURVE('',#8190,(#8194,#8201),.PCURVE_S1.);
#8190 = LINE('',#8191,#8192);
#8191 = CARTESIAN_POINT('',(-155.,191.,-28.));
#8192 = VECTOR('',#8193,1.);
#8193 = DIRECTION('',(0.,0.,1.));
#8194 = PCURVE('',#7176,#8195);
#8195 = DEFINITIONAL_REPRESENTATION('',(#8196),#8200);
#8196 = LINE('',#8197,#8198);
#8197 = CARTESIAN_POINT('',(6.28318530718,-0.));
#8198 = VECTOR('',#8199,1.);
#8199 = DIRECTION('',(0.,1.));
#8200 = ( GEOMETRIC_REPRESENTATION_CONTEXT(2) 
PARAMETRIC_REPRESENTATION_CONTEXT() REPRESENTATION_CONTEXT('2D SPACE',''
  ) );
#8201 = PCURVE('',#7176,#8202);
#8202 = DEFINITIONAL_REPRESENTATION('',(#8203),#8207);
#8203 = LINE('',#8204,#8205);
#8204 = CARTESIAN_POINT('',(0.,-0.));
#8205 = VECTOR('',#8206,1.);
#8206 = DIRECTION('',(0.,1.));
#8207 = ( GEOMETRIC_REPRESENTATION_CONTEXT(2) 
PARAMETRIC_REPRESENTATION_CONTEXT() REPRESENTATION_CONTEXT('2D SPACE',''
  ) );
#8208 = ORIENTED_EDGE('',*,*,#8209,.T.);
#8209 = EDGE_CURVE('',#8187,#8187,#8210,.T.);
#8210 = SURFACE_CURVE('',#8211,(#8216,#8223),.PCURVE_S1.);
#8211 = CIRCLE('',#8212,5.);
#8212 = AXIS2_PLACEMENT_3D('',#8213,#8214,#8215);
#8213 = CARTESIAN_POINT('',(-160.,191.,-28.));
#8214 = DIRECTION('',(0.,0.,1.));
#8215 = DIRECTION('',(1.,0.,-0.));
#8216 = PCURVE('',#7176,#8217);
#8217 = DEFINITIONAL_REPRESENTATION('',(#8218),#8222);
#8218 = LINE('',#8219,#8220);
#8219 = CARTESIAN_POINT('',(0.,0.));
#8220 = VECTOR('',#8221,1.);
#8221 = DIRECTION('',(1.,0.));
#8222 = ( GEOMETRIC_REPRESENTATION_CONTEXT(2) 
PARAMETRIC_REPRESENTATION_CONTEXT() REPRESENTATION_CONTEXT('2D SPACE',''
  ) );
#8223 = PCURVE('',#8224,#8229);
#8224 = PLANE('',#8225);
#8225 = AXIS2_PLACEMENT_3D('',#8226,#8227,#8228);
#8226 = CARTESIAN_POINT('',(-160.,191.,-28.));
#8227 = DIRECTION('',(0.,0.,1.));
#8228 = DIRECTION('',(1.,0.,-0.));
#8229 = DEFINITIONAL_REPRESENTATION('',(#8230),#8234);
#8230 = CIRCLE('',#8231,5.);
#8231 = AXIS2_PLACEMENT_2D('',#8232,#8233);
#8232 = CARTESIAN_POINT('',(0.,0.));
#8233 = DIRECTION('',(1.,0.));
#8234 = ( GEOMETRIC_REPRESENTATION_CONTEXT(2) 
PARAMETRIC_REPRESENTATION_CONTEXT() REPRESENTATION_CONTEXT('2D SPACE',''
  ) );
#8235 = ORIENTED_EDGE('',*,*,#8186,.T.);
#8236 = ADVANCED_FACE('',(#8237),#7587,.T.);
#8237 = FACE_BOUND('',#8238,.T.);
#8238 = EDGE_LOOP('',(#8239,#8240,#8241,#8242));
#8239 = ORIENTED_EDGE('',*,*,#7571,.F.);
#8240 = ORIENTED_EDGE('',*,*,#7649,.T.);
#8241 = ORIENTED_EDGE('',*,*,#7676,.T.);
#8242 = ORIENTED_EDGE('',*,*,#8119,.F.);
#8243 = ADVANCED_FACE('',(#8244),#7766,.F.);
#8244 = FACE_BOUND('',#8245,.F.);
#8245 = EDGE_LOOP('',(#8246));
#8246 = ORIENTED_EDGE('',*,*,#7751,.T.);
#8247 = ADVANCED_FACE('',(#8248),#7872,.T.);
#8248 = FACE_BOUND('',#8249,.F.);
#8249 = EDGE_LOOP('',(#8250));
#8250 = ORIENTED_EDGE('',*,*,#7857,.F.);
#8251 = ADVANCED_FACE('',(#8252),#7929,.T.);
#8252 = FACE_BOUND('',#8253,.F.);
#8253 = EDGE_LOOP('',(#8254));
#8254 = ORIENTED_EDGE('',*,*,#7914,.F.);
#8255 = ADVANCED_FACE('',(#8256),#7986,.T.);
#8256 = FACE_BOUND('',#8257,.F.);
#8257 = EDGE_LOOP('',(#8258));
#8258 = ORIENTED_EDGE('',*,*,#7971,.F.);
#8259 = ADVANCED_FACE('',(#8260),#8043,.T.);
#8260 = FACE_BOUND('',#8261,.F.);
#8261 = EDGE_LOOP('',(#8262));
#8262 = ORIENTED_EDGE('',*,*,#8028,.F.);
#8263 = ADVANCED_FACE('',(#8264),#8100,.T.);
#8264 = FACE_BOUND('',#8265,.F.);
#8265 = EDGE_LOOP('',(#8266));
#8266 = ORIENTED_EDGE('',*,*,#8085,.F.);
#8267 = ADVANCED_FACE('',(#8268),#8224,.T.);
#8268 = FACE_BOUND('',#8269,.F.);
#8269 = EDGE_LOOP('',(#8270));
#8270 = ORIENTED_EDGE('',*,*,#8209,.F.);
#8271 = MANIFOLD_SOLID_BREP('',#8272);
#8272 = CLOSED_SHELL('',(#8273,#8393,#8500,#8549,#8624,#8651,#8658));
#8273 = ADVANCED_FACE('',(#8274),#8288,.T.);
#8274 = FACE_BOUND('',#8275,.T.);
#8275 = EDGE_LOOP('',(#8276,#8311,#8339,#8367));
#8276 = ORIENTED_EDGE('',*,*,#8277,.F.);
#8277 = EDGE_CURVE('',#8278,#8280,#8282,.T.);
#8278 = VERTEX_POINT('',#8279);
#8279 = CARTESIAN_POINT('',(-220.,-170.,-252.));
#8280 = VERTEX_POINT('',#8281);
#8281 = CARTESIAN_POINT('',(-150.,-170.,-252.));
#8282 = SURFACE_CURVE('',#8283,(#8287,#8299),.PCURVE_S1.);
#8283 = LINE('',#8284,#8285);
#8284 = CARTESIAN_POINT('',(-220.,-170.,-252.));
#8285 = VECTOR('',#8286,1.);
#8286 = DIRECTION('',(1.,0.,-0.));
#8287 = PCURVE('',#8288,#8293);
#8288 = PLANE('',#8289);
#8289 = AXIS2_PLACEMENT_3D('',#8290,#8291,#8292);
#8290 = CARTESIAN_POINT('',(-220.,-170.,-252.));
#8291 = DIRECTION('',(-0.,1.,0.));
#8292 = DIRECTION('',(0.,0.,1.));
#8293 = DEFINITIONAL_REPRESENTATION('',(#8294),#8298);
#8294 = LINE('',#8295,#8296);
#8295 = CARTESIAN_POINT('',(0.,0.));
#8296 = VECTOR('',#8297,1.);
#8297 = DIRECTION('',(0.,1.));
#8298 = ( GEOMETRIC_REPRESENTATION_CONTEXT(2) 
PARAMETRIC_REPRESENTATION_CONTEXT() REPRESENTATION_CONTEXT('2D SPACE',''
  ) );
#8299 = PCURVE('',#8300,#8305);
#8300 = PLANE('',#8301);
#8301 = AXIS2_PLACEMENT_3D('',#8302,#8303,#8304);
#8302 = CARTESIAN_POINT('',(-220.,-240.,-252.));
#8303 = DIRECTION('',(0.,0.,1.));
#8304 = DIRECTION('',(1.,0.,-0.));
#8305 = DEFINITIONAL_REPRESENTATION('',(#8306),#8310);
#8306 = LINE('',#8307,#8308);
#8307 = CARTESIAN_POINT('',(0.,70.));
#8308 = VECTOR('',#8309,1.);
#8309 = DIRECTION('',(1.,0.));
#8310 = ( GEOMETRIC_REPRESENTATION_CONTEXT(2) 
PARAMETRIC_REPRESENTATION_CONTEXT() REPRESENTATION_CONTEXT('2D SPACE',''
  ) );
#8311 = ORIENTED_EDGE('',*,*,#8312,.T.);
#8312 = EDGE_CURVE('',#8278,#8313,#8315,.T.);
#8313 = VERTEX_POINT('',#8314);
#8314 = CARTESIAN_POINT('',(-220.,-170.,-220.));
#8315 = SURFACE_CURVE('',#8316,(#8320,#8327),.PCURVE_S1.);
#8316 = LINE('',#8317,#8318);
#8317 = CARTESIAN_POINT('',(-220.,-170.,-252.));
#8318 = VECTOR('',#8319,1.);
#8319 = DIRECTION('',(0.,0.,1.));
#8320 = PCURVE('',#8288,#8321);
#8321 = DEFINITIONAL_REPRESENTATION('',(#8322),#8326);
#8322 = LINE('',#8323,#8324);
#8323 = CARTESIAN_POINT('',(0.,0.));
#8324 = VECTOR('',#8325,1.);
#8325 = DIRECTION('',(1.,0.));
#8326 = ( GEOMETRIC_REPRESENTATION_CONTEXT(2) 
PARAMETRIC_REPRESENTATION_CONTEXT() REPRESENTATION_CONTEXT('2D SPACE',''
  ) );
#8327 = PCURVE('',#8328,#8333);
#8328 = PLANE('',#8329);
#8329 = AXIS2_PLACEMENT_3D('',#8330,#8331,#8332);
#8330 = CARTESIAN_POINT('',(-220.,-240.,-252.));
#8331 = DIRECTION('',(1.,0.,-0.));
#8332 = DIRECTION('',(0.,0.,1.));
#8333 = DEFINITIONAL_REPRESENTATION('',(#8334),#8338);
#8334 = LINE('',#8335,#8336);
#8335 = CARTESIAN_POINT('',(0.,-70.));
#8336 = VECTOR('',#8337,1.);
#8337 = DIRECTION('',(1.,0.));
#8338 = ( GEOMETRIC_REPRESENTATION_CONTEXT(2) 
PARAMETRIC_REPRESENTATION_CONTEXT() REPRESENTATION_CONTEXT('2D SPACE',''
  ) );
#8339 = ORIENTED_EDGE('',*,*,#8340,.T.);
#8340 = EDGE_CURVE('',#8313,#8341,#8343,.T.);
#8341 = VERTEX_POINT('',#8342);
#8342 = CARTESIAN_POINT('',(-150.,-170.,-220.));
#8343 = SURFACE_CURVE('',#8344,(#8348,#8355),.PCURVE_S1.);
#8344 = LINE('',#8345,#8346);
#8345 = CARTESIAN_POINT('',(-220.,-170.,-220.));
#8346 = VECTOR('',#8347,1.);
#8347 = DIRECTION('',(1.,0.,-0.));
#8348 = PCURVE('',#8288,#8349);
#8349 = DEFINITIONAL_REPRESENTATION('',(#8350),#8354);
#8350 = LINE('',#8351,#8352);
#8351 = CARTESIAN_POINT('',(32.,0.));
#8352 = VECTOR('',#8353,1.);
#8353 = DIRECTION('',(0.,1.));
#8354 = ( GEOMETRIC_REPRESENTATION_CONTEXT(2) 
PARAMETRIC_REPRESENTATION_CONTEXT() REPRESENTATION_CONTEXT('2D SPACE',''
  ) );
#8355 = PCURVE('',#8356,#8361);
#8356 = PLANE('',#8357);
#8357 = AXIS2_PLACEMENT_3D('',#8358,#8359,#8360);
#8358 = CARTESIAN_POINT('',(-220.,-240.,-220.));
#8359 = DIRECTION('',(0.,0.,1.));
#8360 = DIRECTION('',(1.,0.,-0.));
#8361 = DEFINITIONAL_REPRESENTATION('',(#8362),#8366);
#8362 = LINE('',#8363,#8364);
#8363 = CARTESIAN_POINT('',(0.,70.));
#8364 = VECTOR('',#8365,1.);
#8365 = DIRECTION('',(1.,0.));
#8366 = ( GEOMETRIC_REPRESENTATION_CONTEXT(2) 
PARAMETRIC_REPRESENTATION_CONTEXT() REPRESENTATION_CONTEXT('2D SPACE',''
  ) );
#8367 = ORIENTED_EDGE('',*,*,#8368,.F.);
#8368 = EDGE_CURVE('',#8280,#8341,#8369,.T.);
#8369 = SURFACE_CURVE('',#8370,(#8374,#8381),.PCURVE_S1.);
#8370 = LINE('',#8371,#8372);
#8371 = CARTESIAN_POINT('',(-150.,-170.,-252.));
#8372 = VECTOR('',#8373,1.);
#8373 = DIRECTION('',(0.,0.,1.));
#8374 = PCURVE('',#8288,#8375);
#8375 = DEFINITIONAL_REPRESENTATION('',(#8376),#8380);
#8376 = LINE('',#8377,#8378);
#8377 = CARTESIAN_POINT('',(0.,70.));
#8378 = VECTOR('',#8379,1.);
#8379 = DIRECTION('',(1.,0.));
#8380 = ( GEOMETRIC_REPRESENTATION_CONTEXT(2) 
PARAMETRIC_REPRESENTATION_CONTEXT() REPRESENTATION_CONTEXT('2D SPACE',''
  ) );
#8381 = PCURVE('',#8382,#8387);
#8382 = PLANE('',#8383);
#8383 = AXIS2_PLACEMENT_3D('',#8384,#8385,#8386);
#8384 = CARTESIAN_POINT('',(-150.,-240.,-252.));
#8385 = DIRECTION('',(1.,0.,-0.));
#8386 = DIRECTION('',(0.,0.,1.));
#8387 = DEFINITIONAL_REPRESENTATION('',(#8388),#8392);
#8388 = LINE('',#8389,#8390);
#8389 = CARTESIAN_POINT('',(0.,-70.));
#8390 = VECTOR('',#8391,1.);
#8391 = DIRECTION('',(1.,0.));
#8392 = ( GEOMETRIC_REPRESENTATION_CONTEXT(2) 
PARAMETRIC_REPRESENTATION_CONTEXT() REPRESENTATION_CONTEXT('2D SPACE',''
  ) );
#8393 = ADVANCED_FACE('',(#8394,#8469),#8300,.F.);
#8394 = FACE_BOUND('',#8395,.F.);
#8395 = EDGE_LOOP('',(#8396,#8419,#8447,#8468));
#8396 = ORIENTED_EDGE('',*,*,#8397,.F.);
#8397 = EDGE_CURVE('',#8398,#8278,#8400,.T.);
#8398 = VERTEX_POINT('',#8399);
#8399 = CARTESIAN_POINT('',(-220.,-240.,-252.));
#8400 = SURFACE_CURVE('',#8401,(#8405,#8412),.PCURVE_S1.);
#8401 = LINE('',#8402,#8403);
#8402 = CARTESIAN_POINT('',(-220.,-240.,-252.));
#8403 = VECTOR('',#8404,1.);
#8404 = DIRECTION('',(-0.,1.,0.));
#8405 = PCURVE('',#8300,#8406);
#8406 = DEFINITIONAL_REPRESENTATION('',(#8407),#8411);
#8407 = LINE('',#8408,#8409);
#8408 = CARTESIAN_POINT('',(0.,0.));
#8409 = VECTOR('',#8410,1.);
#8410 = DIRECTION('',(0.,1.));
#8411 = ( GEOMETRIC_REPRESENTATION_CONTEXT(2) 
PARAMETRIC_REPRESENTATION_CONTEXT() REPRESENTATION_CONTEXT('2D SPACE',''
  ) );
#8412 = PCURVE('',#8328,#8413);
#8413 = DEFINITIONAL_REPRESENTATION('',(#8414),#8418);
#8414 = LINE('',#8415,#8416);
#8415 = CARTESIAN_POINT('',(0.,0.));
#8416 = VECTOR('',#8417,1.);
#8417 = DIRECTION('',(0.,-1.));
#8418 = ( GEOMETRIC_REPRESENTATION_CONTEXT(2) 
PARAMETRIC_REPRESENTATION_CONTEXT() REPRESENTATION_CONTEXT('2D SPACE',''
  ) );
#8419 = ORIENTED_EDGE('',*,*,#8420,.T.);
#8420 = EDGE_CURVE('',#8398,#8421,#8423,.T.);
#8421 = VERTEX_POINT('',#8422);
#8422 = CARTESIAN_POINT('',(-150.,-240.,-252.));
#8423 = SURFACE_CURVE('',#8424,(#8428,#8435),.PCURVE_S1.);
#8424 = LINE('',#8425,#8426);
#8425 = CARTESIAN_POINT('',(-220.,-240.,-252.));
#8426 = VECTOR('',#8427,1.);
#8427 = DIRECTION('',(1.,0.,-0.));
#8428 = PCURVE('',#8300,#8429);
#8429 = DEFINITIONAL_REPRESENTATION('',(#8430),#8434);
#8430 = LINE('',#8431,#8432);
#8431 = CARTESIAN_POINT('',(0.,0.));
#8432 = VECTOR('',#8433,1.);
#8433 = DIRECTION('',(1.,0.));
#8434 = ( GEOMETRIC_REPRESENTATION_CONTEXT(2) 
PARAMETRIC_REPRESENTATION_CONTEXT() REPRESENTATION_CONTEXT('2D SPACE',''
  ) );
#8435 = PCURVE('',#8436,#8441);
#8436 = PLANE('',#8437);
#8437 = AXIS2_PLACEMENT_3D('',#8438,#8439,#8440);
#8438 = CARTESIAN_POINT('',(-220.,-240.,-252.));
#8439 = DIRECTION('',(-0.,1.,0.));
#8440 = DIRECTION('',(0.,0.,1.));
#8441 = DEFINITIONAL_REPRESENTATION('',(#8442),#8446);
#8442 = LINE('',#8443,#8444);
#8443 = CARTESIAN_POINT('',(0.,0.));
#8444 = VECTOR('',#8445,1.);
#8445 = DIRECTION('',(0.,1.));
#8446 = ( GEOMETRIC_REPRESENTATION_CONTEXT(2) 
PARAMETRIC_REPRESENTATION_CONTEXT() REPRESENTATION_CONTEXT('2D SPACE',''
  ) );
#8447 = ORIENTED_EDGE('',*,*,#8448,.T.);
#8448 = EDGE_CURVE('',#8421,#8280,#8449,.T.);
#8449 = SURFACE_CURVE('',#8450,(#8454,#8461),.PCURVE_S1.);
#8450 = LINE('',#8451,#8452);
#8451 = CARTESIAN_POINT('',(-150.,-240.,-252.));
#8452 = VECTOR('',#8453,1.);
#8453 = DIRECTION('',(-0.,1.,0.));
#8454 = PCURVE('',#8300,#8455);
#8455 = DEFINITIONAL_REPRESENTATION('',(#8456),#8460);
#8456 = LINE('',#8457,#8458);
#8457 = CARTESIAN_POINT('',(70.,0.));
#8458 = VECTOR('',#8459,1.);
#8459 = DIRECTION('',(0.,1.));
#8460 = ( GEOMETRIC_REPRESENTATION_CONTEXT(2) 
PARAMETRIC_REPRESENTATION_CONTEXT() REPRESENTATION_CONTEXT('2D SPACE',''
  ) );
#8461 = PCURVE('',#8382,#8462);
#8462 = DEFINITIONAL_REPRESENTATION('',(#8463),#8467);
#8463 = LINE('',#8464,#8465);
#8464 = CARTESIAN_POINT('',(0.,0.));
#8465 = VECTOR('',#8466,1.);
#8466 = DIRECTION('',(0.,-1.));
#8467 = ( GEOMETRIC_REPRESENTATION_CONTEXT(2) 
PARAMETRIC_REPRESENTATION_CONTEXT() REPRESENTATION_CONTEXT('2D SPACE',''
  ) );
#8468 = ORIENTED_EDGE('',*,*,#8277,.F.);
#8469 = FACE_BOUND('',#8470,.F.);
#8470 = EDGE_LOOP('',(#8471));
#8471 = ORIENTED_EDGE('',*,*,#8472,.F.);
#8472 = EDGE_CURVE('',#8473,#8473,#8475,.T.);
#8473 = VERTEX_POINT('',#8474);
#8474 = CARTESIAN_POINT('',(-176.,-205.,-252.));
#8475 = SURFACE_CURVE('',#8476,(#8481,#8488),.PCURVE_S1.);
#8476 = CIRCLE('',#8477,9.);
#8477 = AXIS2_PLACEMENT_3D('',#8478,#8479,#8480);
#8478 = CARTESIAN_POINT('',(-185.,-205.,-252.));
#8479 = DIRECTION('',(0.,0.,1.));
#8480 = DIRECTION('',(1.,0.,-0.));
#8481 = PCURVE('',#8300,#8482);
#8482 = DEFINITIONAL_REPRESENTATION('',(#8483),#8487);
#8483 = CIRCLE('',#8484,9.);
#8484 = AXIS2_PLACEMENT_2D('',#8485,#8486);
#8485 = CARTESIAN_POINT('',(35.,35.));
#8486 = DIRECTION('',(1.,0.));
#8487 = ( GEOMETRIC_REPRESENTATION_CONTEXT(2) 
PARAMETRIC_REPRESENTATION_CONTEXT() REPRESENTATION_CONTEXT('2D SPACE',''
  ) );
#8488 = PCURVE('',#8489,#8494);
#8489 = CYLINDRICAL_SURFACE('',#8490,9.);
#8490 = AXIS2_PLACEMENT_3D('',#8491,#8492,#8493);
#8491 = CARTESIAN_POINT('',(-185.,-205.,-254.));
#8492 = DIRECTION('',(0.,0.,1.));
#8493 = DIRECTION('',(1.,0.,-0.));
#8494 = DEFINITIONAL_REPRESENTATION('',(#8495),#8499);
#8495 = LINE('',#8496,#8497);
#8496 = CARTESIAN_POINT('',(0.,2.));
#8497 = VECTOR('',#8498,1.);
#8498 = DIRECTION('',(1.,0.));
#8499 = ( GEOMETRIC_REPRESENTATION_CONTEXT(2) 
PARAMETRIC_REPRESENTATION_CONTEXT() REPRESENTATION_CONTEXT('2D SPACE',''
  ) );
#8500 = ADVANCED_FACE('',(#8501),#8382,.T.);
#8501 = FACE_BOUND('',#8502,.T.);
#8502 = EDGE_LOOP('',(#8503,#8526,#8527,#8528));
#8503 = ORIENTED_EDGE('',*,*,#8504,.F.);
#8504 = EDGE_CURVE('',#8421,#8505,#8507,.T.);
#8505 = VERTEX_POINT('',#8506);
#8506 = CARTESIAN_POINT('',(-150.,-240.,-220.));
#8507 = SURFACE_CURVE('',#8508,(#8512,#8519),.PCURVE_S1.);
#8508 = LINE('',#8509,#8510);
#8509 = CARTESIAN_POINT('',(-150.,-240.,-252.));
#8510 = VECTOR('',#8511,1.);
#8511 = DIRECTION('',(0.,0.,1.));
#8512 = PCURVE('',#8382,#8513);
#8513 = DEFINITIONAL_REPRESENTATION('',(#8514),#8518);
#8514 = LINE('',#8515,#8516);
#8515 = CARTESIAN_POINT('',(0.,0.));
#8516 = VECTOR('',#8517,1.);
#8517 = DIRECTION('',(1.,0.));
#8518 = ( GEOMETRIC_REPRESENTATION_CONTEXT(2) 
PARAMETRIC_REPRESENTATION_CONTEXT() REPRESENTATION_CONTEXT('2D SPACE',''
  ) );
#8519 = PCURVE('',#8436,#8520);
#8520 = DEFINITIONAL_REPRESENTATION('',(#8521),#8525);
#8521 = LINE('',#8522,#8523);
#8522 = CARTESIAN_POINT('',(0.,70.));
#8523 = VECTOR('',#8524,1.);
#8524 = DIRECTION('',(1.,0.));
#8525 = ( GEOMETRIC_REPRESENTATION_CONTEXT(2) 
PARAMETRIC_REPRESENTATION_CONTEXT() REPRESENTATION_CONTEXT('2D SPACE',''
  ) );
#8526 = ORIENTED_EDGE('',*,*,#8448,.T.);
#8527 = ORIENTED_EDGE('',*,*,#8368,.T.);
#8528 = ORIENTED_EDGE('',*,*,#8529,.F.);
#8529 = EDGE_CURVE('',#8505,#8341,#8530,.T.);
#8530 = SURFACE_CURVE('',#8531,(#8535,#8542),.PCURVE_S1.);
#8531 = LINE('',#8532,#8533);
#8532 = CARTESIAN_POINT('',(-150.,-240.,-220.));
#8533 = VECTOR('',#8534,1.);
#8534 = DIRECTION('',(-0.,1.,0.));
#8535 = PCURVE('',#8382,#8536);
#8536 = DEFINITIONAL_REPRESENTATION('',(#8537),#8541);
#8537 = LINE('',#8538,#8539);
#8538 = CARTESIAN_POINT('',(32.,0.));
#8539 = VECTOR('',#8540,1.);
#8540 = DIRECTION('',(0.,-1.));
#8541 = ( GEOMETRIC_REPRESENTATION_CONTEXT(2) 
PARAMETRIC_REPRESENTATION_CONTEXT() REPRESENTATION_CONTEXT('2D SPACE',''
  ) );
#8542 = PCURVE('',#8356,#8543);
#8543 = DEFINITIONAL_REPRESENTATION('',(#8544),#8548);
#8544 = LINE('',#8545,#8546);
#8545 = CARTESIAN_POINT('',(70.,0.));
#8546 = VECTOR('',#8547,1.);
#8547 = DIRECTION('',(0.,1.));
#8548 = ( GEOMETRIC_REPRESENTATION_CONTEXT(2) 
PARAMETRIC_REPRESENTATION_CONTEXT() REPRESENTATION_CONTEXT('2D SPACE',''
  ) );
#8549 = ADVANCED_FACE('',(#8550,#8598),#8356,.T.);
#8550 = FACE_BOUND('',#8551,.T.);
#8551 = EDGE_LOOP('',(#8552,#8575,#8596,#8597));
#8552 = ORIENTED_EDGE('',*,*,#8553,.F.);
#8553 = EDGE_CURVE('',#8554,#8313,#8556,.T.);
#8554 = VERTEX_POINT('',#8555);
#8555 = CARTESIAN_POINT('',(-220.,-240.,-220.));
#8556 = SURFACE_CURVE('',#8557,(#8561,#8568),.PCURVE_S1.);
#8557 = LINE('',#8558,#8559);
#8558 = CARTESIAN_POINT('',(-220.,-240.,-220.));
#8559 = VECTOR('',#8560,1.);
#8560 = DIRECTION('',(-0.,1.,0.));
#8561 = PCURVE('',#8356,#8562);
#8562 = DEFINITIONAL_REPRESENTATION('',(#8563),#8567);
#8563 = LINE('',#8564,#8565);
#8564 = CARTESIAN_POINT('',(0.,0.));
#8565 = VECTOR('',#8566,1.);
#8566 = DIRECTION('',(0.,1.));
#8567 = ( GEOMETRIC_REPRESENTATION_CONTEXT(2) 
PARAMETRIC_REPRESENTATION_CONTEXT() REPRESENTATION_CONTEXT('2D SPACE',''
  ) );
#8568 = PCURVE('',#8328,#8569);
#8569 = DEFINITIONAL_REPRESENTATION('',(#8570),#8574);
#8570 = LINE('',#8571,#8572);
#8571 = CARTESIAN_POINT('',(32.,0.));
#8572 = VECTOR('',#8573,1.);
#8573 = DIRECTION('',(0.,-1.));
#8574 = ( GEOMETRIC_REPRESENTATION_CONTEXT(2) 
PARAMETRIC_REPRESENTATION_CONTEXT() REPRESENTATION_CONTEXT('2D SPACE',''
  ) );
#8575 = ORIENTED_EDGE('',*,*,#8576,.T.);
#8576 = EDGE_CURVE('',#8554,#8505,#8577,.T.);
#8577 = SURFACE_CURVE('',#8578,(#8582,#8589),.PCURVE_S1.);
#8578 = LINE('',#8579,#8580);
#8579 = CARTESIAN_POINT('',(-220.,-240.,-220.));
#8580 = VECTOR('',#8581,1.);
#8581 = DIRECTION('',(1.,0.,-0.));
#8582 = PCURVE('',#8356,#8583);
#8583 = DEFINITIONAL_REPRESENTATION('',(#8584),#8588);
#8584 = LINE('',#8585,#8586);
#8585 = CARTESIAN_POINT('',(0.,0.));
#8586 = VECTOR('',#8587,1.);
#8587 = DIRECTION('',(1.,0.));
#8588 = ( GEOMETRIC_REPRESENTATION_CONTEXT(2) 
PARAMETRIC_REPRESENTATION_CONTEXT() REPRESENTATION_CONTEXT('2D SPACE',''
  ) );
#8589 = PCURVE('',#8436,#8590);
#8590 = DEFINITIONAL_REPRESENTATION('',(#8591),#8595);
#8591 = LINE('',#8592,#8593);
#8592 = CARTESIAN_POINT('',(32.,0.));
#8593 = VECTOR('',#8594,1.);
#8594 = DIRECTION('',(0.,1.));
#8595 = ( GEOMETRIC_REPRESENTATION_CONTEXT(2) 
PARAMETRIC_REPRESENTATION_CONTEXT() REPRESENTATION_CONTEXT('2D SPACE',''
  ) );
#8596 = ORIENTED_EDGE('',*,*,#8529,.T.);
#8597 = ORIENTED_EDGE('',*,*,#8340,.F.);
#8598 = FACE_BOUND('',#8599,.T.);
#8599 = EDGE_LOOP('',(#8600));
#8600 = ORIENTED_EDGE('',*,*,#8601,.F.);
#8601 = EDGE_CURVE('',#8602,#8602,#8604,.T.);
#8602 = VERTEX_POINT('',#8603);
#8603 = CARTESIAN_POINT('',(-176.,-205.,-220.));
#8604 = SURFACE_CURVE('',#8605,(#8610,#8617),.PCURVE_S1.);
#8605 = CIRCLE('',#8606,9.);
#8606 = AXIS2_PLACEMENT_3D('',#8607,#8608,#8609);
#8607 = CARTESIAN_POINT('',(-185.,-205.,-220.));
#8608 = DIRECTION('',(0.,0.,1.));
#8609 = DIRECTION('',(1.,0.,-0.));
#8610 = PCURVE('',#8356,#8611);
#8611 = DEFINITIONAL_REPRESENTATION('',(#8612),#8616);
#8612 = CIRCLE('',#8613,9.);
#8613 = AXIS2_PLACEMENT_2D('',#8614,#8615);
#8614 = CARTESIAN_POINT('',(35.,35.));
#8615 = DIRECTION('',(1.,0.));
#8616 = ( GEOMETRIC_REPRESENTATION_CONTEXT(2) 
PARAMETRIC_REPRESENTATION_CONTEXT() REPRESENTATION_CONTEXT('2D SPACE',''
  ) );
#8617 = PCURVE('',#8489,#8618);
#8618 = DEFINITIONAL_REPRESENTATION('',(#8619),#8623);
#8619 = LINE('',#8620,#8621);
#8620 = CARTESIAN_POINT('',(0.,34.));
#8621 = VECTOR('',#8622,1.);
#8622 = DIRECTION('',(1.,0.));
#8623 = ( GEOMETRIC_REPRESENTATION_CONTEXT(2) 
PARAMETRIC_REPRESENTATION_CONTEXT() REPRESENTATION_CONTEXT('2D SPACE',''
  ) );
#8624 = ADVANCED_FACE('',(#8625),#8328,.F.);
#8625 = FACE_BOUND('',#8626,.F.);
#8626 = EDGE_LOOP('',(#8627,#8648,#8649,#8650));
#8627 = ORIENTED_EDGE('',*,*,#8628,.F.);
#8628 = EDGE_CURVE('',#8398,#8554,#8629,.T.);
#8629 = SURFACE_CURVE('',#8630,(#8634,#8641),.PCURVE_S1.);
#8630 = LINE('',#8631,#8632);
#8631 = CARTESIAN_POINT('',(-220.,-240.,-252.));
#8632 = VECTOR('',#8633,1.);
#8633 = DIRECTION('',(0.,0.,1.));
#8634 = PCURVE('',#8328,#8635);
#8635 = DEFINITIONAL_REPRESENTATION('',(#8636),#8640);
#8636 = LINE('',#8637,#8638);
#8637 = CARTESIAN_POINT('',(0.,0.));
#8638 = VECTOR('',#8639,1.);
#8639 = DIRECTION('',(1.,0.));
#8640 = ( GEOMETRIC_REPRESENTATION_CONTEXT(2) 
PARAMETRIC_REPRESENTATION_CONTEXT() REPRESENTATION_CONTEXT('2D SPACE',''
  ) );
#8641 = PCURVE('',#8436,#8642);
#8642 = DEFINITIONAL_REPRESENTATION('',(#8643),#8647);
#8643 = LINE('',#8644,#8645);
#8644 = CARTESIAN_POINT('',(0.,0.));
#8645 = VECTOR('',#8646,1.);
#8646 = DIRECTION('',(1.,0.));
#8647 = ( GEOMETRIC_REPRESENTATION_CONTEXT(2) 
PARAMETRIC_REPRESENTATION_CONTEXT() REPRESENTATION_CONTEXT('2D SPACE',''
  ) );
#8648 = ORIENTED_EDGE('',*,*,#8397,.T.);
#8649 = ORIENTED_EDGE('',*,*,#8312,.T.);
#8650 = ORIENTED_EDGE('',*,*,#8553,.F.);
#8651 = ADVANCED_FACE('',(#8652),#8436,.F.);
#8652 = FACE_BOUND('',#8653,.F.);
#8653 = EDGE_LOOP('',(#8654,#8655,#8656,#8657));
#8654 = ORIENTED_EDGE('',*,*,#8420,.F.);
#8655 = ORIENTED_EDGE('',*,*,#8628,.T.);
#8656 = ORIENTED_EDGE('',*,*,#8576,.T.);
#8657 = ORIENTED_EDGE('',*,*,#8504,.F.);
#8658 = ADVANCED_FACE('',(#8659),#8489,.F.);
#8659 = FACE_BOUND('',#8660,.F.);
#8660 = EDGE_LOOP('',(#8661,#8662,#8683,#8684));
#8661 = ORIENTED_EDGE('',*,*,#8601,.F.);
#8662 = ORIENTED_EDGE('',*,*,#8663,.F.);
#8663 = EDGE_CURVE('',#8473,#8602,#8664,.T.);
#8664 = SEAM_CURVE('',#8665,(#8669,#8676),.PCURVE_S1.);
#8665 = LINE('',#8666,#8667);
#8666 = CARTESIAN_POINT('',(-176.,-205.,-254.));
#8667 = VECTOR('',#8668,1.);
#8668 = DIRECTION('',(0.,0.,1.));
#8669 = PCURVE('',#8489,#8670);
#8670 = DEFINITIONAL_REPRESENTATION('',(#8671),#8675);
#8671 = LINE('',#8672,#8673);
#8672 = CARTESIAN_POINT('',(6.28318530718,-0.));
#8673 = VECTOR('',#8674,1.);
#8674 = DIRECTION('',(0.,1.));
#8675 = ( GEOMETRIC_REPRESENTATION_CONTEXT(2) 
PARAMETRIC_REPRESENTATION_CONTEXT() REPRESENTATION_CONTEXT('2D SPACE',''
  ) );
#8676 = PCURVE('',#8489,#8677);
#8677 = DEFINITIONAL_REPRESENTATION('',(#8678),#8682);
#8678 = LINE('',#8679,#8680);
#8679 = CARTESIAN_POINT('',(0.,-0.));
#8680 = VECTOR('',#8681,1.);
#8681 = DIRECTION('',(0.,1.));
#8682 = ( GEOMETRIC_REPRESENTATION_CONTEXT(2) 
PARAMETRIC_REPRESENTATION_CONTEXT() REPRESENTATION_CONTEXT('2D SPACE',''
  ) );
#8683 = ORIENTED_EDGE('',*,*,#8472,.T.);
#8684 = ORIENTED_EDGE('',*,*,#8663,.T.);
#8685 = MANIFOLD_SOLID_BREP('',#8686);
#8686 = CLOSED_SHELL('',(#8687,#8807,#8914,#8963,#9038,#9065,#9072));
#8687 = ADVANCED_FACE('',(#8688),#8702,.T.);
#8688 = FACE_BOUND('',#8689,.T.);
#8689 = EDGE_LOOP('',(#8690,#8725,#8753,#8781));
#8690 = ORIENTED_EDGE('',*,*,#8691,.F.);
#8691 = EDGE_CURVE('',#8692,#8694,#8696,.T.);
#8692 = VERTEX_POINT('',#8693);
#8693 = CARTESIAN_POINT('',(150.,-170.,-252.));
#8694 = VERTEX_POINT('',#8695);
#8695 = CARTESIAN_POINT('',(220.,-170.,-252.));
#8696 = SURFACE_CURVE('',#8697,(#8701,#8713),.PCURVE_S1.);
#8697 = LINE('',#8698,#8699);
#8698 = CARTESIAN_POINT('',(150.,-170.,-252.));
#8699 = VECTOR('',#8700,1.);
#8700 = DIRECTION('',(1.,0.,-0.));
#8701 = PCURVE('',#8702,#8707);
#8702 = PLANE('',#8703);
#8703 = AXIS2_PLACEMENT_3D('',#8704,#8705,#8706);
#8704 = CARTESIAN_POINT('',(150.,-170.,-252.));
#8705 = DIRECTION('',(-0.,1.,0.));
#8706 = DIRECTION('',(0.,0.,1.));
#8707 = DEFINITIONAL_REPRESENTATION('',(#8708),#8712);
#8708 = LINE('',#8709,#8710);
#8709 = CARTESIAN_POINT('',(0.,0.));
#8710 = VECTOR('',#8711,1.);
#8711 = DIRECTION('',(0.,1.));
#8712 = ( GEOMETRIC_REPRESENTATION_CONTEXT(2) 
PARAMETRIC_REPRESENTATION_CONTEXT() REPRESENTATION_CONTEXT('2D SPACE',''
  ) );
#8713 = PCURVE('',#8714,#8719);
#8714 = PLANE('',#8715);
#8715 = AXIS2_PLACEMENT_3D('',#8716,#8717,#8718);
#8716 = CARTESIAN_POINT('',(150.,-240.,-252.));
#8717 = DIRECTION('',(0.,0.,1.));
#8718 = DIRECTION('',(1.,0.,-0.));
#8719 = DEFINITIONAL_REPRESENTATION('',(#8720),#8724);
#8720 = LINE('',#8721,#8722);
#8721 = CARTESIAN_POINT('',(0.,70.));
#8722 = VECTOR('',#8723,1.);
#8723 = DIRECTION('',(1.,0.));
#8724 = ( GEOMETRIC_REPRESENTATION_CONTEXT(2) 
PARAMETRIC_REPRESENTATION_CONTEXT() REPRESENTATION_CONTEXT('2D SPACE',''
  ) );
#8725 = ORIENTED_EDGE('',*,*,#8726,.T.);
#8726 = EDGE_CURVE('',#8692,#8727,#8729,.T.);
#8727 = VERTEX_POINT('',#8728);
#8728 = CARTESIAN_POINT('',(150.,-170.,-220.));
#8729 = SURFACE_CURVE('',#8730,(#8734,#8741),.PCURVE_S1.);
#8730 = LINE('',#8731,#8732);
#8731 = CARTESIAN_POINT('',(150.,-170.,-252.));
#8732 = VECTOR('',#8733,1.);
#8733 = DIRECTION('',(0.,0.,1.));
#8734 = PCURVE('',#8702,#8735);
#8735 = DEFINITIONAL_REPRESENTATION('',(#8736),#8740);
#8736 = LINE('',#8737,#8738);
#8737 = CARTESIAN_POINT('',(0.,0.));
#8738 = VECTOR('',#8739,1.);
#8739 = DIRECTION('',(1.,0.));
#8740 = ( GEOMETRIC_REPRESENTATION_CONTEXT(2) 
PARAMETRIC_REPRESENTATION_CONTEXT() REPRESENTATION_CONTEXT('2D SPACE',''
  ) );
#8741 = PCURVE('',#8742,#8747);
#8742 = PLANE('',#8743);
#8743 = AXIS2_PLACEMENT_3D('',#8744,#8745,#8746);
#8744 = CARTESIAN_POINT('',(150.,-240.,-252.));
#8745 = DIRECTION('',(1.,0.,-0.));
#8746 = DIRECTION('',(0.,0.,1.));
#8747 = DEFINITIONAL_REPRESENTATION('',(#8748),#8752);
#8748 = LINE('',#8749,#8750);
#8749 = CARTESIAN_POINT('',(0.,-70.));
#8750 = VECTOR('',#8751,1.);
#8751 = DIRECTION('',(1.,0.));
#8752 = ( GEOMETRIC_REPRESENTATION_CONTEXT(2) 
PARAMETRIC_REPRESENTATION_CONTEXT() REPRESENTATION_CONTEXT('2D SPACE',''
  ) );
#8753 = ORIENTED_EDGE('',*,*,#8754,.T.);
#8754 = EDGE_CURVE('',#8727,#8755,#8757,.T.);
#8755 = VERTEX_POINT('',#8756);
#8756 = CARTESIAN_POINT('',(220.,-170.,-220.));
#8757 = SURFACE_CURVE('',#8758,(#8762,#8769),.PCURVE_S1.);
#8758 = LINE('',#8759,#8760);
#8759 = CARTESIAN_POINT('',(-220.,-170.,-220.));
#8760 = VECTOR('',#8761,1.);
#8761 = DIRECTION('',(1.,0.,-0.));
#8762 = PCURVE('',#8702,#8763);
#8763 = DEFINITIONAL_REPRESENTATION('',(#8764),#8768);
#8764 = LINE('',#8765,#8766);
#8765 = CARTESIAN_POINT('',(32.,-370.));
#8766 = VECTOR('',#8767,1.);
#8767 = DIRECTION('',(0.,1.));
#8768 = ( GEOMETRIC_REPRESENTATION_CONTEXT(2) 
PARAMETRIC_REPRESENTATION_CONTEXT() REPRESENTATION_CONTEXT('2D SPACE',''
  ) );
#8769 = PCURVE('',#8770,#8775);
#8770 = PLANE('',#8771);
#8771 = AXIS2_PLACEMENT_3D('',#8772,#8773,#8774);
#8772 = CARTESIAN_POINT('',(150.,-240.,-220.));
#8773 = DIRECTION('',(0.,0.,1.));
#8774 = DIRECTION('',(1.,0.,-0.));
#8775 = DEFINITIONAL_REPRESENTATION('',(#8776),#8780);
#8776 = LINE('',#8777,#8778);
#8777 = CARTESIAN_POINT('',(-370.,70.));
#8778 = VECTOR('',#8779,1.);
#8779 = DIRECTION('',(1.,0.));
#8780 = ( GEOMETRIC_REPRESENTATION_CONTEXT(2) 
PARAMETRIC_REPRESENTATION_CONTEXT() REPRESENTATION_CONTEXT('2D SPACE',''
  ) );
#8781 = ORIENTED_EDGE('',*,*,#8782,.F.);
#8782 = EDGE_CURVE('',#8694,#8755,#8783,.T.);
#8783 = SURFACE_CURVE('',#8784,(#8788,#8795),.PCURVE_S1.);
#8784 = LINE('',#8785,#8786);
#8785 = CARTESIAN_POINT('',(220.,-170.,-252.));
#8786 = VECTOR('',#8787,1.);
#8787 = DIRECTION('',(0.,0.,1.));
#8788 = PCURVE('',#8702,#8789);
#8789 = DEFINITIONAL_REPRESENTATION('',(#8790),#8794);
#8790 = LINE('',#8791,#8792);
#8791 = CARTESIAN_POINT('',(0.,70.));
#8792 = VECTOR('',#8793,1.);
#8793 = DIRECTION('',(1.,0.));
#8794 = ( GEOMETRIC_REPRESENTATION_CONTEXT(2) 
PARAMETRIC_REPRESENTATION_CONTEXT() REPRESENTATION_CONTEXT('2D SPACE',''
  ) );
#8795 = PCURVE('',#8796,#8801);
#8796 = PLANE('',#8797);
#8797 = AXIS2_PLACEMENT_3D('',#8798,#8799,#8800);
#8798 = CARTESIAN_POINT('',(220.,-240.,-252.));
#8799 = DIRECTION('',(1.,0.,-0.));
#8800 = DIRECTION('',(0.,0.,1.));
#8801 = DEFINITIONAL_REPRESENTATION('',(#8802),#8806);
#8802 = LINE('',#8803,#8804);
#8803 = CARTESIAN_POINT('',(0.,-70.));
#8804 = VECTOR('',#8805,1.);
#8805 = DIRECTION('',(1.,0.));
#8806 = ( GEOMETRIC_REPRESENTATION_CONTEXT(2) 
PARAMETRIC_REPRESENTATION_CONTEXT() REPRESENTATION_CONTEXT('2D SPACE',''
  ) );
#8807 = ADVANCED_FACE('',(#8808,#8883),#8714,.F.);
#8808 = FACE_BOUND('',#8809,.F.);
#8809 = EDGE_LOOP('',(#8810,#8833,#8861,#8882));
#8810 = ORIENTED_EDGE('',*,*,#8811,.F.);
#8811 = EDGE_CURVE('',#8812,#8692,#8814,.T.);
#8812 = VERTEX_POINT('',#8813);
#8813 = CARTESIAN_POINT('',(150.,-240.,-252.));
#8814 = SURFACE_CURVE('',#8815,(#8819,#8826),.PCURVE_S1.);
#8815 = LINE('',#8816,#8817);
#8816 = CARTESIAN_POINT('',(150.,-240.,-252.));
#8817 = VECTOR('',#8818,1.);
#8818 = DIRECTION('',(-0.,1.,0.));
#8819 = PCURVE('',#8714,#8820);
#8820 = DEFINITIONAL_REPRESENTATION('',(#8821),#8825);
#8821 = LINE('',#8822,#8823);
#8822 = CARTESIAN_POINT('',(0.,0.));
#8823 = VECTOR('',#8824,1.);
#8824 = DIRECTION('',(0.,1.));
#8825 = ( GEOMETRIC_REPRESENTATION_CONTEXT(2) 
PARAMETRIC_REPRESENTATION_CONTEXT() REPRESENTATION_CONTEXT('2D SPACE',''
  ) );
#8826 = PCURVE('',#8742,#8827);
#8827 = DEFINITIONAL_REPRESENTATION('',(#8828),#8832);
#8828 = LINE('',#8829,#8830);
#8829 = CARTESIAN_POINT('',(0.,0.));
#8830 = VECTOR('',#8831,1.);
#8831 = DIRECTION('',(0.,-1.));
#8832 = ( GEOMETRIC_REPRESENTATION_CONTEXT(2) 
PARAMETRIC_REPRESENTATION_CONTEXT() REPRESENTATION_CONTEXT('2D SPACE',''
  ) );
#8833 = ORIENTED_EDGE('',*,*,#8834,.T.);
#8834 = EDGE_CURVE('',#8812,#8835,#8837,.T.);
#8835 = VERTEX_POINT('',#8836);
#8836 = CARTESIAN_POINT('',(220.,-240.,-252.));
#8837 = SURFACE_CURVE('',#8838,(#8842,#8849),.PCURVE_S1.);
#8838 = LINE('',#8839,#8840);
#8839 = CARTESIAN_POINT('',(150.,-240.,-252.));
#8840 = VECTOR('',#8841,1.);
#8841 = DIRECTION('',(1.,0.,-0.));
#8842 = PCURVE('',#8714,#8843);
#8843 = DEFINITIONAL_REPRESENTATION('',(#8844),#8848);
#8844 = LINE('',#8845,#8846);
#8845 = CARTESIAN_POINT('',(0.,0.));
#8846 = VECTOR('',#8847,1.);
#8847 = DIRECTION('',(1.,0.));
#8848 = ( GEOMETRIC_REPRESENTATION_CONTEXT(2) 
PARAMETRIC_REPRESENTATION_CONTEXT() REPRESENTATION_CONTEXT('2D SPACE',''
  ) );
#8849 = PCURVE('',#8850,#8855);
#8850 = PLANE('',#8851);
#8851 = AXIS2_PLACEMENT_3D('',#8852,#8853,#8854);
#8852 = CARTESIAN_POINT('',(150.,-240.,-252.));
#8853 = DIRECTION('',(-0.,1.,0.));
#8854 = DIRECTION('',(0.,0.,1.));
#8855 = DEFINITIONAL_REPRESENTATION('',(#8856),#8860);
#8856 = LINE('',#8857,#8858);
#8857 = CARTESIAN_POINT('',(0.,0.));
#8858 = VECTOR('',#8859,1.);
#8859 = DIRECTION('',(0.,1.));
#8860 = ( GEOMETRIC_REPRESENTATION_CONTEXT(2) 
PARAMETRIC_REPRESENTATION_CONTEXT() REPRESENTATION_CONTEXT('2D SPACE',''
  ) );
#8861 = ORIENTED_EDGE('',*,*,#8862,.T.);
#8862 = EDGE_CURVE('',#8835,#8694,#8863,.T.);
#8863 = SURFACE_CURVE('',#8864,(#8868,#8875),.PCURVE_S1.);
#8864 = LINE('',#8865,#8866);
#8865 = CARTESIAN_POINT('',(220.,-240.,-252.));
#8866 = VECTOR('',#8867,1.);
#8867 = DIRECTION('',(-0.,1.,0.));
#8868 = PCURVE('',#8714,#8869);
#8869 = DEFINITIONAL_REPRESENTATION('',(#8870),#8874);
#8870 = LINE('',#8871,#8872);
#8871 = CARTESIAN_POINT('',(70.,0.));
#8872 = VECTOR('',#8873,1.);
#8873 = DIRECTION('',(0.,1.));
#8874 = ( GEOMETRIC_REPRESENTATION_CONTEXT(2) 
PARAMETRIC_REPRESENTATION_CONTEXT() REPRESENTATION_CONTEXT('2D SPACE',''
  ) );
#8875 = PCURVE('',#8796,#8876);
#8876 = DEFINITIONAL_REPRESENTATION('',(#8877),#8881);
#8877 = LINE('',#8878,#8879);
#8878 = CARTESIAN_POINT('',(0.,0.));
#8879 = VECTOR('',#8880,1.);
#8880 = DIRECTION('',(0.,-1.));
#8881 = ( GEOMETRIC_REPRESENTATION_CONTEXT(2) 
PARAMETRIC_REPRESENTATION_CONTEXT() REPRESENTATION_CONTEXT('2D SPACE',''
  ) );
#8882 = ORIENTED_EDGE('',*,*,#8691,.F.);
#8883 = FACE_BOUND('',#8884,.F.);
#8884 = EDGE_LOOP('',(#8885));
#8885 = ORIENTED_EDGE('',*,*,#8886,.F.);
#8886 = EDGE_CURVE('',#8887,#8887,#8889,.T.);
#8887 = VERTEX_POINT('',#8888);
#8888 = CARTESIAN_POINT('',(194.,-205.,-252.));
#8889 = SURFACE_CURVE('',#8890,(#8895,#8902),.PCURVE_S1.);
#8890 = CIRCLE('',#8891,9.);
#8891 = AXIS2_PLACEMENT_3D('',#8892,#8893,#8894);
#8892 = CARTESIAN_POINT('',(185.,-205.,-252.));
#8893 = DIRECTION('',(0.,0.,1.));
#8894 = DIRECTION('',(1.,0.,-0.));
#8895 = PCURVE('',#8714,#8896);
#8896 = DEFINITIONAL_REPRESENTATION('',(#8897),#8901);
#8897 = CIRCLE('',#8898,9.);
#8898 = AXIS2_PLACEMENT_2D('',#8899,#8900);
#8899 = CARTESIAN_POINT('',(35.,35.));
#8900 = DIRECTION('',(1.,0.));
#8901 = ( GEOMETRIC_REPRESENTATION_CONTEXT(2) 
PARAMETRIC_REPRESENTATION_CONTEXT() REPRESENTATION_CONTEXT('2D SPACE',''
  ) );
#8902 = PCURVE('',#8903,#8908);
#8903 = CYLINDRICAL_SURFACE('',#8904,9.);
#8904 = AXIS2_PLACEMENT_3D('',#8905,#8906,#8907);
#8905 = CARTESIAN_POINT('',(185.,-205.,-254.));
#8906 = DIRECTION('',(0.,0.,1.));
#8907 = DIRECTION('',(1.,0.,-0.));
#8908 = DEFINITIONAL_REPRESENTATION('',(#8909),#8913);
#8909 = LINE('',#8910,#8911);
#8910 = CARTESIAN_POINT('',(0.,2.));
#8911 = VECTOR('',#8912,1.);
#8912 = DIRECTION('',(1.,0.));
#8913 = ( GEOMETRIC_REPRESENTATION_CONTEXT(2) 
PARAMETRIC_REPRESENTATION_CONTEXT() REPRESENTATION_CONTEXT('2D SPACE',''
  ) );
#8914 = ADVANCED_FACE('',(#8915),#8796,.T.);
#8915 = FACE_BOUND('',#8916,.T.);
#8916 = EDGE_LOOP('',(#8917,#8940,#8941,#8942));
#8917 = ORIENTED_EDGE('',*,*,#8918,.F.);
#8918 = EDGE_CURVE('',#8835,#8919,#8921,.T.);
#8919 = VERTEX_POINT('',#8920);
#8920 = CARTESIAN_POINT('',(220.,-240.,-220.));
#8921 = SURFACE_CURVE('',#8922,(#8926,#8933),.PCURVE_S1.);
#8922 = LINE('',#8923,#8924);
#8923 = CARTESIAN_POINT('',(220.,-240.,-252.));
#8924 = VECTOR('',#8925,1.);
#8925 = DIRECTION('',(0.,0.,1.));
#8926 = PCURVE('',#8796,#8927);
#8927 = DEFINITIONAL_REPRESENTATION('',(#8928),#8932);
#8928 = LINE('',#8929,#8930);
#8929 = CARTESIAN_POINT('',(0.,0.));
#8930 = VECTOR('',#8931,1.);
#8931 = DIRECTION('',(1.,0.));
#8932 = ( GEOMETRIC_REPRESENTATION_CONTEXT(2) 
PARAMETRIC_REPRESENTATION_CONTEXT() REPRESENTATION_CONTEXT('2D SPACE',''
  ) );
#8933 = PCURVE('',#8850,#8934);
#8934 = DEFINITIONAL_REPRESENTATION('',(#8935),#8939);
#8935 = LINE('',#8936,#8937);
#8936 = CARTESIAN_POINT('',(0.,70.));
#8937 = VECTOR('',#8938,1.);
#8938 = DIRECTION('',(1.,0.));
#8939 = ( GEOMETRIC_REPRESENTATION_CONTEXT(2) 
PARAMETRIC_REPRESENTATION_CONTEXT() REPRESENTATION_CONTEXT('2D SPACE',''
  ) );
#8940 = ORIENTED_EDGE('',*,*,#8862,.T.);
#8941 = ORIENTED_EDGE('',*,*,#8782,.T.);
#8942 = ORIENTED_EDGE('',*,*,#8943,.F.);
#8943 = EDGE_CURVE('',#8919,#8755,#8944,.T.);
#8944 = SURFACE_CURVE('',#8945,(#8949,#8956),.PCURVE_S1.);
#8945 = LINE('',#8946,#8947);
#8946 = CARTESIAN_POINT('',(220.,-240.,-220.));
#8947 = VECTOR('',#8948,1.);
#8948 = DIRECTION('',(-0.,1.,0.));
#8949 = PCURVE('',#8796,#8950);
#8950 = DEFINITIONAL_REPRESENTATION('',(#8951),#8955);
#8951 = LINE('',#8952,#8953);
#8952 = CARTESIAN_POINT('',(32.,0.));
#8953 = VECTOR('',#8954,1.);
#8954 = DIRECTION('',(0.,-1.));
#8955 = ( GEOMETRIC_REPRESENTATION_CONTEXT(2) 
PARAMETRIC_REPRESENTATION_CONTEXT() REPRESENTATION_CONTEXT('2D SPACE',''
  ) );
#8956 = PCURVE('',#8770,#8957);
#8957 = DEFINITIONAL_REPRESENTATION('',(#8958),#8962);
#8958 = LINE('',#8959,#8960);
#8959 = CARTESIAN_POINT('',(70.,0.));
#8960 = VECTOR('',#8961,1.);
#8961 = DIRECTION('',(0.,1.));
#8962 = ( GEOMETRIC_REPRESENTATION_CONTEXT(2) 
PARAMETRIC_REPRESENTATION_CONTEXT() REPRESENTATION_CONTEXT('2D SPACE',''
  ) );
#8963 = ADVANCED_FACE('',(#8964,#9012),#8770,.T.);
#8964 = FACE_BOUND('',#8965,.T.);
#8965 = EDGE_LOOP('',(#8966,#8989,#9010,#9011));
#8966 = ORIENTED_EDGE('',*,*,#8967,.F.);
#8967 = EDGE_CURVE('',#8968,#8727,#8970,.T.);
#8968 = VERTEX_POINT('',#8969);
#8969 = CARTESIAN_POINT('',(150.,-240.,-220.));
#8970 = SURFACE_CURVE('',#8971,(#8975,#8982),.PCURVE_S1.);
#8971 = LINE('',#8972,#8973);
#8972 = CARTESIAN_POINT('',(150.,-240.,-220.));
#8973 = VECTOR('',#8974,1.);
#8974 = DIRECTION('',(-0.,1.,0.));
#8975 = PCURVE('',#8770,#8976);
#8976 = DEFINITIONAL_REPRESENTATION('',(#8977),#8981);
#8977 = LINE('',#8978,#8979);
#8978 = CARTESIAN_POINT('',(0.,0.));
#8979 = VECTOR('',#8980,1.);
#8980 = DIRECTION('',(0.,1.));
#8981 = ( GEOMETRIC_REPRESENTATION_CONTEXT(2) 
PARAMETRIC_REPRESENTATION_CONTEXT() REPRESENTATION_CONTEXT('2D SPACE',''
  ) );
#8982 = PCURVE('',#8742,#8983);
#8983 = DEFINITIONAL_REPRESENTATION('',(#8984),#8988);
#8984 = LINE('',#8985,#8986);
#8985 = CARTESIAN_POINT('',(32.,0.));
#8986 = VECTOR('',#8987,1.);
#8987 = DIRECTION('',(0.,-1.));
#8988 = ( GEOMETRIC_REPRESENTATION_CONTEXT(2) 
PARAMETRIC_REPRESENTATION_CONTEXT() REPRESENTATION_CONTEXT('2D SPACE',''
  ) );
#8989 = ORIENTED_EDGE('',*,*,#8990,.T.);
#8990 = EDGE_CURVE('',#8968,#8919,#8991,.T.);
#8991 = SURFACE_CURVE('',#8992,(#8996,#9003),.PCURVE_S1.);
#8992 = LINE('',#8993,#8994);
#8993 = CARTESIAN_POINT('',(150.,-240.,-220.));
#8994 = VECTOR('',#8995,1.);
#8995 = DIRECTION('',(1.,0.,-0.));
#8996 = PCURVE('',#8770,#8997);
#8997 = DEFINITIONAL_REPRESENTATION('',(#8998),#9002);
#8998 = LINE('',#8999,#9000);
#8999 = CARTESIAN_POINT('',(0.,0.));
#9000 = VECTOR('',#9001,1.);
#9001 = DIRECTION('',(1.,0.));
#9002 = ( GEOMETRIC_REPRESENTATION_CONTEXT(2) 
PARAMETRIC_REPRESENTATION_CONTEXT() REPRESENTATION_CONTEXT('2D SPACE',''
  ) );
#9003 = PCURVE('',#8850,#9004);
#9004 = DEFINITIONAL_REPRESENTATION('',(#9005),#9009);
#9005 = LINE('',#9006,#9007);
#9006 = CARTESIAN_POINT('',(32.,0.));
#9007 = VECTOR('',#9008,1.);
#9008 = DIRECTION('',(0.,1.));
#9009 = ( GEOMETRIC_REPRESENTATION_CONTEXT(2) 
PARAMETRIC_REPRESENTATION_CONTEXT() REPRESENTATION_CONTEXT('2D SPACE',''
  ) );
#9010 = ORIENTED_EDGE('',*,*,#8943,.T.);
#9011 = ORIENTED_EDGE('',*,*,#8754,.F.);
#9012 = FACE_BOUND('',#9013,.T.);
#9013 = EDGE_LOOP('',(#9014));
#9014 = ORIENTED_EDGE('',*,*,#9015,.F.);
#9015 = EDGE_CURVE('',#9016,#9016,#9018,.T.);
#9016 = VERTEX_POINT('',#9017);
#9017 = CARTESIAN_POINT('',(194.,-205.,-220.));
#9018 = SURFACE_CURVE('',#9019,(#9024,#9031),.PCURVE_S1.);
#9019 = CIRCLE('',#9020,9.);
#9020 = AXIS2_PLACEMENT_3D('',#9021,#9022,#9023);
#9021 = CARTESIAN_POINT('',(185.,-205.,-220.));
#9022 = DIRECTION('',(0.,0.,1.));
#9023 = DIRECTION('',(1.,0.,-0.));
#9024 = PCURVE('',#8770,#9025);
#9025 = DEFINITIONAL_REPRESENTATION('',(#9026),#9030);
#9026 = CIRCLE('',#9027,9.);
#9027 = AXIS2_PLACEMENT_2D('',#9028,#9029);
#9028 = CARTESIAN_POINT('',(35.,35.));
#9029 = DIRECTION('',(1.,0.));
#9030 = ( GEOMETRIC_REPRESENTATION_CONTEXT(2) 
PARAMETRIC_REPRESENTATION_CONTEXT() REPRESENTATION_CONTEXT('2D SPACE',''
  ) );
#9031 = PCURVE('',#8903,#9032);
#9032 = DEFINITIONAL_REPRESENTATION('',(#9033),#9037);
#9033 = LINE('',#9034,#9035);
#9034 = CARTESIAN_POINT('',(0.,34.));
#9035 = VECTOR('',#9036,1.);
#9036 = DIRECTION('',(1.,0.));
#9037 = ( GEOMETRIC_REPRESENTATION_CONTEXT(2) 
PARAMETRIC_REPRESENTATION_CONTEXT() REPRESENTATION_CONTEXT('2D SPACE',''
  ) );
#9038 = ADVANCED_FACE('',(#9039),#8742,.F.);
#9039 = FACE_BOUND('',#9040,.F.);
#9040 = EDGE_LOOP('',(#9041,#9062,#9063,#9064));
#9041 = ORIENTED_EDGE('',*,*,#9042,.F.);
#9042 = EDGE_CURVE('',#8812,#8968,#9043,.T.);
#9043 = SURFACE_CURVE('',#9044,(#9048,#9055),.PCURVE_S1.);
#9044 = LINE('',#9045,#9046);
#9045 = CARTESIAN_POINT('',(150.,-240.,-252.));
#9046 = VECTOR('',#9047,1.);
#9047 = DIRECTION('',(0.,0.,1.));
#9048 = PCURVE('',#8742,#9049);
#9049 = DEFINITIONAL_REPRESENTATION('',(#9050),#9054);
#9050 = LINE('',#9051,#9052);
#9051 = CARTESIAN_POINT('',(0.,0.));
#9052 = VECTOR('',#9053,1.);
#9053 = DIRECTION('',(1.,0.));
#9054 = ( GEOMETRIC_REPRESENTATION_CONTEXT(2) 
PARAMETRIC_REPRESENTATION_CONTEXT() REPRESENTATION_CONTEXT('2D SPACE',''
  ) );
#9055 = PCURVE('',#8850,#9056);
#9056 = DEFINITIONAL_REPRESENTATION('',(#9057),#9061);
#9057 = LINE('',#9058,#9059);
#9058 = CARTESIAN_POINT('',(0.,0.));
#9059 = VECTOR('',#9060,1.);
#9060 = DIRECTION('',(1.,0.));
#9061 = ( GEOMETRIC_REPRESENTATION_CONTEXT(2) 
PARAMETRIC_REPRESENTATION_CONTEXT() REPRESENTATION_CONTEXT('2D SPACE',''
  ) );
#9062 = ORIENTED_EDGE('',*,*,#8811,.T.);
#9063 = ORIENTED_EDGE('',*,*,#8726,.T.);
#9064 = ORIENTED_EDGE('',*,*,#8967,.F.);
#9065 = ADVANCED_FACE('',(#9066),#8850,.F.);
#9066 = FACE_BOUND('',#9067,.F.);
#9067 = EDGE_LOOP('',(#9068,#9069,#9070,#9071));
#9068 = ORIENTED_EDGE('',*,*,#8834,.F.);
#9069 = ORIENTED_EDGE('',*,*,#9042,.T.);
#9070 = ORIENTED_EDGE('',*,*,#8990,.T.);
#9071 = ORIENTED_EDGE('',*,*,#8918,.F.);
#9072 = ADVANCED_FACE('',(#9073),#8903,.F.);
#9073 = FACE_BOUND('',#9074,.F.);
#9074 = EDGE_LOOP('',(#9075,#9076,#9097,#9098));
#9075 = ORIENTED_EDGE('',*,*,#9015,.F.);
#9076 = ORIENTED_EDGE('',*,*,#9077,.F.);
#9077 = EDGE_CURVE('',#8887,#9016,#9078,.T.);
#9078 = SEAM_CURVE('',#9079,(#9083,#9090),.PCURVE_S1.);
#9079 = LINE('',#9080,#9081);
#9080 = CARTESIAN_POINT('',(194.,-205.,-254.));
#9081 = VECTOR('',#9082,1.);
#9082 = DIRECTION('',(0.,0.,1.));
#9083 = PCURVE('',#8903,#9084);
#9084 = DEFINITIONAL_REPRESENTATION('',(#9085),#9089);
#9085 = LINE('',#9086,#9087);
#9086 = CARTESIAN_POINT('',(6.28318530718,-0.));
#9087 = VECTOR('',#9088,1.);
#9088 = DIRECTION('',(0.,1.));
#9089 = ( GEOMETRIC_REPRESENTATION_CONTEXT(2) 
PARAMETRIC_REPRESENTATION_CONTEXT() REPRESENTATION_CONTEXT('2D SPACE',''
  ) );
#9090 = PCURVE('',#8903,#9091);
#9091 = DEFINITIONAL_REPRESENTATION('',(#9092),#9096);
#9092 = LINE('',#9093,#9094);
#9093 = CARTESIAN_POINT('',(0.,-0.));
#9094 = VECTOR('',#9095,1.);
#9095 = DIRECTION('',(0.,1.));
#9096 = ( GEOMETRIC_REPRESENTATION_CONTEXT(2) 
PARAMETRIC_REPRESENTATION_CONTEXT() REPRESENTATION_CONTEXT('2D SPACE',''
  ) );
#9097 = ORIENTED_EDGE('',*,*,#8886,.T.);
#9098 = ORIENTED_EDGE('',*,*,#9077,.T.);
#9099 = MANIFOLD_SOLID_BREP('',#9100);
#9100 = CLOSED_SHELL('',(#9101,#9221,#9328,#9377,#9452,#9479,#9486));
#9101 = ADVANCED_FACE('',(#9102),#9116,.F.);
#9102 = FACE_BOUND('',#9103,.F.);
#9103 = EDGE_LOOP('',(#9104,#9139,#9167,#9195));
#9104 = ORIENTED_EDGE('',*,*,#9105,.F.);
#9105 = EDGE_CURVE('',#9106,#9108,#9110,.T.);
#9106 = VERTEX_POINT('',#9107);
#9107 = CARTESIAN_POINT('',(-220.,170.,-252.));
#9108 = VERTEX_POINT('',#9109);
#9109 = CARTESIAN_POINT('',(-150.,170.,-252.));
#9110 = SURFACE_CURVE('',#9111,(#9115,#9127),.PCURVE_S1.);
#9111 = LINE('',#9112,#9113);
#9112 = CARTESIAN_POINT('',(-220.,170.,-252.));
#9113 = VECTOR('',#9114,1.);
#9114 = DIRECTION('',(1.,0.,-0.));
#9115 = PCURVE('',#9116,#9121);
#9116 = PLANE('',#9117);
#9117 = AXIS2_PLACEMENT_3D('',#9118,#9119,#9120);
#9118 = CARTESIAN_POINT('',(-220.,170.,-252.));
#9119 = DIRECTION('',(-0.,1.,0.));
#9120 = DIRECTION('',(0.,0.,1.));
#9121 = DEFINITIONAL_REPRESENTATION('',(#9122),#9126);
#9122 = LINE('',#9123,#9124);
#9123 = CARTESIAN_POINT('',(0.,0.));
#9124 = VECTOR('',#9125,1.);
#9125 = DIRECTION('',(0.,1.));
#9126 = ( GEOMETRIC_REPRESENTATION_CONTEXT(2) 
PARAMETRIC_REPRESENTATION_CONTEXT() REPRESENTATION_CONTEXT('2D SPACE',''
  ) );
#9127 = PCURVE('',#9128,#9133);
#9128 = PLANE('',#9129);
#9129 = AXIS2_PLACEMENT_3D('',#9130,#9131,#9132);
#9130 = CARTESIAN_POINT('',(-220.,170.,-252.));
#9131 = DIRECTION('',(0.,0.,1.));
#9132 = DIRECTION('',(1.,0.,-0.));
#9133 = DEFINITIONAL_REPRESENTATION('',(#9134),#9138);
#9134 = LINE('',#9135,#9136);
#9135 = CARTESIAN_POINT('',(0.,0.));
#9136 = VECTOR('',#9137,1.);
#9137 = DIRECTION('',(1.,0.));
#9138 = ( GEOMETRIC_REPRESENTATION_CONTEXT(2) 
PARAMETRIC_REPRESENTATION_CONTEXT() REPRESENTATION_CONTEXT('2D SPACE',''
  ) );
#9139 = ORIENTED_EDGE('',*,*,#9140,.T.);
#9140 = EDGE_CURVE('',#9106,#9141,#9143,.T.);
#9141 = VERTEX_POINT('',#9142);
#9142 = CARTESIAN_POINT('',(-220.,170.,-220.));
#9143 = SURFACE_CURVE('',#9144,(#9148,#9155),.PCURVE_S1.);
#9144 = LINE('',#9145,#9146);
#9145 = CARTESIAN_POINT('',(-220.,170.,-252.));
#9146 = VECTOR('',#9147,1.);
#9147 = DIRECTION('',(0.,0.,1.));
#9148 = PCURVE('',#9116,#9149);
#9149 = DEFINITIONAL_REPRESENTATION('',(#9150),#9154);
#9150 = LINE('',#9151,#9152);
#9151 = CARTESIAN_POINT('',(0.,0.));
#9152 = VECTOR('',#9153,1.);
#9153 = DIRECTION('',(1.,0.));
#9154 = ( GEOMETRIC_REPRESENTATION_CONTEXT(2) 
PARAMETRIC_REPRESENTATION_CONTEXT() REPRESENTATION_CONTEXT('2D SPACE',''
  ) );
#9155 = PCURVE('',#9156,#9161);
#9156 = PLANE('',#9157);
#9157 = AXIS2_PLACEMENT_3D('',#9158,#9159,#9160);
#9158 = CARTESIAN_POINT('',(-220.,170.,-252.));
#9159 = DIRECTION('',(1.,0.,-0.));
#9160 = DIRECTION('',(0.,0.,1.));
#9161 = DEFINITIONAL_REPRESENTATION('',(#9162),#9166);
#9162 = LINE('',#9163,#9164);
#9163 = CARTESIAN_POINT('',(0.,0.));
#9164 = VECTOR('',#9165,1.);
#9165 = DIRECTION('',(1.,0.));
#9166 = ( GEOMETRIC_REPRESENTATION_CONTEXT(2) 
PARAMETRIC_REPRESENTATION_CONTEXT() REPRESENTATION_CONTEXT('2D SPACE',''
  ) );
#9167 = ORIENTED_EDGE('',*,*,#9168,.T.);
#9168 = EDGE_CURVE('',#9141,#9169,#9171,.T.);
#9169 = VERTEX_POINT('',#9170);
#9170 = CARTESIAN_POINT('',(-150.,170.,-220.));
#9171 = SURFACE_CURVE('',#9172,(#9176,#9183),.PCURVE_S1.);
#9172 = LINE('',#9173,#9174);
#9173 = CARTESIAN_POINT('',(-220.,170.,-220.));
#9174 = VECTOR('',#9175,1.);
#9175 = DIRECTION('',(1.,0.,-0.));
#9176 = PCURVE('',#9116,#9177);
#9177 = DEFINITIONAL_REPRESENTATION('',(#9178),#9182);
#9178 = LINE('',#9179,#9180);
#9179 = CARTESIAN_POINT('',(32.,0.));
#9180 = VECTOR('',#9181,1.);
#9181 = DIRECTION('',(0.,1.));
#9182 = ( GEOMETRIC_REPRESENTATION_CONTEXT(2) 
PARAMETRIC_REPRESENTATION_CONTEXT() REPRESENTATION_CONTEXT('2D SPACE',''
  ) );
#9183 = PCURVE('',#9184,#9189);
#9184 = PLANE('',#9185);
#9185 = AXIS2_PLACEMENT_3D('',#9186,#9187,#9188);
#9186 = CARTESIAN_POINT('',(-220.,170.,-220.));
#9187 = DIRECTION('',(0.,0.,1.));
#9188 = DIRECTION('',(1.,0.,-0.));
#9189 = DEFINITIONAL_REPRESENTATION('',(#9190),#9194);
#9190 = LINE('',#9191,#9192);
#9191 = CARTESIAN_POINT('',(0.,0.));
#9192 = VECTOR('',#9193,1.);
#9193 = DIRECTION('',(1.,0.));
#9194 = ( GEOMETRIC_REPRESENTATION_CONTEXT(2) 
PARAMETRIC_REPRESENTATION_CONTEXT() REPRESENTATION_CONTEXT('2D SPACE',''
  ) );
#9195 = ORIENTED_EDGE('',*,*,#9196,.F.);
#9196 = EDGE_CURVE('',#9108,#9169,#9197,.T.);
#9197 = SURFACE_CURVE('',#9198,(#9202,#9209),.PCURVE_S1.);
#9198 = LINE('',#9199,#9200);
#9199 = CARTESIAN_POINT('',(-150.,170.,-252.));
#9200 = VECTOR('',#9201,1.);
#9201 = DIRECTION('',(0.,0.,1.));
#9202 = PCURVE('',#9116,#9203);
#9203 = DEFINITIONAL_REPRESENTATION('',(#9204),#9208);
#9204 = LINE('',#9205,#9206);
#9205 = CARTESIAN_POINT('',(0.,70.));
#9206 = VECTOR('',#9207,1.);
#9207 = DIRECTION('',(1.,0.));
#9208 = ( GEOMETRIC_REPRESENTATION_CONTEXT(2) 
PARAMETRIC_REPRESENTATION_CONTEXT() REPRESENTATION_CONTEXT('2D SPACE',''
  ) );
#9209 = PCURVE('',#9210,#9215);
#9210 = PLANE('',#9211);
#9211 = AXIS2_PLACEMENT_3D('',#9212,#9213,#9214);
#9212 = CARTESIAN_POINT('',(-150.,170.,-252.));
#9213 = DIRECTION('',(1.,0.,-0.));
#9214 = DIRECTION('',(0.,0.,1.));
#9215 = DEFINITIONAL_REPRESENTATION('',(#9216),#9220);
#9216 = LINE('',#9217,#9218);
#9217 = CARTESIAN_POINT('',(0.,0.));
#9218 = VECTOR('',#9219,1.);
#9219 = DIRECTION('',(1.,0.));
#9220 = ( GEOMETRIC_REPRESENTATION_CONTEXT(2) 
PARAMETRIC_REPRESENTATION_CONTEXT() REPRESENTATION_CONTEXT('2D SPACE',''
  ) );
#9221 = ADVANCED_FACE('',(#9222,#9297),#9128,.F.);
#9222 = FACE_BOUND('',#9223,.F.);
#9223 = EDGE_LOOP('',(#9224,#9247,#9248,#9271));
#9224 = ORIENTED_EDGE('',*,*,#9225,.F.);
#9225 = EDGE_CURVE('',#9106,#9226,#9228,.T.);
#9226 = VERTEX_POINT('',#9227);
#9227 = CARTESIAN_POINT('',(-220.,240.,-252.));
#9228 = SURFACE_CURVE('',#9229,(#9233,#9240),.PCURVE_S1.);
#9229 = LINE('',#9230,#9231);
#9230 = CARTESIAN_POINT('',(-220.,170.,-252.));
#9231 = VECTOR('',#9232,1.);
#9232 = DIRECTION('',(-0.,1.,0.));
#9233 = PCURVE('',#9128,#9234);
#9234 = DEFINITIONAL_REPRESENTATION('',(#9235),#9239);
#9235 = LINE('',#9236,#9237);
#9236 = CARTESIAN_POINT('',(0.,0.));
#9237 = VECTOR('',#9238,1.);
#9238 = DIRECTION('',(0.,1.));
#9239 = ( GEOMETRIC_REPRESENTATION_CONTEXT(2) 
PARAMETRIC_REPRESENTATION_CONTEXT() REPRESENTATION_CONTEXT('2D SPACE',''
  ) );
#9240 = PCURVE('',#9156,#9241);
#9241 = DEFINITIONAL_REPRESENTATION('',(#9242),#9246);
#9242 = LINE('',#9243,#9244);
#9243 = CARTESIAN_POINT('',(0.,0.));
#9244 = VECTOR('',#9245,1.);
#9245 = DIRECTION('',(0.,-1.));
#9246 = ( GEOMETRIC_REPRESENTATION_CONTEXT(2) 
PARAMETRIC_REPRESENTATION_CONTEXT() REPRESENTATION_CONTEXT('2D SPACE',''
  ) );
#9247 = ORIENTED_EDGE('',*,*,#9105,.T.);
#9248 = ORIENTED_EDGE('',*,*,#9249,.T.);
#9249 = EDGE_CURVE('',#9108,#9250,#9252,.T.);
#9250 = VERTEX_POINT('',#9251);
#9251 = CARTESIAN_POINT('',(-150.,240.,-252.));
#9252 = SURFACE_CURVE('',#9253,(#9257,#9264),.PCURVE_S1.);
#9253 = LINE('',#9254,#9255);
#9254 = CARTESIAN_POINT('',(-150.,170.,-252.));
#9255 = VECTOR('',#9256,1.);
#9256 = DIRECTION('',(-0.,1.,0.));
#9257 = PCURVE('',#9128,#9258);
#9258 = DEFINITIONAL_REPRESENTATION('',(#9259),#9263);
#9259 = LINE('',#9260,#9261);
#9260 = CARTESIAN_POINT('',(70.,0.));
#9261 = VECTOR('',#9262,1.);
#9262 = DIRECTION('',(0.,1.));
#9263 = ( GEOMETRIC_REPRESENTATION_CONTEXT(2) 
PARAMETRIC_REPRESENTATION_CONTEXT() REPRESENTATION_CONTEXT('2D SPACE',''
  ) );
#9264 = PCURVE('',#9210,#9265);
#9265 = DEFINITIONAL_REPRESENTATION('',(#9266),#9270);
#9266 = LINE('',#9267,#9268);
#9267 = CARTESIAN_POINT('',(0.,0.));
#9268 = VECTOR('',#9269,1.);
#9269 = DIRECTION('',(0.,-1.));
#9270 = ( GEOMETRIC_REPRESENTATION_CONTEXT(2) 
PARAMETRIC_REPRESENTATION_CONTEXT() REPRESENTATION_CONTEXT('2D SPACE',''
  ) );
#9271 = ORIENTED_EDGE('',*,*,#9272,.F.);
#9272 = EDGE_CURVE('',#9226,#9250,#9273,.T.);
#9273 = SURFACE_CURVE('',#9274,(#9278,#9285),.PCURVE_S1.);
#9274 = LINE('',#9275,#9276);
#9275 = CARTESIAN_POINT('',(-220.,240.,-252.));
#9276 = VECTOR('',#9277,1.);
#9277 = DIRECTION('',(1.,0.,-0.));
#9278 = PCURVE('',#9128,#9279);
#9279 = DEFINITIONAL_REPRESENTATION('',(#9280),#9284);
#9280 = LINE('',#9281,#9282);
#9281 = CARTESIAN_POINT('',(0.,70.));
#9282 = VECTOR('',#9283,1.);
#9283 = DIRECTION('',(1.,0.));
#9284 = ( GEOMETRIC_REPRESENTATION_CONTEXT(2) 
PARAMETRIC_REPRESENTATION_CONTEXT() REPRESENTATION_CONTEXT('2D SPACE',''
  ) );
#9285 = PCURVE('',#9286,#9291);
#9286 = PLANE('',#9287);
#9287 = AXIS2_PLACEMENT_3D('',#9288,#9289,#9290);
#9288 = CARTESIAN_POINT('',(-220.,240.,-252.));
#9289 = DIRECTION('',(-0.,1.,0.));
#9290 = DIRECTION('',(0.,0.,1.));
#9291 = DEFINITIONAL_REPRESENTATION('',(#9292),#9296);
#9292 = LINE('',#9293,#9294);
#9293 = CARTESIAN_POINT('',(0.,0.));
#9294 = VECTOR('',#9295,1.);
#9295 = DIRECTION('',(0.,1.));
#9296 = ( GEOMETRIC_REPRESENTATION_CONTEXT(2) 
PARAMETRIC_REPRESENTATION_CONTEXT() REPRESENTATION_CONTEXT('2D SPACE',''
  ) );
#9297 = FACE_BOUND('',#9298,.F.);
#9298 = EDGE_LOOP('',(#9299));
#9299 = ORIENTED_EDGE('',*,*,#9300,.F.);
#9300 = EDGE_CURVE('',#9301,#9301,#9303,.T.);
#9301 = VERTEX_POINT('',#9302);
#9302 = CARTESIAN_POINT('',(-176.,205.,-252.));
#9303 = SURFACE_CURVE('',#9304,(#9309,#9316),.PCURVE_S1.);
#9304 = CIRCLE('',#9305,9.);
#9305 = AXIS2_PLACEMENT_3D('',#9306,#9307,#9308);
#9306 = CARTESIAN_POINT('',(-185.,205.,-252.));
#9307 = DIRECTION('',(0.,0.,1.));
#9308 = DIRECTION('',(1.,0.,-0.));
#9309 = PCURVE('',#9128,#9310);
#9310 = DEFINITIONAL_REPRESENTATION('',(#9311),#9315);
#9311 = CIRCLE('',#9312,9.);
#9312 = AXIS2_PLACEMENT_2D('',#9313,#9314);
#9313 = CARTESIAN_POINT('',(35.,35.));
#9314 = DIRECTION('',(1.,0.));
#9315 = ( GEOMETRIC_REPRESENTATION_CONTEXT(2) 
PARAMETRIC_REPRESENTATION_CONTEXT() REPRESENTATION_CONTEXT('2D SPACE',''
  ) );
#9316 = PCURVE('',#9317,#9322);
#9317 = CYLINDRICAL_SURFACE('',#9318,9.);
#9318 = AXIS2_PLACEMENT_3D('',#9319,#9320,#9321);
#9319 = CARTESIAN_POINT('',(-185.,205.,-254.));
#9320 = DIRECTION('',(0.,0.,1.));
#9321 = DIRECTION('',(1.,0.,-0.));
#9322 = DEFINITIONAL_REPRESENTATION('',(#9323),#9327);
#9323 = LINE('',#9324,#9325);
#9324 = CARTESIAN_POINT('',(0.,2.));
#9325 = VECTOR('',#9326,1.);
#9326 = DIRECTION('',(1.,0.));
#9327 = ( GEOMETRIC_REPRESENTATION_CONTEXT(2) 
PARAMETRIC_REPRESENTATION_CONTEXT() REPRESENTATION_CONTEXT('2D SPACE',''
  ) );
#9328 = ADVANCED_FACE('',(#9329),#9210,.T.);
#9329 = FACE_BOUND('',#9330,.T.);
#9330 = EDGE_LOOP('',(#9331,#9332,#9333,#9356));
#9331 = ORIENTED_EDGE('',*,*,#9196,.F.);
#9332 = ORIENTED_EDGE('',*,*,#9249,.T.);
#9333 = ORIENTED_EDGE('',*,*,#9334,.T.);
#9334 = EDGE_CURVE('',#9250,#9335,#9337,.T.);
#9335 = VERTEX_POINT('',#9336);
#9336 = CARTESIAN_POINT('',(-150.,240.,-220.));
#9337 = SURFACE_CURVE('',#9338,(#9342,#9349),.PCURVE_S1.);
#9338 = LINE('',#9339,#9340);
#9339 = CARTESIAN_POINT('',(-150.,240.,-252.));
#9340 = VECTOR('',#9341,1.);
#9341 = DIRECTION('',(0.,0.,1.));
#9342 = PCURVE('',#9210,#9343);
#9343 = DEFINITIONAL_REPRESENTATION('',(#9344),#9348);
#9344 = LINE('',#9345,#9346);
#9345 = CARTESIAN_POINT('',(0.,-70.));
#9346 = VECTOR('',#9347,1.);
#9347 = DIRECTION('',(1.,0.));
#9348 = ( GEOMETRIC_REPRESENTATION_CONTEXT(2) 
PARAMETRIC_REPRESENTATION_CONTEXT() REPRESENTATION_CONTEXT('2D SPACE',''
  ) );
#9349 = PCURVE('',#9286,#9350);
#9350 = DEFINITIONAL_REPRESENTATION('',(#9351),#9355);
#9351 = LINE('',#9352,#9353);
#9352 = CARTESIAN_POINT('',(0.,70.));
#9353 = VECTOR('',#9354,1.);
#9354 = DIRECTION('',(1.,0.));
#9355 = ( GEOMETRIC_REPRESENTATION_CONTEXT(2) 
PARAMETRIC_REPRESENTATION_CONTEXT() REPRESENTATION_CONTEXT('2D SPACE',''
  ) );
#9356 = ORIENTED_EDGE('',*,*,#9357,.F.);
#9357 = EDGE_CURVE('',#9169,#9335,#9358,.T.);
#9358 = SURFACE_CURVE('',#9359,(#9363,#9370),.PCURVE_S1.);
#9359 = LINE('',#9360,#9361);
#9360 = CARTESIAN_POINT('',(-150.,170.,-220.));
#9361 = VECTOR('',#9362,1.);
#9362 = DIRECTION('',(-0.,1.,0.));
#9363 = PCURVE('',#9210,#9364);
#9364 = DEFINITIONAL_REPRESENTATION('',(#9365),#9369);
#9365 = LINE('',#9366,#9367);
#9366 = CARTESIAN_POINT('',(32.,0.));
#9367 = VECTOR('',#9368,1.);
#9368 = DIRECTION('',(0.,-1.));
#9369 = ( GEOMETRIC_REPRESENTATION_CONTEXT(2) 
PARAMETRIC_REPRESENTATION_CONTEXT() REPRESENTATION_CONTEXT('2D SPACE',''
  ) );
#9370 = PCURVE('',#9184,#9371);
#9371 = DEFINITIONAL_REPRESENTATION('',(#9372),#9376);
#9372 = LINE('',#9373,#9374);
#9373 = CARTESIAN_POINT('',(70.,0.));
#9374 = VECTOR('',#9375,1.);
#9375 = DIRECTION('',(0.,1.));
#9376 = ( GEOMETRIC_REPRESENTATION_CONTEXT(2) 
PARAMETRIC_REPRESENTATION_CONTEXT() REPRESENTATION_CONTEXT('2D SPACE',''
  ) );
#9377 = ADVANCED_FACE('',(#9378,#9426),#9184,.T.);
#9378 = FACE_BOUND('',#9379,.T.);
#9379 = EDGE_LOOP('',(#9380,#9403,#9404,#9405));
#9380 = ORIENTED_EDGE('',*,*,#9381,.F.);
#9381 = EDGE_CURVE('',#9141,#9382,#9384,.T.);
#9382 = VERTEX_POINT('',#9383);
#9383 = CARTESIAN_POINT('',(-220.,240.,-220.));
#9384 = SURFACE_CURVE('',#9385,(#9389,#9396),.PCURVE_S1.);
#9385 = LINE('',#9386,#9387);
#9386 = CARTESIAN_POINT('',(-220.,170.,-220.));
#9387 = VECTOR('',#9388,1.);
#9388 = DIRECTION('',(-0.,1.,0.));
#9389 = PCURVE('',#9184,#9390);
#9390 = DEFINITIONAL_REPRESENTATION('',(#9391),#9395);
#9391 = LINE('',#9392,#9393);
#9392 = CARTESIAN_POINT('',(0.,0.));
#9393 = VECTOR('',#9394,1.);
#9394 = DIRECTION('',(0.,1.));
#9395 = ( GEOMETRIC_REPRESENTATION_CONTEXT(2) 
PARAMETRIC_REPRESENTATION_CONTEXT() REPRESENTATION_CONTEXT('2D SPACE',''
  ) );
#9396 = PCURVE('',#9156,#9397);
#9397 = DEFINITIONAL_REPRESENTATION('',(#9398),#9402);
#9398 = LINE('',#9399,#9400);
#9399 = CARTESIAN_POINT('',(32.,0.));
#9400 = VECTOR('',#9401,1.);
#9401 = DIRECTION('',(0.,-1.));
#9402 = ( GEOMETRIC_REPRESENTATION_CONTEXT(2) 
PARAMETRIC_REPRESENTATION_CONTEXT() REPRESENTATION_CONTEXT('2D SPACE',''
  ) );
#9403 = ORIENTED_EDGE('',*,*,#9168,.T.);
#9404 = ORIENTED_EDGE('',*,*,#9357,.T.);
#9405 = ORIENTED_EDGE('',*,*,#9406,.F.);
#9406 = EDGE_CURVE('',#9382,#9335,#9407,.T.);
#9407 = SURFACE_CURVE('',#9408,(#9412,#9419),.PCURVE_S1.);
#9408 = LINE('',#9409,#9410);
#9409 = CARTESIAN_POINT('',(-220.,240.,-220.));
#9410 = VECTOR('',#9411,1.);
#9411 = DIRECTION('',(1.,0.,-0.));
#9412 = PCURVE('',#9184,#9413);
#9413 = DEFINITIONAL_REPRESENTATION('',(#9414),#9418);
#9414 = LINE('',#9415,#9416);
#9415 = CARTESIAN_POINT('',(0.,70.));
#9416 = VECTOR('',#9417,1.);
#9417 = DIRECTION('',(1.,0.));
#9418 = ( GEOMETRIC_REPRESENTATION_CONTEXT(2) 
PARAMETRIC_REPRESENTATION_CONTEXT() REPRESENTATION_CONTEXT('2D SPACE',''
  ) );
#9419 = PCURVE('',#9286,#9420);
#9420 = DEFINITIONAL_REPRESENTATION('',(#9421),#9425);
#9421 = LINE('',#9422,#9423);
#9422 = CARTESIAN_POINT('',(32.,0.));
#9423 = VECTOR('',#9424,1.);
#9424 = DIRECTION('',(0.,1.));
#9425 = ( GEOMETRIC_REPRESENTATION_CONTEXT(2) 
PARAMETRIC_REPRESENTATION_CONTEXT() REPRESENTATION_CONTEXT('2D SPACE',''
  ) );
#9426 = FACE_BOUND('',#9427,.T.);
#9427 = EDGE_LOOP('',(#9428));
#9428 = ORIENTED_EDGE('',*,*,#9429,.F.);
#9429 = EDGE_CURVE('',#9430,#9430,#9432,.T.);
#9430 = VERTEX_POINT('',#9431);
#9431 = CARTESIAN_POINT('',(-176.,205.,-220.));
#9432 = SURFACE_CURVE('',#9433,(#9438,#9445),.PCURVE_S1.);
#9433 = CIRCLE('',#9434,9.);
#9434 = AXIS2_PLACEMENT_3D('',#9435,#9436,#9437);
#9435 = CARTESIAN_POINT('',(-185.,205.,-220.));
#9436 = DIRECTION('',(0.,0.,1.));
#9437 = DIRECTION('',(1.,0.,-0.));
#9438 = PCURVE('',#9184,#9439);
#9439 = DEFINITIONAL_REPRESENTATION('',(#9440),#9444);
#9440 = CIRCLE('',#9441,9.);
#9441 = AXIS2_PLACEMENT_2D('',#9442,#9443);
#9442 = CARTESIAN_POINT('',(35.,35.));
#9443 = DIRECTION('',(1.,0.));
#9444 = ( GEOMETRIC_REPRESENTATION_CONTEXT(2) 
PARAMETRIC_REPRESENTATION_CONTEXT() REPRESENTATION_CONTEXT('2D SPACE',''
  ) );
#9445 = PCURVE('',#9317,#9446);
#9446 = DEFINITIONAL_REPRESENTATION('',(#9447),#9451);
#9447 = LINE('',#9448,#9449);
#9448 = CARTESIAN_POINT('',(0.,34.));
#9449 = VECTOR('',#9450,1.);
#9450 = DIRECTION('',(1.,0.));
#9451 = ( GEOMETRIC_REPRESENTATION_CONTEXT(2) 
PARAMETRIC_REPRESENTATION_CONTEXT() REPRESENTATION_CONTEXT('2D SPACE',''
  ) );
#9452 = ADVANCED_FACE('',(#9453),#9156,.F.);
#9453 = FACE_BOUND('',#9454,.F.);
#9454 = EDGE_LOOP('',(#9455,#9456,#9457,#9478));
#9455 = ORIENTED_EDGE('',*,*,#9140,.F.);
#9456 = ORIENTED_EDGE('',*,*,#9225,.T.);
#9457 = ORIENTED_EDGE('',*,*,#9458,.T.);
#9458 = EDGE_CURVE('',#9226,#9382,#9459,.T.);
#9459 = SURFACE_CURVE('',#9460,(#9464,#9471),.PCURVE_S1.);
#9460 = LINE('',#9461,#9462);
#9461 = CARTESIAN_POINT('',(-220.,240.,-252.));
#9462 = VECTOR('',#9463,1.);
#9463 = DIRECTION('',(0.,0.,1.));
#9464 = PCURVE('',#9156,#9465);
#9465 = DEFINITIONAL_REPRESENTATION('',(#9466),#9470);
#9466 = LINE('',#9467,#9468);
#9467 = CARTESIAN_POINT('',(0.,-70.));
#9468 = VECTOR('',#9469,1.);
#9469 = DIRECTION('',(1.,0.));
#9470 = ( GEOMETRIC_REPRESENTATION_CONTEXT(2) 
PARAMETRIC_REPRESENTATION_CONTEXT() REPRESENTATION_CONTEXT('2D SPACE',''
  ) );
#9471 = PCURVE('',#9286,#9472);
#9472 = DEFINITIONAL_REPRESENTATION('',(#9473),#9477);
#9473 = LINE('',#9474,#9475);
#9474 = CARTESIAN_POINT('',(0.,0.));
#9475 = VECTOR('',#9476,1.);
#9476 = DIRECTION('',(1.,0.));
#9477 = ( GEOMETRIC_REPRESENTATION_CONTEXT(2) 
PARAMETRIC_REPRESENTATION_CONTEXT() REPRESENTATION_CONTEXT('2D SPACE',''
  ) );
#9478 = ORIENTED_EDGE('',*,*,#9381,.F.);
#9479 = ADVANCED_FACE('',(#9480),#9286,.T.);
#9480 = FACE_BOUND('',#9481,.T.);
#9481 = EDGE_LOOP('',(#9482,#9483,#9484,#9485));
#9482 = ORIENTED_EDGE('',*,*,#9272,.F.);
#9483 = ORIENTED_EDGE('',*,*,#9458,.T.);
#9484 = ORIENTED_EDGE('',*,*,#9406,.T.);
#9485 = ORIENTED_EDGE('',*,*,#9334,.F.);
#9486 = ADVANCED_FACE('',(#9487),#9317,.F.);
#9487 = FACE_BOUND('',#9488,.F.);
#9488 = EDGE_LOOP('',(#9489,#9490,#9511,#9512));
#9489 = ORIENTED_EDGE('',*,*,#9429,.F.);
#9490 = ORIENTED_EDGE('',*,*,#9491,.F.);
#9491 = EDGE_CURVE('',#9301,#9430,#9492,.T.);
#9492 = SEAM_CURVE('',#9493,(#9497,#9504),.PCURVE_S1.);
#9493 = LINE('',#9494,#9495);
#9494 = CARTESIAN_POINT('',(-176.,205.,-254.));
#9495 = VECTOR('',#9496,1.);
#9496 = DIRECTION('',(0.,0.,1.));
#9497 = PCURVE('',#9317,#9498);
#9498 = DEFINITIONAL_REPRESENTATION('',(#9499),#9503);
#9499 = LINE('',#9500,#9501);
#9500 = CARTESIAN_POINT('',(6.28318530718,-0.));
#9501 = VECTOR('',#9502,1.);
#9502 = DIRECTION('',(0.,1.));
#9503 = ( GEOMETRIC_REPRESENTATION_CONTEXT(2) 
PARAMETRIC_REPRESENTATION_CONTEXT() REPRESENTATION_CONTEXT('2D SPACE',''
  ) );
#9504 = PCURVE('',#9317,#9505);
#9505 = DEFINITIONAL_REPRESENTATION('',(#9506),#9510);
#9506 = LINE('',#9507,#9508);
#9507 = CARTESIAN_POINT('',(0.,-0.));
#9508 = VECTOR('',#9509,1.);
#9509 = DIRECTION('',(0.,1.));
#9510 = ( GEOMETRIC_REPRESENTATION_CONTEXT(2) 
PARAMETRIC_REPRESENTATION_CONTEXT() REPRESENTATION_CONTEXT('2D SPACE',''
  ) );
#9511 = ORIENTED_EDGE('',*,*,#9300,.T.);
#9512 = ORIENTED_EDGE('',*,*,#9491,.T.);
#9513 = MANIFOLD_SOLID_BREP('',#9514);
#9514 = CLOSED_SHELL('',(#9515,#9635,#9742,#9791,#9866,#9893,#9900));
#9515 = ADVANCED_FACE('',(#9516),#9530,.F.);
#9516 = FACE_BOUND('',#9517,.F.);
#9517 = EDGE_LOOP('',(#9518,#9553,#9581,#9609));
#9518 = ORIENTED_EDGE('',*,*,#9519,.F.);
#9519 = EDGE_CURVE('',#9520,#9522,#9524,.T.);
#9520 = VERTEX_POINT('',#9521);
#9521 = CARTESIAN_POINT('',(150.,170.,-252.));
#9522 = VERTEX_POINT('',#9523);
#9523 = CARTESIAN_POINT('',(220.,170.,-252.));
#9524 = SURFACE_CURVE('',#9525,(#9529,#9541),.PCURVE_S1.);
#9525 = LINE('',#9526,#9527);
#9526 = CARTESIAN_POINT('',(150.,170.,-252.));
#9527 = VECTOR('',#9528,1.);
#9528 = DIRECTION('',(1.,0.,-0.));
#9529 = PCURVE('',#9530,#9535);
#9530 = PLANE('',#9531);
#9531 = AXIS2_PLACEMENT_3D('',#9532,#9533,#9534);
#9532 = CARTESIAN_POINT('',(150.,170.,-252.));
#9533 = DIRECTION('',(-0.,1.,0.));
#9534 = DIRECTION('',(0.,0.,1.));
#9535 = DEFINITIONAL_REPRESENTATION('',(#9536),#9540);
#9536 = LINE('',#9537,#9538);
#9537 = CARTESIAN_POINT('',(0.,0.));
#9538 = VECTOR('',#9539,1.);
#9539 = DIRECTION('',(0.,1.));
#9540 = ( GEOMETRIC_REPRESENTATION_CONTEXT(2) 
PARAMETRIC_REPRESENTATION_CONTEXT() REPRESENTATION_CONTEXT('2D SPACE',''
  ) );
#9541 = PCURVE('',#9542,#9547);
#9542 = PLANE('',#9543);
#9543 = AXIS2_PLACEMENT_3D('',#9544,#9545,#9546);
#9544 = CARTESIAN_POINT('',(150.,170.,-252.));
#9545 = DIRECTION('',(0.,0.,1.));
#9546 = DIRECTION('',(1.,0.,-0.));
#9547 = DEFINITIONAL_REPRESENTATION('',(#9548),#9552);
#9548 = LINE('',#9549,#9550);
#9549 = CARTESIAN_POINT('',(0.,0.));
#9550 = VECTOR('',#9551,1.);
#9551 = DIRECTION('',(1.,0.));
#9552 = ( GEOMETRIC_REPRESENTATION_CONTEXT(2) 
PARAMETRIC_REPRESENTATION_CONTEXT() REPRESENTATION_CONTEXT('2D SPACE',''
  ) );
#9553 = ORIENTED_EDGE('',*,*,#9554,.T.);
#9554 = EDGE_CURVE('',#9520,#9555,#9557,.T.);
#9555 = VERTEX_POINT('',#9556);
#9556 = CARTESIAN_POINT('',(150.,170.,-220.));
#9557 = SURFACE_CURVE('',#9558,(#9562,#9569),.PCURVE_S1.);
#9558 = LINE('',#9559,#9560);
#9559 = CARTESIAN_POINT('',(150.,170.,-252.));
#9560 = VECTOR('',#9561,1.);
#9561 = DIRECTION('',(0.,0.,1.));
#9562 = PCURVE('',#9530,#9563);
#9563 = DEFINITIONAL_REPRESENTATION('',(#9564),#9568);
#9564 = LINE('',#9565,#9566);
#9565 = CARTESIAN_POINT('',(0.,0.));
#9566 = VECTOR('',#9567,1.);
#9567 = DIRECTION('',(1.,0.));
#9568 = ( GEOMETRIC_REPRESENTATION_CONTEXT(2) 
PARAMETRIC_REPRESENTATION_CONTEXT() REPRESENTATION_CONTEXT('2D SPACE',''
  ) );
#9569 = PCURVE('',#9570,#9575);
#9570 = PLANE('',#9571);
#9571 = AXIS2_PLACEMENT_3D('',#9572,#9573,#9574);
#9572 = CARTESIAN_POINT('',(150.,170.,-252.));
#9573 = DIRECTION('',(1.,0.,-0.));
#9574 = DIRECTION('',(0.,0.,1.));
#9575 = DEFINITIONAL_REPRESENTATION('',(#9576),#9580);
#9576 = LINE('',#9577,#9578);
#9577 = CARTESIAN_POINT('',(0.,0.));
#9578 = VECTOR('',#9579,1.);
#9579 = DIRECTION('',(1.,0.));
#9580 = ( GEOMETRIC_REPRESENTATION_CONTEXT(2) 
PARAMETRIC_REPRESENTATION_CONTEXT() REPRESENTATION_CONTEXT('2D SPACE',''
  ) );
#9581 = ORIENTED_EDGE('',*,*,#9582,.T.);
#9582 = EDGE_CURVE('',#9555,#9583,#9585,.T.);
#9583 = VERTEX_POINT('',#9584);
#9584 = CARTESIAN_POINT('',(220.,170.,-220.));
#9585 = SURFACE_CURVE('',#9586,(#9590,#9597),.PCURVE_S1.);
#9586 = LINE('',#9587,#9588);
#9587 = CARTESIAN_POINT('',(-220.,170.,-220.));
#9588 = VECTOR('',#9589,1.);
#9589 = DIRECTION('',(1.,0.,-0.));
#9590 = PCURVE('',#9530,#9591);
#9591 = DEFINITIONAL_REPRESENTATION('',(#9592),#9596);
#9592 = LINE('',#9593,#9594);
#9593 = CARTESIAN_POINT('',(32.,-370.));
#9594 = VECTOR('',#9595,1.);
#9595 = DIRECTION('',(0.,1.));
#9596 = ( GEOMETRIC_REPRESENTATION_CONTEXT(2) 
PARAMETRIC_REPRESENTATION_CONTEXT() REPRESENTATION_CONTEXT('2D SPACE',''
  ) );
#9597 = PCURVE('',#9598,#9603);
#9598 = PLANE('',#9599);
#9599 = AXIS2_PLACEMENT_3D('',#9600,#9601,#9602);
#9600 = CARTESIAN_POINT('',(150.,170.,-220.));
#9601 = DIRECTION('',(0.,0.,1.));
#9602 = DIRECTION('',(1.,0.,-0.));
#9603 = DEFINITIONAL_REPRESENTATION('',(#9604),#9608);
#9604 = LINE('',#9605,#9606);
#9605 = CARTESIAN_POINT('',(-370.,0.));
#9606 = VECTOR('',#9607,1.);
#9607 = DIRECTION('',(1.,0.));
#9608 = ( GEOMETRIC_REPRESENTATION_CONTEXT(2) 
PARAMETRIC_REPRESENTATION_CONTEXT() REPRESENTATION_CONTEXT('2D SPACE',''
  ) );
#9609 = ORIENTED_EDGE('',*,*,#9610,.F.);
#9610 = EDGE_CURVE('',#9522,#9583,#9611,.T.);
#9611 = SURFACE_CURVE('',#9612,(#9616,#9623),.PCURVE_S1.);
#9612 = LINE('',#9613,#9614);
#9613 = CARTESIAN_POINT('',(220.,170.,-252.));
#9614 = VECTOR('',#9615,1.);
#9615 = DIRECTION('',(0.,0.,1.));
#9616 = PCURVE('',#9530,#9617);
#9617 = DEFINITIONAL_REPRESENTATION('',(#9618),#9622);
#9618 = LINE('',#9619,#9620);
#9619 = CARTESIAN_POINT('',(0.,70.));
#9620 = VECTOR('',#9621,1.);
#9621 = DIRECTION('',(1.,0.));
#9622 = ( GEOMETRIC_REPRESENTATION_CONTEXT(2) 
PARAMETRIC_REPRESENTATION_CONTEXT() REPRESENTATION_CONTEXT('2D SPACE',''
  ) );
#9623 = PCURVE('',#9624,#9629);
#9624 = PLANE('',#9625);
#9625 = AXIS2_PLACEMENT_3D('',#9626,#9627,#9628);
#9626 = CARTESIAN_POINT('',(220.,170.,-252.));
#9627 = DIRECTION('',(1.,0.,-0.));
#9628 = DIRECTION('',(0.,0.,1.));
#9629 = DEFINITIONAL_REPRESENTATION('',(#9630),#9634);
#9630 = LINE('',#9631,#9632);
#9631 = CARTESIAN_POINT('',(0.,0.));
#9632 = VECTOR('',#9633,1.);
#9633 = DIRECTION('',(1.,0.));
#9634 = ( GEOMETRIC_REPRESENTATION_CONTEXT(2) 
PARAMETRIC_REPRESENTATION_CONTEXT() REPRESENTATION_CONTEXT('2D SPACE',''
  ) );
#9635 = ADVANCED_FACE('',(#9636,#9711),#9542,.F.);
#9636 = FACE_BOUND('',#9637,.F.);
#9637 = EDGE_LOOP('',(#9638,#9661,#9662,#9685));
#9638 = ORIENTED_EDGE('',*,*,#9639,.F.);
#9639 = EDGE_CURVE('',#9520,#9640,#9642,.T.);
#9640 = VERTEX_POINT('',#9641);
#9641 = CARTESIAN_POINT('',(150.,240.,-252.));
#9642 = SURFACE_CURVE('',#9643,(#9647,#9654),.PCURVE_S1.);
#9643 = LINE('',#9644,#9645);
#9644 = CARTESIAN_POINT('',(150.,170.,-252.));
#9645 = VECTOR('',#9646,1.);
#9646 = DIRECTION('',(-0.,1.,0.));
#9647 = PCURVE('',#9542,#9648);
#9648 = DEFINITIONAL_REPRESENTATION('',(#9649),#9653);
#9649 = LINE('',#9650,#9651);
#9650 = CARTESIAN_POINT('',(0.,0.));
#9651 = VECTOR('',#9652,1.);
#9652 = DIRECTION('',(0.,1.));
#9653 = ( GEOMETRIC_REPRESENTATION_CONTEXT(2) 
PARAMETRIC_REPRESENTATION_CONTEXT() REPRESENTATION_CONTEXT('2D SPACE',''
  ) );
#9654 = PCURVE('',#9570,#9655);
#9655 = DEFINITIONAL_REPRESENTATION('',(#9656),#9660);
#9656 = LINE('',#9657,#9658);
#9657 = CARTESIAN_POINT('',(0.,0.));
#9658 = VECTOR('',#9659,1.);
#9659 = DIRECTION('',(0.,-1.));
#9660 = ( GEOMETRIC_REPRESENTATION_CONTEXT(2) 
PARAMETRIC_REPRESENTATION_CONTEXT() REPRESENTATION_CONTEXT('2D SPACE',''
  ) );
#9661 = ORIENTED_EDGE('',*,*,#9519,.T.);
#9662 = ORIENTED_EDGE('',*,*,#9663,.T.);
#9663 = EDGE_CURVE('',#9522,#9664,#9666,.T.);
#9664 = VERTEX_POINT('',#9665);
#9665 = CARTESIAN_POINT('',(220.,240.,-252.));
#9666 = SURFACE_CURVE('',#9667,(#9671,#9678),.PCURVE_S1.);
#9667 = LINE('',#9668,#9669);
#9668 = CARTESIAN_POINT('',(220.,170.,-252.));
#9669 = VECTOR('',#9670,1.);
#9670 = DIRECTION('',(-0.,1.,0.));
#9671 = PCURVE('',#9542,#9672);
#9672 = DEFINITIONAL_REPRESENTATION('',(#9673),#9677);
#9673 = LINE('',#9674,#9675);
#9674 = CARTESIAN_POINT('',(70.,0.));
#9675 = VECTOR('',#9676,1.);
#9676 = DIRECTION('',(0.,1.));
#9677 = ( GEOMETRIC_REPRESENTATION_CONTEXT(2) 
PARAMETRIC_REPRESENTATION_CONTEXT() REPRESENTATION_CONTEXT('2D SPACE',''
  ) );
#9678 = PCURVE('',#9624,#9679);
#9679 = DEFINITIONAL_REPRESENTATION('',(#9680),#9684);
#9680 = LINE('',#9681,#9682);
#9681 = CARTESIAN_POINT('',(0.,0.));
#9682 = VECTOR('',#9683,1.);
#9683 = DIRECTION('',(0.,-1.));
#9684 = ( GEOMETRIC_REPRESENTATION_CONTEXT(2) 
PARAMETRIC_REPRESENTATION_CONTEXT() REPRESENTATION_CONTEXT('2D SPACE',''
  ) );
#9685 = ORIENTED_EDGE('',*,*,#9686,.F.);
#9686 = EDGE_CURVE('',#9640,#9664,#9687,.T.);
#9687 = SURFACE_CURVE('',#9688,(#9692,#9699),.PCURVE_S1.);
#9688 = LINE('',#9689,#9690);
#9689 = CARTESIAN_POINT('',(150.,240.,-252.));
#9690 = VECTOR('',#9691,1.);
#9691 = DIRECTION('',(1.,0.,-0.));
#9692 = PCURVE('',#9542,#9693);
#9693 = DEFINITIONAL_REPRESENTATION('',(#9694),#9698);
#9694 = LINE('',#9695,#9696);
#9695 = CARTESIAN_POINT('',(0.,70.));
#9696 = VECTOR('',#9697,1.);
#9697 = DIRECTION('',(1.,0.));
#9698 = ( GEOMETRIC_REPRESENTATION_CONTEXT(2) 
PARAMETRIC_REPRESENTATION_CONTEXT() REPRESENTATION_CONTEXT('2D SPACE',''
  ) );
#9699 = PCURVE('',#9700,#9705);
#9700 = PLANE('',#9701);
#9701 = AXIS2_PLACEMENT_3D('',#9702,#9703,#9704);
#9702 = CARTESIAN_POINT('',(150.,240.,-252.));
#9703 = DIRECTION('',(-0.,1.,0.));
#9704 = DIRECTION('',(0.,0.,1.));
#9705 = DEFINITIONAL_REPRESENTATION('',(#9706),#9710);
#9706 = LINE('',#9707,#9708);
#9707 = CARTESIAN_POINT('',(0.,0.));
#9708 = VECTOR('',#9709,1.);
#9709 = DIRECTION('',(0.,1.));
#9710 = ( GEOMETRIC_REPRESENTATION_CONTEXT(2) 
PARAMETRIC_REPRESENTATION_CONTEXT() REPRESENTATION_CONTEXT('2D SPACE',''
  ) );
#9711 = FACE_BOUND('',#9712,.F.);
#9712 = EDGE_LOOP('',(#9713));
#9713 = ORIENTED_EDGE('',*,*,#9714,.F.);
#9714 = EDGE_CURVE('',#9715,#9715,#9717,.T.);
#9715 = VERTEX_POINT('',#9716);
#9716 = CARTESIAN_POINT('',(194.,205.,-252.));
#9717 = SURFACE_CURVE('',#9718,(#9723,#9730),.PCURVE_S1.);
#9718 = CIRCLE('',#9719,9.);
#9719 = AXIS2_PLACEMENT_3D('',#9720,#9721,#9722);
#9720 = CARTESIAN_POINT('',(185.,205.,-252.));
#9721 = DIRECTION('',(0.,0.,1.));
#9722 = DIRECTION('',(1.,0.,-0.));
#9723 = PCURVE('',#9542,#9724);
#9724 = DEFINITIONAL_REPRESENTATION('',(#9725),#9729);
#9725 = CIRCLE('',#9726,9.);
#9726 = AXIS2_PLACEMENT_2D('',#9727,#9728);
#9727 = CARTESIAN_POINT('',(35.,35.));
#9728 = DIRECTION('',(1.,0.));
#9729 = ( GEOMETRIC_REPRESENTATION_CONTEXT(2) 
PARAMETRIC_REPRESENTATION_CONTEXT() REPRESENTATION_CONTEXT('2D SPACE',''
  ) );
#9730 = PCURVE('',#9731,#9736);
#9731 = CYLINDRICAL_SURFACE('',#9732,9.);
#9732 = AXIS2_PLACEMENT_3D('',#9733,#9734,#9735);
#9733 = CARTESIAN_POINT('',(185.,205.,-254.));
#9734 = DIRECTION('',(0.,0.,1.));
#9735 = DIRECTION('',(1.,0.,-0.));
#9736 = DEFINITIONAL_REPRESENTATION('',(#9737),#9741);
#9737 = LINE('',#9738,#9739);
#9738 = CARTESIAN_POINT('',(0.,2.));
#9739 = VECTOR('',#9740,1.);
#9740 = DIRECTION('',(1.,0.));
#9741 = ( GEOMETRIC_REPRESENTATION_CONTEXT(2) 
PARAMETRIC_REPRESENTATION_CONTEXT() REPRESENTATION_CONTEXT('2D SPACE',''
  ) );
#9742 = ADVANCED_FACE('',(#9743),#9624,.T.);
#9743 = FACE_BOUND('',#9744,.T.);
#9744 = EDGE_LOOP('',(#9745,#9746,#9747,#9770));
#9745 = ORIENTED_EDGE('',*,*,#9610,.F.);
#9746 = ORIENTED_EDGE('',*,*,#9663,.T.);
#9747 = ORIENTED_EDGE('',*,*,#9748,.T.);
#9748 = EDGE_CURVE('',#9664,#9749,#9751,.T.);
#9749 = VERTEX_POINT('',#9750);
#9750 = CARTESIAN_POINT('',(220.,240.,-220.));
#9751 = SURFACE_CURVE('',#9752,(#9756,#9763),.PCURVE_S1.);
#9752 = LINE('',#9753,#9754);
#9753 = CARTESIAN_POINT('',(220.,240.,-252.));
#9754 = VECTOR('',#9755,1.);
#9755 = DIRECTION('',(0.,0.,1.));
#9756 = PCURVE('',#9624,#9757);
#9757 = DEFINITIONAL_REPRESENTATION('',(#9758),#9762);
#9758 = LINE('',#9759,#9760);
#9759 = CARTESIAN_POINT('',(0.,-70.));
#9760 = VECTOR('',#9761,1.);
#9761 = DIRECTION('',(1.,0.));
#9762 = ( GEOMETRIC_REPRESENTATION_CONTEXT(2) 
PARAMETRIC_REPRESENTATION_CONTEXT() REPRESENTATION_CONTEXT('2D SPACE',''
  ) );
#9763 = PCURVE('',#9700,#9764);
#9764 = DEFINITIONAL_REPRESENTATION('',(#9765),#9769);
#9765 = LINE('',#9766,#9767);
#9766 = CARTESIAN_POINT('',(0.,70.));
#9767 = VECTOR('',#9768,1.);
#9768 = DIRECTION('',(1.,0.));
#9769 = ( GEOMETRIC_REPRESENTATION_CONTEXT(2) 
PARAMETRIC_REPRESENTATION_CONTEXT() REPRESENTATION_CONTEXT('2D SPACE',''
  ) );
#9770 = ORIENTED_EDGE('',*,*,#9771,.F.);
#9771 = EDGE_CURVE('',#9583,#9749,#9772,.T.);
#9772 = SURFACE_CURVE('',#9773,(#9777,#9784),.PCURVE_S1.);
#9773 = LINE('',#9774,#9775);
#9774 = CARTESIAN_POINT('',(220.,170.,-220.));
#9775 = VECTOR('',#9776,1.);
#9776 = DIRECTION('',(-0.,1.,0.));
#9777 = PCURVE('',#9624,#9778);
#9778 = DEFINITIONAL_REPRESENTATION('',(#9779),#9783);
#9779 = LINE('',#9780,#9781);
#9780 = CARTESIAN_POINT('',(32.,0.));
#9781 = VECTOR('',#9782,1.);
#9782 = DIRECTION('',(0.,-1.));
#9783 = ( GEOMETRIC_REPRESENTATION_CONTEXT(2) 
PARAMETRIC_REPRESENTATION_CONTEXT() REPRESENTATION_CONTEXT('2D SPACE',''
  ) );
#9784 = PCURVE('',#9598,#9785);
#9785 = DEFINITIONAL_REPRESENTATION('',(#9786),#9790);
#9786 = LINE('',#9787,#9788);
#9787 = CARTESIAN_POINT('',(70.,0.));
#9788 = VECTOR('',#9789,1.);
#9789 = DIRECTION('',(0.,1.));
#9790 = ( GEOMETRIC_REPRESENTATION_CONTEXT(2) 
PARAMETRIC_REPRESENTATION_CONTEXT() REPRESENTATION_CONTEXT('2D SPACE',''
  ) );
#9791 = ADVANCED_FACE('',(#9792,#9840),#9598,.T.);
#9792 = FACE_BOUND('',#9793,.T.);
#9793 = EDGE_LOOP('',(#9794,#9817,#9818,#9819));
#9794 = ORIENTED_EDGE('',*,*,#9795,.F.);
#9795 = EDGE_CURVE('',#9555,#9796,#9798,.T.);
#9796 = VERTEX_POINT('',#9797);
#9797 = CARTESIAN_POINT('',(150.,240.,-220.));
#9798 = SURFACE_CURVE('',#9799,(#9803,#9810),.PCURVE_S1.);
#9799 = LINE('',#9800,#9801);
#9800 = CARTESIAN_POINT('',(150.,170.,-220.));
#9801 = VECTOR('',#9802,1.);
#9802 = DIRECTION('',(-0.,1.,0.));
#9803 = PCURVE('',#9598,#9804);
#9804 = DEFINITIONAL_REPRESENTATION('',(#9805),#9809);
#9805 = LINE('',#9806,#9807);
#9806 = CARTESIAN_POINT('',(0.,0.));
#9807 = VECTOR('',#9808,1.);
#9808 = DIRECTION('',(0.,1.));
#9809 = ( GEOMETRIC_REPRESENTATION_CONTEXT(2) 
PARAMETRIC_REPRESENTATION_CONTEXT() REPRESENTATION_CONTEXT('2D SPACE',''
  ) );
#9810 = PCURVE('',#9570,#9811);
#9811 = DEFINITIONAL_REPRESENTATION('',(#9812),#9816);
#9812 = LINE('',#9813,#9814);
#9813 = CARTESIAN_POINT('',(32.,0.));
#9814 = VECTOR('',#9815,1.);
#9815 = DIRECTION('',(0.,-1.));
#9816 = ( GEOMETRIC_REPRESENTATION_CONTEXT(2) 
PARAMETRIC_REPRESENTATION_CONTEXT() REPRESENTATION_CONTEXT('2D SPACE',''
  ) );
#9817 = ORIENTED_EDGE('',*,*,#9582,.T.);
#9818 = ORIENTED_EDGE('',*,*,#9771,.T.);
#9819 = ORIENTED_EDGE('',*,*,#9820,.F.);
#9820 = EDGE_CURVE('',#9796,#9749,#9821,.T.);
#9821 = SURFACE_CURVE('',#9822,(#9826,#9833),.PCURVE_S1.);
#9822 = LINE('',#9823,#9824);
#9823 = CARTESIAN_POINT('',(150.,240.,-220.));
#9824 = VECTOR('',#9825,1.);
#9825 = DIRECTION('',(1.,0.,-0.));
#9826 = PCURVE('',#9598,#9827);
#9827 = DEFINITIONAL_REPRESENTATION('',(#9828),#9832);
#9828 = LINE('',#9829,#9830);
#9829 = CARTESIAN_POINT('',(0.,70.));
#9830 = VECTOR('',#9831,1.);
#9831 = DIRECTION('',(1.,0.));
#9832 = ( GEOMETRIC_REPRESENTATION_CONTEXT(2) 
PARAMETRIC_REPRESENTATION_CONTEXT() REPRESENTATION_CONTEXT('2D SPACE',''
  ) );
#9833 = PCURVE('',#9700,#9834);
#9834 = DEFINITIONAL_REPRESENTATION('',(#9835),#9839);
#9835 = LINE('',#9836,#9837);
#9836 = CARTESIAN_POINT('',(32.,0.));
#9837 = VECTOR('',#9838,1.);
#9838 = DIRECTION('',(0.,1.));
#9839 = ( GEOMETRIC_REPRESENTATION_CONTEXT(2) 
PARAMETRIC_REPRESENTATION_CONTEXT() REPRESENTATION_CONTEXT('2D SPACE',''
  ) );
#9840 = FACE_BOUND('',#9841,.T.);
#9841 = EDGE_LOOP('',(#9842));
#9842 = ORIENTED_EDGE('',*,*,#9843,.F.);
#9843 = EDGE_CURVE('',#9844,#9844,#9846,.T.);
#9844 = VERTEX_POINT('',#9845);
#9845 = CARTESIAN_POINT('',(194.,205.,-220.));
#9846 = SURFACE_CURVE('',#9847,(#9852,#9859),.PCURVE_S1.);
#9847 = CIRCLE('',#9848,9.);
#9848 = AXIS2_PLACEMENT_3D('',#9849,#9850,#9851);
#9849 = CARTESIAN_POINT('',(185.,205.,-220.));
#9850 = DIRECTION('',(0.,0.,1.));
#9851 = DIRECTION('',(1.,0.,-0.));
#9852 = PCURVE('',#9598,#9853);
#9853 = DEFINITIONAL_REPRESENTATION('',(#9854),#9858);
#9854 = CIRCLE('',#9855,9.);
#9855 = AXIS2_PLACEMENT_2D('',#9856,#9857);
#9856 = CARTESIAN_POINT('',(35.,35.));
#9857 = DIRECTION('',(1.,0.));
#9858 = ( GEOMETRIC_REPRESENTATION_CONTEXT(2) 
PARAMETRIC_REPRESENTATION_CONTEXT() REPRESENTATION_CONTEXT('2D SPACE',''
  ) );
#9859 = PCURVE('',#9731,#9860);
#9860 = DEFINITIONAL_REPRESENTATION('',(#9861),#9865);
#9861 = LINE('',#9862,#9863);
#9862 = CARTESIAN_POINT('',(0.,34.));
#9863 = VECTOR('',#9864,1.);
#9864 = DIRECTION('',(1.,0.));
#9865 = ( GEOMETRIC_REPRESENTATION_CONTEXT(2) 
PARAMETRIC_REPRESENTATION_CONTEXT() REPRESENTATION_CONTEXT('2D SPACE',''
  ) );
#9866 = ADVANCED_FACE('',(#9867),#9570,.F.);
#9867 = FACE_BOUND('',#9868,.F.);
#9868 = EDGE_LOOP('',(#9869,#9870,#9871,#9892));
#9869 = ORIENTED_EDGE('',*,*,#9554,.F.);
#9870 = ORIENTED_EDGE('',*,*,#9639,.T.);
#9871 = ORIENTED_EDGE('',*,*,#9872,.T.);
#9872 = EDGE_CURVE('',#9640,#9796,#9873,.T.);
#9873 = SURFACE_CURVE('',#9874,(#9878,#9885),.PCURVE_S1.);
#9874 = LINE('',#9875,#9876);
#9875 = CARTESIAN_POINT('',(150.,240.,-252.));
#9876 = VECTOR('',#9877,1.);
#9877 = DIRECTION('',(0.,0.,1.));
#9878 = PCURVE('',#9570,#9879);
#9879 = DEFINITIONAL_REPRESENTATION('',(#9880),#9884);
#9880 = LINE('',#9881,#9882);
#9881 = CARTESIAN_POINT('',(0.,-70.));
#9882 = VECTOR('',#9883,1.);
#9883 = DIRECTION('',(1.,0.));
#9884 = ( GEOMETRIC_REPRESENTATION_CONTEXT(2) 
PARAMETRIC_REPRESENTATION_CONTEXT() REPRESENTATION_CONTEXT('2D SPACE',''
  ) );
#9885 = PCURVE('',#9700,#9886);
#9886 = DEFINITIONAL_REPRESENTATION('',(#9887),#9891);
#9887 = LINE('',#9888,#9889);
#9888 = CARTESIAN_POINT('',(0.,0.));
#9889 = VECTOR('',#9890,1.);
#9890 = DIRECTION('',(1.,0.));
#9891 = ( GEOMETRIC_REPRESENTATION_CONTEXT(2) 
PARAMETRIC_REPRESENTATION_CONTEXT() REPRESENTATION_CONTEXT('2D SPACE',''
  ) );
#9892 = ORIENTED_EDGE('',*,*,#9795,.F.);
#9893 = ADVANCED_FACE('',(#9894),#9700,.T.);
#9894 = FACE_BOUND('',#9895,.T.);
#9895 = EDGE_LOOP('',(#9896,#9897,#9898,#9899));
#9896 = ORIENTED_EDGE('',*,*,#9686,.F.);
#9897 = ORIENTED_EDGE('',*,*,#9872,.T.);
#9898 = ORIENTED_EDGE('',*,*,#9820,.T.);
#9899 = ORIENTED_EDGE('',*,*,#9748,.F.);
#9900 = ADVANCED_FACE('',(#9901),#9731,.F.);
#9901 = FACE_BOUND('',#9902,.F.);
#9902 = EDGE_LOOP('',(#9903,#9904,#9925,#9926));
#9903 = ORIENTED_EDGE('',*,*,#9843,.F.);
#9904 = ORIENTED_EDGE('',*,*,#9905,.F.);
#9905 = EDGE_CURVE('',#9715,#9844,#9906,.T.);
#9906 = SEAM_CURVE('',#9907,(#9911,#9918),.PCURVE_S1.);
#9907 = LINE('',#9908,#9909);
#9908 = CARTESIAN_POINT('',(194.,205.,-254.));
#9909 = VECTOR('',#9910,1.);
#9910 = DIRECTION('',(0.,0.,1.));
#9911 = PCURVE('',#9731,#9912);
#9912 = DEFINITIONAL_REPRESENTATION('',(#9913),#9917);
#9913 = LINE('',#9914,#9915);
#9914 = CARTESIAN_POINT('',(6.28318530718,-0.));
#9915 = VECTOR('',#9916,1.);
#9916 = DIRECTION('',(0.,1.));
#9917 = ( GEOMETRIC_REPRESENTATION_CONTEXT(2) 
PARAMETRIC_REPRESENTATION_CONTEXT() REPRESENTATION_CONTEXT('2D SPACE',''
  ) );
#9918 = PCURVE('',#9731,#9919);
#9919 = DEFINITIONAL_REPRESENTATION('',(#9920),#9924);
#9920 = LINE('',#9921,#9922);
#9921 = CARTESIAN_POINT('',(0.,-0.));
#9922 = VECTOR('',#9923,1.);
#9923 = DIRECTION('',(0.,1.));
#9924 = ( GEOMETRIC_REPRESENTATION_CONTEXT(2) 
PARAMETRIC_REPRESENTATION_CONTEXT() REPRESENTATION_CONTEXT('2D SPACE',''
  ) );
#9925 = ORIENTED_EDGE('',*,*,#9714,.T.);
#9926 = ORIENTED_EDGE('',*,*,#9905,.T.);
#9927 = ( GEOMETRIC_REPRESENTATION_CONTEXT(3) 
GLOBAL_UNCERTAINTY_ASSIGNED_CONTEXT((#9931)) 
GLOBAL_UNIT_ASSIGNED_CONTEXT((#9928,#9929,#9930)) REPRESENTATION_CONTEXT
('Context #1','3D Context with UNIT and UNCERTAINTY') );
#9928 = ( LENGTH_UNIT() NAMED_UNIT(*) SI_UNIT(.MILLI.,.METRE.) );
#9929 = ( NAMED_UNIT(*) PLANE_ANGLE_UNIT() SI_UNIT($,.RADIAN.) );
#9930 = ( NAMED_UNIT(*) SI_UNIT($,.STERADIAN.) SOLID_ANGLE_UNIT() );
#9931 = UNCERTAINTY_MEASURE_WITH_UNIT(LENGTH_MEASURE(2.E-07),#9928,
  'distance_accuracy_value','confusion accuracy');
#9932 = PRODUCT_RELATED_PRODUCT_CATEGORY('part',$,(#7));
#9933 = MECHANICAL_DESIGN_GEOMETRIC_PRESENTATION_REPRESENTATION('',(
    #9934,#9942,#9949,#9956,#9963),#9927);
#9934 = STYLED_ITEM('color',(#9935),#15);
#9935 = PRESENTATION_STYLE_ASSIGNMENT((#9936));
#9936 = SURFACE_STYLE_USAGE(.BOTH.,#9937);
#9937 = SURFACE_SIDE_STYLE('',(#9938));
#9938 = SURFACE_STYLE_FILL_AREA(#9939);
#9939 = FILL_AREA_STYLE('',(#9940));
#9940 = FILL_AREA_STYLE_COLOUR('',#9941);
#9941 = COLOUR_RGB('',0.104616486901,0.132868321781,0.17144109935);
#9942 = STYLED_ITEM('color',(#9943),#8271);
#9943 = PRESENTATION_STYLE_ASSIGNMENT((#9944));
#9944 = SURFACE_STYLE_USAGE(.BOTH.,#9945);
#9945 = SURFACE_SIDE_STYLE('',(#9946));
#9946 = SURFACE_STYLE_FILL_AREA(#9947);
#9947 = FILL_AREA_STYLE('',(#9948));
#9948 = FILL_AREA_STYLE_COLOUR('',#9941);
#9949 = STYLED_ITEM('color',(#9950),#8685);
#9950 = PRESENTATION_STYLE_ASSIGNMENT((#9951));
#9951 = SURFACE_STYLE_USAGE(.BOTH.,#9952);
#9952 = SURFACE_SIDE_STYLE('',(#9953));
#9953 = SURFACE_STYLE_FILL_AREA(#9954);
#9954 = FILL_AREA_STYLE('',(#9955));
#9955 = FILL_AREA_STYLE_COLOUR('',#9941);
#9956 = STYLED_ITEM('color',(#9957),#9099);
#9957 = PRESENTATION_STYLE_ASSIGNMENT((#9958));
#9958 = SURFACE_STYLE_USAGE(.BOTH.,#9959);
#9959 = SURFACE_SIDE_STYLE('',(#9960));
#9960 = SURFACE_STYLE_FILL_AREA(#9961);
#9961 = FILL_AREA_STYLE('',(#9962));
#9962 = FILL_AREA_STYLE_COLOUR('',#9941);
#9963 = STYLED_ITEM('color',(#9964),#9513);
#9964 = PRESENTATION_STYLE_ASSIGNMENT((#9965));
#9965 = SURFACE_STYLE_USAGE(.BOTH.,#9966);
#9966 = SURFACE_SIDE_STYLE('',(#9967));
#9967 = SURFACE_STYLE_FILL_AREA(#9968);
#9968 = FILL_AREA_STYLE('',(#9969));
#9969 = FILL_AREA_STYLE_COLOUR('',#9941);

#9970=DESCRIPTIVE_REPRESENTATION_ITEM('cadgen:generator','cadgen');
#9971=REPRESENTATION('cadgen:generator',(#9970),#9927);
#9972=PROPERTY_DEFINITION('cadgen metadata','cadgen:generator',#5);
#9973=PROPERTY_DEFINITION_REPRESENTATION(#9972,#9971);
#9974=DESCRIPTIVE_REPRESENTATION_ITEM('cadgen:entryKind','assembly');
#9975=REPRESENTATION('cadgen:entryKind',(#9974),#9927);
#9976=PROPERTY_DEFINITION('cadgen metadata','cadgen:entryKind',#5);
#9977=PROPERTY_DEFINITION_REPRESENTATION(#9976,#9975);
#9978=DESCRIPTIVE_REPRESENTATION_ITEM('cadgen:sourcePath','base.step.py');
#9979=REPRESENTATION('cadgen:sourcePath',(#9978),#9927);
#9980=PROPERTY_DEFINITION('cadgen metadata','cadgen:sourcePath',#5);
#9981=PROPERTY_DEFINITION_REPRESENTATION(#9980,#9979);
#9982=DESCRIPTIVE_REPRESENTATION_ITEM('cadgen:sourceHash','351ba5f4f8167003e67e78d7c431c8d38a8024471832ebaf5a426fc25866cb04');
#9983=REPRESENTATION('cadgen:sourceHash',(#9982),#9927);
#9984=PROPERTY_DEFINITION('cadgen metadata','cadgen:sourceHash',#5);
#9985=PROPERTY_DEFINITION_REPRESENTATION(#9984,#9983);
ENDSEC;
END-ISO-10303-21;
